protein_id	m0_r1	m0_r2	m0_r3	m1_r1	m1_r2	m1_r3	m2_r1	m2_r2	m2_r3
"P00366"	NA	NA	NA	NA	NA	NA	NA	NA	NA
"P00761"	4642886100	4724658700	4569273900	6452012000	6763977200	6546891300	4322051100	3959450370	4063678720
"P02662"	NA	NA	NA	NA	NA	NA	NA	NA	NA
"P02769"	679415170	692106560	673190020	694334460	634438020	624849470	349868064	361426368	333991904
"A0A024RBG1"	NA	NA	NA	NA	NA	NA	NA	NA	NA
"A0A0B4J2D5"	56197648	60825832	59926520	53593248	57358352	56881344	56108276	54542412	52698848
"A0A0U1RRE5"	NA	NA	NA	NA	NA	NA	NA	NA	NA
"A0A0U1RRL7"	NA	NA	NA	7356069.5	12574294	10673963	NA	NA	4625303.5
"A0A1B0GUW6"	NA	6746747.5	NA	11239309	9041207	8359482.5	8762120	11378187	9748963
"A0A2R8Y4L2"	NA	NA	NA	NA	NA	NA	NA	NA	NA
"A0A3B3IU46"	5526182	5276635	4137653.2	NA	NA	NA	NA	4525146	NA
"A0AV96"	28832838	32676554	32450690	53216724	56196152	52508028	33129434	33998556	32226200
"A0AVT1"	42820696	45663172	43040296	78388856	79380496	78237848	49080172	48420008	50022668
"A0FGR8"	48725548	47833552	47970036	36653964	36727248	35162396	37038276	40021680	39244084
"A0JLT2"	10978302	6182867	8033978	NA	NA	NA	NA	NA	NA
"A0JNW5"	11312390	16245561	12694428	8084607.5	12028740	NA	11502344	11303817	13619491
"A0MZ66"	17634576	16514276	12556093	13539243	13440912	15906724	9717449	11871249	10420091
"A0PJW6"	NA	NA	NA	NA	NA	NA	NA	NA	NA
"A1A4S6"	6881791	4012468	6104669	12170515	12128721	9524131	15368368	15391039	16310226
"A1L0T0"	20438292	23912624	18830334	24459066	29158446	24612072	23325012	24649358	28391412
"A1L3X0"	NA	NA	NA	NA	4079411.5	5672276.5	NA	NA	NA
"A1L4H1"	NA	NA	NA	NA	NA	NA	NA	NA	NA
"A1X283"	NA	NA	NA	9869661	7073080.5	9389687	NA	6201824.5	NA
"A2A288"	NA	1990257.4	1855235	NA	NA	NA	NA	NA	NA
"A2RRD8"	NA	NA	NA	NA	NA	NA	NA	NA	NA
"A2RRP1"	1131577	NA	NA	3828919.8	NA	NA	1332176.6	760354.7	1531085.8
"A2RTX5"	NA	NA	NA	NA	NA	NA	NA	NA	NA
"A2RU67"	NA	NA	1889179.8	NA	NA	NA	1925474.5	NA	NA
"A2RUS2"	6559049.5	6507840	6547174	5989702.5	3920770	3460507	1510467.1	2410072	3100761.2
"A2VDF0"	1359116.9	1608458.8	1212809.9	1351265.4	1321136.1	NA	497278.72	NA	1573762.6
"A3KMH1"	NA	1251254.5	1081759.1	NA	NA	2417403.5	1801713.1	NA	3219947.5
"A3KN83"	4038975	3942440.8	3976361.2	NA	NA	NA	NA	NA	NA
"A4D1E9"	NA	6224361	6620937	NA	NA	NA	NA	NA	NA
"A4D1P6"	8407078	6766286.5	7536524	5578930	7772865.5	5619755.5	5574362.5	7931061	6240720.5
"A4UGR9"	NA	NA	NA	NA	NA	NA	NA	NA	NA
"A5A3E0"	NA	NA	NA	NA	NA	NA	NA	NA	NA
"A5D8V6"	6651547	6515163.5	2678132	NA	NA	7658537.5	NA	NA	NA
"A5PLL7"	7105346.5	NA	NA	14269169	15594394	16711062	14235129	16664454	18178280
"A5PLN9"	11993841	3531103	6768803.5	3247482.5	10825859	6497160	2858762.2	17007852	NA
"A5YKK6"	34439044	32728830	33736104	24445084	30767074	30038142	29042896	26891924	30029286
"A6NC86"	NA	NA	5973374.5	27751282	29694550	25943536	18117144	21311916	17015730
"A6NC98"	28665218	46491224	36240684	18488504	28749992	29376532	9190398	16063769	7529054.5
"A6NCC3"	4091956	4923076.5	4848531.5	NA	NA	NA	1954252.2	NA	NA
"A6NCE7"	7331839.5	6024398	6588574	13124828	12559707	11194172	18906862	17931338	15118414
"A6NDG6"	53821780	56408808	52197376	40430672	42674740	44205456	41166692	42174300	41881704
"A6NDU8"	9988239	8400257	8136230	15917973	15082740	14518100	11447988	11696532	14535124
"A6NED2"	NA	NA	NA	NA	NA	NA	NA	NA	NA
"A6NFI3"	7963449	8356236.5	7474380	NA	NA	NA	NA	NA	NA
"A6NHL2"	11398251	12955658	15091041	5421126	NA	NA	5629227	5570595.5	NA
"A6NHR9"	18449934	17701228	19017298	18492986	23982682	19644812	13408250	11449155	14529047
"A6NIH7"	NA	NA	2381274.5	NA	NA	5733314	NA	NA	7133228.5
"A6NIZ1"	NA	NA	NA	NA	NA	NA	NA	NA	NA
"A6NJ78"	NA	NA	NA	NA	NA	NA	NA	NA	NA
"A6NJG2"	4450591.5	4743144.5	2236455	NA	NA	NA	NA	NA	NA
"A6NK06"	NA	NA	NA	71107424	75246872	70167128	NA	NA	NA
"A7MCY6"	NA	NA	NA	NA	NA	NA	NA	NA	NA
"A8CG34"	15575183	18466506	6412331.5	NA	3957172.8	NA	7132958	7525198.5	6344888.5
"A8MPS7"	NA	NA	NA	NA	NA	NA	NA	NA	NA
"A8MTL9"	2457457.5	2298683.2	5340623	3931172.5	5313601	4610212	521929.2	4967073.5	NA
"A8MWD9"	112826568	120085632	108118736	31814282	64125148	55106588	55289352	58500224	61485092
"A8MXV4"	1675789.5	1583094.4	636359.6	3779411.2	4343024.5	4084032	6989394	4743273.5	4326166
"B0I1T2"	29715744	29196798	29175606	42639196	38828780	44328128	27257084	25356392	27887954
"B1AK53"	NA	NA	NA	NA	NA	NA	NA	NA	NA
"B7ZAP0"	NA	NA	NA	NA	NA	NA	5785441.5	3902067.5	7063936
"B7ZAQ6"	4777183.5	4637471	4940739	6480299	7384735.5	3248358.2	5902733	5432284.5	7124582.5
"B7ZBB8"	2465605	3000800.8	3072964.8	1129114.8	NA	NA	NA	NA	NA
"B7ZW38"	NA	NA	NA	NA	NA	NA	NA	NA	NA
"C4AMC7"	23196108	29567532	25449550	25009286	19897224	11677466	20943154	17741492	10885082
"C9J798"	4919411.5	4144554	1915968	NA	NA	3371109	4647886.5	NA	3441189.8
"C9J7I0"	4023970.8	NA	4391119	NA	NA	NA	NA	NA	NA
"C9JLW8"	9775216	15111562	4569052	10613301	13202064	19771208	NA	NA	8690745
"E9PAV3"	435926368	468537120	477345376	279894560	250109712	286752288	278146560	291229760	276297920
"E9PRG8"	27982018	NA	12942255	14371459	NA	NA	19446046	14309594	20929336
"G9CGD6"	2771725	NA	3608321.2	NA	NA	NA	NA	NA	NA
"L0R6Q1"	14019129	15650345	10886300	19878880	19904616	25439898	20063990	20134404	14714947
"L0R819"	2623355.2	3099274	NA	NA	NA	NA	14338169	15987026	15542887
"O00115"	27905300	27490302	29477802	9291904	13487635	9261059	11349236	14181600	11283183
"O00116"	63791036	59265988	60169732	58655464	58822844	55433768	49814512	49434504	48419160
"O00124"	NA	NA	NA	NA	NA	NA	NA	NA	NA
"O00139"	19284840	22107548	25759724	21449032	23781724	26651080	27814020	28590372	27806440
"O00148"	58150968	58879216	63000432	51688484	55793896	57459940	51665208	53884432	51402372
"O00151"	46659136	49017800	44360596	18901904	18962144	21620212	13474232	12821185	13239562
"O00154"	29414984	32661842	32449600	20131428	19060716	21266078	27077754	27761624	28641320
"O00159"	9296407	8644794	9128556	15347507	15257309	13475510	11022698	11409657	9927987
"O00160"	83303104	79538040	83382752	94330392	91295736	96056520	111473232	108263288	109217592
"O00161"	40347676	44178764	43522276	24928432	28709056	26129878	28996954	27253700	32620778
"O00165"	2778303.8	1959164.2	1209106.4	1116315.1	NA	NA	1303958.4	732561.2	NA
"O00170"	38647888	38724872	39656852	30658444	32337700	33270188	36155188	34425876	35977260
"O00178"	21789402	24657146	24243120	42562448	35595000	39596628	27652444	28829908	24618226
"O00182"	123537640	127620896	126172248	174210240	153607776	170427792	108320448	109123432	105115984
"O00186"	21163388	22354404	21206146	25981944	27383980	29403842	24239436	24089658	25957546
"O00189"	1754528.6	NA	NA	2214881.8	NA	NA	NA	NA	NA
"O00193"	63534436	62896780	69718264	43861292	46990828	57731148	30617380	26441782	27086608
"O00203"	48377868	50427620	43586420	55026932	57575520	60083524	53948920	55055260	50703420
"O00214"	11539275	13076403	10131429	17755912	17251086	17702286	7493304	9766620	7483775
"O00217"	19229924	19868502	18792552	16840864	18452850	25094356	23921356	26017106	22569224
"O00221"	14203796	15627796	15030873	24888602	20115448	14834324	6883938	6429246.5	7691886
"O00231"	72781824	71130296	74690936	79042680	71709256	78250632	79824360	80170704	74611648
"O00232"	69566368	65718484	63317380	73453824	78927584	78885048	73917560	76294088	77798808
"O00233"	17168680	20830052	20772090	21498566	19993812	25016206	20811650	20107908	19053514
"O00244"	70953856	79763808	74758328	107209328	121128352	135518256	67681664	73828648	75577456
"O00255"	NA	2721891	3154604.8	NA	NA	NA	NA	NA	NA
"O00264"	29529240	28774174	31365834	32806998	36748892	30730210	36433004	31811454	34207340
"O00267"	24572710	24827844	24270680	17627912	19929904	17487428	14962762	14150025	14444258
"O00268"	9171897	9622064	10303190	NA	NA	NA	NA	NA	NA
"O00273"	19111030	22850622	22718690	15129019	12779902	16651956	15361196	16548426	16636110
"O00287"	4068281.8	2127813.5	4207049	NA	NA	NA	NA	NA	NA
"O00299"	1060044030	1041624830	1036747970	1226329470	1222001150	1258124930	911301120	933539140	919828930
"O00303"	50080892	66570676	61028460	51315120	44277112	54213760	42243172	41401404	40180384
"O00308"	NA	NA	1820359	1371461.9	824589.5	NA	NA	NA	NA
"O00329"	12955771	12425313	10950629	9396759	8588619	12363331	10011920	10712649	9261012
"O00330"	9403599	10763125	12378173	11975930	16420617	11458444	13091778	13468882	13913654
"O00391"	5049876.5	NA	5008747	6205303.5	6460102.5	5319333	6848114	6936756	7174017.5
"O00399"	12556835	12975253	13543163	14973191	13024930	15094229	8504820	9731160	8990760
"O00400"	8831333	5541098	7653317	11368019	10785642	8716801	11597616	11414172	14268617
"O00401"	NA	NA	NA	7695037.5	10703069	9745930	NA	2892739.5	9113072
"O00410"	36962552	42012184	40105748	33982536	34914244	35969908	38375868	38026588	40567780
"O00411"	NA	NA	NA	NA	NA	NA	NA	NA	NA
"O00418"	14387001	19860120	16653375	NA	NA	NA	NA	NA	NA
"O00422"	20017916	10010911	11499197	15942121	14675904	NA	8280147	9839169	9981061
"O00429"	45053804	44131264	44790788	64048636	60191956	62578600	56648048	53883624	57680204
"O00442"	44091536	44262652	41102632	61369184	64974964	62902484	59074852	57206084	53779048
"O00443"	NA	NA	NA	NA	NA	NA	NA	NA	NA
"O00453"	4877584	4874525.5	3434739.5	4209827.5	NA	NA	NA	NA	NA
"O00458"	NA	NA	NA	5949240.5	7309383.5	1635082.6	5833143	8022585.5	11165390
"O00459"	5065284.5	3086789	2758070.8	NA	NA	NA	2849751.2	2636814	2252281.2
"O00461"	12299982	9259213	11999650	7363896	5480854	7687107.5	6196407.5	NA	6203295.5
"O00462"	NA	NA	NA	NA	NA	NA	NA	NA	NA
"O00468"	6421562	6868546	7353469.5	2379581.2	4695016.5	5239701	3695866	5325623	3773896
"O00469"	NA	NA	NA	NA	NA	NA	NA	NA	NA
"O00471"	NA	3874040.8	3863827.5	4064982	3738217	2416189	3556965.5	3523071.8	3502491.2
"O00479"	5351119.5	8407085	8781551	NA	6190075	6039794	4231014.5	4855860	NA
"O00481"	NA	NA	NA	NA	NA	NA	NA	NA	NA
"O00483"	70885128	66187540	68933872	62447948	67345784	64538732	65937068	65775936	64239628
"O00487"	65176224	58611796	56507860	77695304	73662128	70934560	66221116	66107292	71627264
"O00488"	5919651	10153588	3440275.2	NA	NA	4399198.5	NA	NA	NA
"O00499"	5757855	5318215.5	5772283	NA	NA	7668792.5	2513690.2	3875782	2814039.5
"O00505"	34606716	26005634	27625532	28547634	30950014	28035160	20949744	22234574	24637964
"O00534"	NA	NA	NA	NA	NA	NA	1668499.9	2875314.5	NA
"O00541"	31474544	31491552	29477372	19697900	18693050	18806020	21242798	22957078	21278102
"O00559"	NA	NA	NA	NA	NA	NA	NA	NA	NA
"O00560"	213223248	211662368	208762368	144744000	140254560	158517776	59830240	59800656	67308952
"O00562"	NA	NA	NA	NA	NA	NA	NA	NA	NA
"O00566"	11477794	11744310	11113905	6347885	9443023	4126145	7856735.5	9870047	9104866
"O00567"	45109348	38573760	42941292	39170224	36407564	38237692	43639492	44500184	47030044
"O00571"	128654144	136401888	130527328	105812808	93466520	96192480	83523080	85308936	80903944
"O00584"	96450592	85026680	89351912	25662556	24332902	24915864	10288532	11403048	11066966
"O00625"	11445641	10481509	9763688	8303889.5	10834127	7372476	5041686	5497327	7180384.5
"O00629"	56555816	53868808	49837924	46587844	51862012	48510752	42742584	45507620	45971128
"O00635"	821376.7	802135.6	753092.8	1844592.6	2384827.5	NA	477874.56	NA	NA
"O00716"	NA	NA	NA	NA	NA	NA	NA	NA	NA
"O00743"	17169146	17144504	17886496	19231008	21251378	17719842	20160880	20500142	21011240
"O00748"	NA	NA	NA	NA	NA	NA	NA	NA	NA
"O00754"	38164216	41128988	35018260	41382336	39705152	42952704	29239538	30773392	31096504
"O00757"	NA	NA	NA	NA	NA	NA	NA	NA	NA
"O00764"	57122460	57015216	63133372	87814072	89004544	80884880	96708624	99531568	107119576
"O00767"	NA	NA	NA	NA	NA	NA	9770650	12053632	3753668.8
"O14492"	3217203.5	NA	3027118.8	3314318.5	NA	2291072.5	NA	NA	NA
"O14497"	18404060	17252972	18999104	6621337.5	7885817	5886970.5	NA	6014898.5	4757059.5
"O14521"	12367178	10554682	9390657	13491738	11604928	9021398	14252370	14765539	11651256
"O14523"	6601564.5	NA	2376159.8	9761943	5534469	8069746	11713953	13086445	11802327
"O14524"	NA	1984459	NA	NA	2631213.2	NA	NA	NA	NA
"O14526"	NA	NA	NA	NA	NA	NA	NA	NA	NA
"O14530"	4421956	8209796.5	9488438	3114596.8	NA	NA	2256829.2	NA	NA
"O14531"	NA	NA	NA	NA	NA	NA	2307087.8	NA	5820169.5
"O14545"	8099184.5	6644852	6659732	27573050	29397146	27379554	3585848.5	4951721	2708481
"O14548"	10040290	9949627	13579763	19934194	20212512	18984282	16491959	17387776	15982795
"O14556"	NA	NA	NA	NA	NA	NA	NA	NA	NA
"O14561"	67662312	66983364	65657256	51096020	55925212	50073052	73900960	72794816	65445444
"O14562"	11745109	9481287	10773294	14380046	12383903	11476468	12067362	9016885	9538237
"O14569"	9783320	NA	11152553	17249192	33095846	27428474	19215400	18676528	17604036
"O14576"	23255076	14648110	NA	NA	NA	NA	NA	NA	NA
"O14578"	NA	NA	NA	NA	NA	NA	NA	NA	NA
"O14579"	63507300	68999048	69086040	70076528	64589604	70887800	53683616	57130252	67364656
"O14593"	5043219	6554199.5	5817234.5	NA	NA	2742964	NA	NA	NA
"O14602"	24032528	27933044	26449000	28080212	26407144	19642578	NA	18094588	16160606
"O14617"	46861160	46201744	45593188	69715744	58741376	64827360	55027228	56022980	55811248
"O14618"	20343136	18826412	20613046	20309620	16676541	17709578	18515084	15346043	14981728
"O14625"	NA	NA	NA	24402652	26927538	27094498	NA	NA	NA
"O14646"	NA	NA	NA	NA	NA	NA	NA	NA	NA
"O14647"	5062058.5	3706947.8	6066743.5	5426276	3099124.2	NA	2415182	6619897.5	4083006.5
"O14653"	8413105	5637185.5	9206443	8236966	10020734	5939646.5	9776319	11193345	7873115.5
"O14656"	4662496.5	2935772.2	2870123.2	10819581	6115145	13056597	6708094	7602968	5633721
"O14657"	11587770	11990693	NA	8272300	NA	9090552	NA	NA	NA
"O14662"	8659969	4046129.2	3198460.2	7632675	5384741.5	4684221.5	8117126.5	7210780.5	6933765.5
"O14672"	31511878	29474524	27777294	17508452	14921990	16021296	22804144	21368026	20079944
"O14681"	10314081	9684852	9018392	5765261.5	8822647	8265391.5	11388599	9086496	12560091
"O14683"	NA	NA	NA	NA	NA	NA	NA	NA	NA
"O14684"	NA	NA	NA	45478536	42834860	41855868	NA	NA	NA
"O14713"	NA	NA	NA	NA	NA	NA	NA	NA	NA
"O14727"	10695503	10566453	10623449	9212103	7648961	4952354.5	8852520	5429696	6266797.5
"O14730"	6581771.5	6409745	6126806.5	14129477	15897897	10459439	6049854	5095123	15254293
"O14732"	NA	NA	NA	NA	NA	NA	NA	NA	NA
"O14734"	17554720	15418963	10865327	19651760	20954060	17652274	20338418	16801614	13989735
"O14735"	4688203.5	4563820.5	5482028	9157156	14995996	11008615	12573360	13498462	11489344
"O14737"	59971924	63023096	60240068	45477796	44311888	44792928	44696976	43237496	43676456
"O14744"	38684880	39181320	40788840	42348540	40281284	39258744	53433240	54921896	52461940
"O14745"	31928452	31927976	31550748	19190946	20965672	20984052	14202208	14909884	14262247
"O14763"	NA	NA	NA	NA	NA	NA	NA	1272057.5	1466247.4
"O14772"	NA	NA	NA	NA	NA	3033485.8	3749451	1485113.8	3661794
"O14773"	80735976	82276624	80120000	105275504	109766576	106840128	102227296	102913344	116005104
"O14776"	59628432	62001676	58661236	30070458	32415256	30407808	35473584	34238324	32476012
"O14777"	NA	NA	NA	NA	NA	NA	NA	NA	NA
"O14786"	21066772	18773778	18623368	27914420	27011290	27934738	32947154	34075680	34056920
"O14787"	15790325	11161985	11226958	11776417	12590233	15584944	13801558	14274947	13296026
"O14791"	NA	NA	NA	NA	NA	NA	NA	NA	NA
"O14795"	NA	NA	NA	NA	NA	NA	NA	NA	NA
"O14802"	3241640.5	1818320.4	3336429.5	NA	NA	NA	NA	NA	NA
"O14807"	4782761	NA	2770063	8136493.5	3314302.2	7241658	8547023	11105866	10953710
"O14818"	209960448	217033056	217272752	209077312	193607376	220422400	184088272	177888640	178182176
"O14828"	49714924	49305164	45548208	55191408	61606548	60003932	67445792	61278872	70872208
"O14841"	19783014	16108269	18081556	34120424	33283092	35484624	33943548	35068440	33383806
"O14862"	NA	NA	NA	6067329.5	10103943	9181502	NA	NA	NA
"O14867"	1708935.8	NA	NA	NA	3009348.8	NA	NA	NA	NA
"O14874"	10996020	11505816	10273298	19952988	17920528	17758044	17424982	15451355	16922374
"O14879"	30325698	37301256	33025642	322468032	330119488	345925824	6281174.5	NA	3333954
"O14880"	60664432	57318908	52491500	100304784	92737376	100392680	75531000	72389528	71208056
"O14893"	4504756	NA	NA	NA	NA	NA	NA	5361284	NA
"O14907"	11197652	17248308	14455781	15033162	24113350	24232840	33386866	30423374	36794092
"O14908"	12991205	30135434	12721276	12473963	7603606	17056554	11778061	9429078	22067906
"O14910"	NA	NA	NA	NA	NA	NA	NA	NA	NA
"O14920"	20855954	22353512	19556490	18233428	18832412	17088304	18768536	19101892	17982512
"O14925"	NA	10309413	14158140	7143002.5	3692763.5	12028830	9751386	9673219	10045002
"O14929"	63850540	56279384	62799176	18572614	16277456	15631307	4752947.5	8457270	6368416.5
"O14933"	16833584	15571189	13123590	64220296	65666040	57668640	10298735	11132934	10966419
"O14949"	39550324	33287640	34095760	38021912	39412340	37310220	44983816	46708188	38728472
"O14950"	265545376	292456704	282137696	325368256	329768064	348384608	346564224	341894176	329560352
"O14964"	35808672	34931548	35748652	33859928	33949076	36933588	32247136	33910932	32999800
"O14966"	5486594.5	3446111.5	4836246	12126663	12276247	11597890	6887960.5	10484533	8896600
"O14967"	2754523.8	3536879	2942623.5	3957459	NA	NA	NA	2118117	NA
"O14972"	6895609	8053548.5	7461856.5	9269893	8636108	11111800	10008888	9998316	10119859
"O14974"	17458996	18578572	17358586	28097950	26321782	32193714	13763828	15354108	15121263
"O14975"	1461590	1395763.8	2892946	826429.56	NA	NA	NA	NA	NA
"O14976"	11940806	13109228	12965571	16578193	16466123	13209725	11413210	11639369	10234858
"O14979"	215472848	181219696	205236896	126830888	139991680	126035360	122186240	132967576	128381184
"O14980"	55206440	56597796	58449812	49365716	48825308	48110528	49926804	52151644	49128336
"O14981"	6886981.5	6756965	5051010	6032749	5922920	3938795.2	2696742.2	5993142.5	5561154.5
"O15013"	NA	NA	NA	NA	NA	NA	NA	NA	NA
"O15021"	NA	NA	NA	3613666	NA	1664413.5	NA	NA	NA
"O15027"	26313742	26430368	27164672	21632138	24491326	21820660	21922848	23543216	19734102
"O15031"	20600108	22203774	22143162	20519872	19732298	20139138	18543824	19254028	19309958
"O15037"	NA	1553439.9	2732111.2	NA	NA	NA	NA	NA	NA
"O15042"	31795280	30708180	25936034	16246717	16627950	13877296	13485433	14025661	13710488
"O15047"	6449074	3672629.5	5708772	NA	NA	2594926.8	2605636.2	NA	NA
"O15050"	NA	NA	NA	NA	NA	NA	NA	NA	NA
"O15056"	13883529	14393344	7935325	8019179	8683642	6872215	14154165	12212391	11542849
"O15061"	NA	NA	NA	NA	NA	NA	NA	NA	NA
"O15067"	21077540	21846408	19499102	14711720	18307896	17202520	18312970	15419512	20718480
"O15084"	6686742.5	4896671	6755618.5	8503373	3755213.5	4473692.5	6151317.5	6211798.5	4956750.5
"O15085"	3403315.2	1839967.8	2363932.8	2561348.2	5126126	2711082.2	1629897.6	NA	2307834.5
"O15091"	NA	978808.56	NA	NA	2469427.8	NA	2179122.5	NA	1891925.4
"O15111"	4120178.5	3771039.2	1896535.4	4469054	7116587.5	4339020.5	5914183	4950934	5986850.5
"O15116"	32840628	29467304	35443180	23585596	24393828	26561694	28606842	25736456	27639472
"O15117"	3071745.2	2857911.5	NA	NA	NA	NA	NA	NA	NA
"O15118"	18723314	19631768	14249404	20913024	20941148	15890731	25060196	26882082	29308362
"O15120"	NA	11886240	2523382.2	NA	16424942	9015645	10431943	11542064	13218031
"O15121"	20718560	18423932	16716961	17028176	13947259	17314954	13549300	14574117	13483065
"O15126"	96911072	34080400	80623608	72816344	42177304	66114652	77657032	73578872	80418232
"O15127"	75634824	82462040	72874608	51600348	44414844	55792892	48030816	48991880	48359044
"O15143"	514495200	472853696	498763008	628967300	600730750	627200580	607818240	617294080	638418300
"O15144"	329118624	339216032	340653824	443464160	396531104	403822464	414634944	415896352	401181312
"O15145"	372650016	359301760	372529856	484119712	481359072	443196800	415038656	444033952	446902560
"O15155"	NA	7335086	6423665	14915082	10551291	18264924	13686330	13317725	13325734
"O15156"	NA	1830221	1966568.4	3300925	NA	NA	NA	NA	1784066.5
"O15160"	13678221	13121120	14069598	10653846	11110956	9905556	8935764	9964944	7439414
"O15162"	26092488	33172786	30201124	136425888	115244904	103509688	11685695	11745609	10319122
"O15164"	7939535	6870266	5814269	NA	NA	NA	NA	NA	NA
"O15173"	36049432	39149872	38283180	46061812	46133048	49582044	64391300	60734336	63985260
"O15182"	NA	NA	NA	NA	NA	NA	NA	NA	NA
"O15204"	NA	NA	NA	NA	NA	NA	NA	NA	NA
"O15211"	3010622.5	NA	NA	NA	4138447.8	NA	NA	980327	NA
"O15212"	44876260	45809832	45516756	36162504	45908920	39209080	46310960	46247136	43406276
"O15213"	10453764	10317931	8889294	NA	NA	NA	10890607	NA	6349045
"O15226"	15491248	8528438	10434584	10949793	12742828	3517796.5	11081837	13892479	5615054.5
"O15228"	12700145	14455192	13349288	14766557	15643687	13726820	12941385	13426882	12338236
"O15229"	NA	NA	NA	3413177.5	1656272.5	NA	2356356.2	2793011.5	2629306
"O15234"	NA	NA	NA	NA	NA	NA	NA	NA	NA
"O15235"	6989443	12518446	11246940	6617909	6468169	NA	NA	6009503	7547359
"O15239"	NA	NA	NA	NA	NA	NA	NA	NA	NA
"O15243"	8300631	8511527	8063081	14929573	13407244	12500482	12128997	9668043	6615675.5
"O15254"	7020483.5	8105640.5	10138332	12604803	15801171	15493944	9529474	10847556	10237240
"O15258"	47341848	47776544	42928616	56170452	54525504	63157204	51281000	63400104	52866416
"O15260"	45291764	43614956	40526644	104330536	115558016	78464600	44272652	59251636	66848108
"O15264"	NA	NA	NA	NA	NA	NA	16260519	18921912	NA
"O15266"	1992723	1067048	2238100	NA	NA	NA	NA	NA	NA
"O15269"	20090882	20100000	21428144	14832005	15444002	15092627	11500144	10325522	8112541.5
"O15270"	8419413	8472301	7799082	9130157	7777388.5	8204542	5708492	3754454.5	4880532
"O15294"	24329998	26379092	27427080	24072450	23195344	27152030	28403860	28676536	28307154
"O15305"	22300598	23546174	22948378	24782938	25380630	26691132	29034640	27699044	28858944
"O15321"	4950566.5	NA	5312648	6716137.5	9488813	6671592.5	3794301	NA	NA
"O15327"	NA	NA	NA	NA	NA	NA	NA	NA	NA
"O15347"	117444336	105654552	111718688	53842480	55296700	52022592	42297480	48670296	51321160
"O15355"	48764916	50845508	53133280	27429726	30985378	34362344	33669032	33197748	34857968
"O15357"	51090404	53776588	51511916	43234568	51798608	49796380	54988264	51806988	58485400
"O15371"	67782856	73421064	73576712	54141724	54082224	55015364	42199976	43697844	46388216
"O15372"	55158032	52521756	66837780	48173504	51340468	49496696	37910484	38741436	42396708
"O15379"	2678392.8	813228.44	3478226	581887.94	NA	NA	1514480.1	NA	NA
"O15381"	13819825	17470806	16600639	7403358.5	10848975	NA	1658853.4	2818671.8	13575114
"O15382"	11713848	10760924	10144022	13495437	18068912	16288324	11429874	14688247	14681757
"O15394"	1011539	2074862.9	2497355	NA	NA	NA	NA	NA	NA
"O15397"	NA	5702563.5	6225934	NA	NA	NA	NA	NA	NA
"O15400"	26736712	27703738	29169816	30772060	31750636	34673948	26031686	29286188	25511674
"O15409"	7720247.5	10340814	13301435	NA	NA	NA	NA	NA	NA
"O15427"	94215416	92009384	89644208	120886552	100998288	98206736	129654256	131825624	125741536
"O15431"	4961298.5	NA	NA	17979852	14677901	16724984	14969711	13568461	12689029
"O15432"	NA	NA	NA	7785852.5	6594098.5	3963129.8	NA	NA	2524270.8
"O15438"	NA	NA	NA	NA	3025396.5	NA	9783522	3081298	864868.1
"O15446"	6799346	15049768	11086832	NA	NA	NA	NA	14048803	8047084
"O15460"	NA	NA	NA	NA	7008222.5	NA	6855230.5	7276357	7202636
"O15479"	89384352	92323272	86172784	49360052	47314568	51362688	42269468	40914640	39627612
"O15492"	NA	NA	NA	NA	NA	NA	NA	NA	NA
"O15498"	16694900	16913420	18235016	27250684	27034008	27835732	32178116	29811306	31050036
"O15504"	4015064.5	5274235.5	3371083.8	NA	NA	NA	3187418.2	NA	NA
"O15511"	484269824	574281660	583347140	530328320	551057920	564254910	568945600	559209660	573041730
"O15514"	24367068	27840348	25300586	19963008	20558710	30197210	NA	NA	NA
"O15523"	50459680	56151944	55304724	41424068	38527344	38067900	43462488	42834224	40167600
"O15525"	11003608	10998925	9684050	NA	6018175.5	5082684.5	NA	NA	NA
"O15528"	NA	NA	NA	5768911.5	7421298.5	5833998	NA	NA	NA
"O15530"	4336118	4023992	3933718.5	NA	4761706.5	NA	6498337	3821646.5	6380882
"O15533"	63333908	65426692	64799264	163669040	148845328	149037776	76939080	86345592	76647872
"O15541"	6294901.5	6869610.5	6019375.5	NA	NA	NA	4016951.8	5411992	3846630
"O15553"	NA	5045772	NA	9391643	8298410	7588574	NA	NA	NA
"O15554"	3662709.8	4245841	2714622.8	5783957	6472856	2632872	2352152.5	7033988	5521077.5
"O43143"	85618568	84729928	89063056	87845112	83896032	84932952	80565312	82261320	80300392
"O43148"	17345620	17317782	15072973	15251205	9486532	16954852	15223517	15775315	16155424
"O43149"	NA	NA	NA	NA	7589637.5	NA	NA	NA	5285931.5
"O43150"	NA	NA	NA	NA	NA	NA	NA	NA	NA
"O43156"	4511732	2617916.2	948692.3	2130314	2630127.8	1024881.25	NA	NA	2685989.5
"O43159"	8731132	9375330	8972483	12953311	6856836	8388638	9400662	5582331	10129834
"O43164"	NA	5824089.5	5682981	8891429	4291975	NA	NA	NA	NA
"O43169"	65682952	62335256	71293472	84273064	76115360	89669672	78602896	83181688	86227952
"O43172"	33536768	36180624	39620136	21717346	24335824	22141224	20133380	20162176	19970240
"O43175"	239091648	237024592	212832096	202988704	192071120	185721088	195396752	194227456	211317296
"O43181"	22621000	30629502	30621580	17587196	16447783	21267860	18143950	18732884	19681092
"O43189"	NA	NA	NA	NA	NA	NA	NA	NA	NA
"O43237"	17107128	15568640	20719528	20655980	26043356	21109798	19980738	22343968	24016022
"O43242"	66682100	66443228	61685324	81358200	79914000	83124832	78355784	81052000	84138392
"O43251"	NA	NA	NA	NA	NA	NA	NA	NA	NA
"O43252"	41254620	45183196	36837244	66472620	71903096	63713920	56835320	54000024	55199932
"O43264"	13521165	17065050	17700162	14352737	19281270	6363171.5	6409887	10436396	12854081
"O43278"	NA	NA	7556271.5	7781474	8679556	6087111	8534600	9214737	8375158.5
"O43290"	29215522	26463570	27333376	18682816	20755706	17918062	17625574	17776330	18766042
"O43292"	9931236	6519654.5	9438242	5308104	7676197.5	8326523.5	6173378	6344251	6204419
"O43294"	NA	NA	NA	NA	NA	NA	NA	NA	NA
"O43298"	NA	NA	NA	NA	NA	NA	NA	NA	NA
"O43299"	NA	222849.31	1101715.5	1315074.5	NA	NA	729744.9	400946.6	428390.62
"O43310"	NA	3009071.8	NA	NA	NA	NA	538134.75	NA	NA
"O43312"	47653472	48234812	52301904	44927868	48884096	46246636	46330720	49803548	43686708
"O43314"	5385076	6251225.5	6043323	6649479.5	5290674.5	4489058	5779172	8108731.5	7057264
"O43318"	9066192	7623273.5	6997303	10805237	12199483	12494826	7779494.5	9288651	9118318
"O43324"	15319992	12785727	12528668	14936847	16673986	15338991	20710262	23095978	19375928
"O43347"	NA	NA	NA	NA	NA	NA	NA	NA	NA
"O43353"	2998350.2	4541615	2499248	22594642	20509386	17501798	5574565	6722547.5	9355477
"O43390"	161278416	161991232	157953104	88221512	90134416	93240480	90571528	91118240	91454248
"O43395"	70616520	71197760	65360240	41323624	40466416	44701032	29168886	38633904	32551404
"O43396"	148221600	136895696	135225600	121718432	118294800	115663872	97504720	98704144	87709440
"O43399"	140501856	137763120	145112560	155665568	149409184	156325712	147116032	152822720	138206064
"O43402"	7372188	23792096	31812220	15493693	18782800	22615590	35340408	36097608	27125808
"O43414"	5516021	11649030	9583843	9233560	8417309	6936318	9817203	10196020	11347458
"O43422"	5046114	NA	NA	NA	NA	NA	NA	3253259.5	NA
"O43426"	4610695	NA	4157088.5	3302273	5691422.5	5291453.5	4698797.5	4633490.5	2539661
"O43427"	NA	5047698	NA	5615242.5	NA	NA	NA	NA	NA
"O43432"	16099179	14361351	16327378	13484331	11093682	14120750	14036640	10568317	11057480
"O43447"	215373440	201666432	201317184	95074176	93903272	96511872	95223496	98034344	84118408
"O43464"	9884759	11403680	11391695	12396525	13762882	15274099	10706872	12774097	16818158
"O43488"	160859696	161490272	163403680	122939568	122397920	120805888	157502816	153033152	142565216
"O43491"	57839280	61325664	58885704	45645012	45405320	45117716	33658856	32732838	32235304
"O43493"	20282832	21770332	24672580	23530944	20971470	23621230	26005888	24773066	24404110
"O43504"	100959976	99381072	97046336	62611420	75954464	65729224	73642504	73142232	86257224
"O43516"	43196088	41135308	39928996	37396404	39719364	36766816	20408140	21132986	22015978
"O43524"	4444428	NA	NA	12459381	14696798	16425774	16310891	NA	NA
"O43561"	NA	NA	NA	34806052	36848508	38233084	27874096	31503508	33937820
"O43566"	2350265	3221491	2936106.2	NA	NA	NA	4079958.5	2250815.2	NA
"O43567"	NA	NA	NA	NA	NA	NA	NA	NA	NA
"O43583"	39981344	41598040	47300260	40616852	38222272	37831192	44931080	45239544	42302240
"O43586"	7594039	8606288	10981333	16296083	16813450	19618916	30760330	27078042	29683860
"O43592"	37648512	37509372	39206092	36766816	38163724	34103340	39086604	39502608	48660152
"O43597"	19087676	15775602	17969288	12273395	12030135	9827861	12469571	16147388	12742649
"O43598"	69127736	67375584	69368312	60019004	53009140	59774860	72121096	65866660	65035148
"O43615"	21078832	21221642	21879740	22798300	22611992	22883626	29027716	29170806	29036644
"O43617"	13552124	16641079	16188188	18683512	15690499	16399258	16274976	16551122	14835473
"O43633"	54926880	50821676	56934544	38605068	21344864	29424988	30295150	50272972	19537138
"O43639"	11554731	9261754	10177280	4872749.5	NA	5135969.5	5786706.5	4445144	3801049.5
"O43660"	27853940	28285614	28014248	15357057	18920026	19790182	15647668	13623849	15815078
"O43665"	24535844	30631276	31059286	26244648	22545102	26868622	19095030	19791498	17486950
"O43670"	77508712	77619784	72694056	48922356	38819772	47032564	34439744	36440624	28744226
"O43674"	13056373	15170553	14285266	15256633	12833781	14173697	17284072	19451204	17995244
"O43676"	24991246	19324940	21613040	18762398	18747504	19761172	20936982	20037894	22550810
"O43678"	21979060	18493352	19381372	14494800	16351713	16945402	15096380	17196914	15845995
"O43681"	28254312	28855108	30590280	36532560	43597924	40718724	44707816	47129576	42043296
"O43684"	81291728	76968896	80329976	55250204	56556352	56059244	44032104	41185108	43261480
"O43687"	NA	NA	NA	NA	NA	NA	NA	NA	NA
"O43707"	298129600	311682432	309887168	246588560	256457024	251676512	233189904	223550800	235864368
"O43708"	NA	NA	NA	NA	NA	NA	NA	NA	NA
"O43709"	4971212.5	4769382	5771982.5	NA	NA	NA	NA	NA	NA
"O43715"	7824683	8415480	7547254.5	3846997.8	NA	NA	7718667.5	6589419	5362599
"O43716"	5309031	6611737.5	6622668.5	2912905.8	4735060	4169427.2	NA	4701525.5	1448062.9
"O43719"	18194400	19129316	23033794	7524092.5	9927962	7369232.5	7880549.5	9347922	4181124.8
"O43734"	NA	687136.25	NA	3511205.2	5916176	6052622.5	NA	NA	NA
"O43747"	27607486	28008024	29930924	33509958	29182714	30346528	28934878	28854452	27837778
"O43752"	7627217	8739317	7453043.5	11929358	13580581	10987216	15439958	13513947	12041095
"O43759"	6256155	5731616.5	5668298.5	3354326	7357587	4860883	7501139.5	4295035.5	9610687
"O43760"	34293520	32724108	36504652	28939962	31104150	30746458	42837316	43076304	43135192
"O43765"	40449732	47610812	45988052	46780488	47983996	47820520	47206952	51550868	46687712
"O43768"	113277944	136212928	135738160	101602288	92964336	93655000	96164672	98350712	103756296
"O43772"	15314168	13163827	15996432	24789752	23311722	23975282	25299780	29308286	26687528
"O43776"	99876752	94310456	93928768	94896568	95047200	98382312	134301776	135476384	135254624
"O43795"	NA	NA	13064564	25722146	26309434	29601596	32583062	32552490	31096254
"O43805"	16019786	16339180	12553977	NA	10850239	8899459	NA	7202272.5	9436842
"O43808"	NA	NA	NA	NA	NA	NA	NA	NA	NA
"O43809"	86409808	87399992	85875704	51930012	46087304	59358436	50448532	51469412	54530568
"O43813"	27599786	22475016	21373434	NA	17182494	14359545	NA	11178004	17240376
"O43815"	29688426	35813720	43979016	40598012	44180884	40410712	40249492	38082416	29754568
"O43818"	11690419	9319620	10612056	9815175	16689772	8132565	5668051	7881869	7358409
"O43819"	12220940	15102469	14054354	16907760	11900911	12384573	17376736	19228248	20173850
"O43822"	NA	NA	NA	NA	NA	NA	NA	NA	NA
"O43823"	39584476	34381836	42153708	25033332	20967160	26905052	27270316	24606540	26082080
"O43824"	2809310	NA	NA	NA	NA	4011477.5	NA	NA	NA
"O43837"	65305528	65281876	66924472	85542432	88319352	93789024	102374664	98594520	90628424
"O43847"	72266288	76448056	71313760	48701268	51347424	51230880	36336668	35544272	37066040
"O43852"	70105688	66111572	68564384	60578452	60683768	64316016	93006568	91044160	88459448
"O43861"	NA	NA	NA	NA	NA	NA	NA	NA	NA
"O43865"	22410052	19645306	20292202	31479698	25017760	24941974	94283472	105688824	97404016
"O43900"	NA	NA	NA	NA	NA	NA	NA	NA	NA
"O43913"	12001158	7290979	5132823	NA	NA	NA	NA	NA	NA
"O43914"	69091560	65580328	68545496	92607496	105488896	104990448	44001052	43352848	45611524
"O43920"	26334532	27346252	26403170	16106808	17163932	15960539	22828336	23365678	16646861
"O43924"	NA	9056846	7377012	7558050.5	8527594	NA	NA	6804877.5	5724959.5
"O60216"	29378390	32767518	33908164	16488104	18656402	20844200	14924633	14175491	17217166
"O60220"	19681678	20866570	22358580	19982290	16330502	15734529	22503586	20315102	20997714
"O60231"	5984648.5	7132018	7964005	NA	7236517.5	2163510.5	3316673.2	2343791	NA
"O60232"	21322404	14620048	17722792	9945842	8834180	10128481	18419180	16067025	18989936
"O60234"	216934720	213869232	213105440	145002288	136507680	140330512	126798232	143189792	136786768
"O60239"	NA	NA	NA	NA	NA	NA	NA	NA	NA
"O60244"	NA	NA	NA	NA	NA	NA	NA	NA	NA
"O60256"	12775575	12233917	12307744	11959855	11212257	13425224	11063407	13362175	10058228
"O60264"	50431572	56160108	57197220	37282784	33612472	36379852	27060646	29107072	26608706
"O60271"	88989360	88023848	88035880	103622976	106755184	108947832	110482480	107883760	109660232
"O60287"	NA	12429948	3412495.2	NA	NA	NA	NA	12348149	NA
"O60291"	1305119.6	3203326	NA	NA	NA	NA	NA	NA	NA
"O60294"	NA	NA	NA	NA	NA	NA	NA	NA	NA
"O60306"	8758258	7011874.5	9633805	6450040	6947145	8400536	1716708.9	3842118.2	NA
"O60307"	NA	NA	NA	NA	NA	NA	NA	NA	NA
"O60313"	25391964	25294994	25711152	23517048	25129470	27105386	28547182	26840760	26390542
"O60315"	23108532	18220092	19567844	NA	10262105	NA	NA	NA	NA
"O60318"	NA	3016931.5	4131879.8	NA	NA	5381380	NA	NA	NA
"O60331"	2567471.2	3995231.5	3694183.2	4907717	NA	3847529.5	7094914	3129442.5	1755990.5
"O60333"	1532684.4	5642938	NA	7345443.5	8044012	6121632.5	22312114	6914740.5	NA
"O60337"	NA	NA	NA	NA	NA	NA	NA	NA	NA
"O60341"	17191022	18642900	18618138	6453420	4937896	7384428	6365524.5	4638643.5	6787529
"O60346"	5555642.5	6721167	5929056	4272910	1667066.2	2108894.8	600988.1	NA	NA
"O60361"	16914538	23023296	24847582	NA	11370004	12095189	16622528	12173437	16007936
"O60443"	2680479.5	2678685.8	NA	11286808	7148245.5	12381958	9527041	11373257	10760285
"O60449"	NA	NA	NA	NA	NA	NA	NA	NA	NA
"O60462"	NA	NA	NA	NA	NA	NA	NA	NA	NA
"O60476"	NA	2702839.5	2525253.5	NA	NA	NA	NA	NA	NA
"O60479"	NA	NA	NA	NA	NA	NA	NA	NA	NA
"O60486"	NA	NA	NA	NA	1219217.6	NA	NA	NA	1593907.5
"O60488"	428430432	452288768	410842656	655227390	662473980	642370430	469103168	464973536	469590880
"O60493"	107555720	104129968	102779344	107515832	104069944	104816776	73856544	72489184	77426768
"O60496"	30670056	28919128	29800438	19078184	22066442	18748940	17660730	18068426	14637262
"O60499"	1814391.8	2005738.1	1840627.9	3388120	4933264.5	3679866.5	6579789	5276012	6007159.5
"O60502"	6177351.5	5352888	4498373.5	6395691	5762356	2083514	3419217.5	NA	NA
"O60504"	8150583	7520262.5	6767018	4906345	1684127.2	4287778.5	4187903.8	NA	NA
"O60506"	396758688	409626080	421674016	269905856	289445120	293330016	321369088	316916224	324407072
"O60507"	NA	NA	NA	NA	NA	NA	NA	NA	NA
"O60508"	7273594	8634764	7756132.5	NA	4000916	NA	NA	NA	NA
"O60512"	NA	NA	NA	NA	NA	NA	NA	NA	NA
"O60516"	NA	NA	NA	NA	3496326.5	NA	6127550.5	NA	NA
"O60518"	9290349	6119137.5	6741106.5	13573304	8603696	8190704	11263985	8749065	11475336
"O60524"	18042998	16452584	13716144	15625782	15730646	15040739	16390011	15572738	17542670
"O60547"	NA	8337546	9950669	NA	8752153	NA	5413908.5	NA	8301304
"O60563"	12835097	NA	9595169	38619016	31131968	29465336	14612505	15674669	NA
"O60568"	46857044	49655568	48630392	53030824	50677996	50242132	76061768	83452584	81084896
"O60573"	12998655	14353518	15761602	11228667	13766044	9724495	9681332	11901541	12413869
"O60603"	9994855	9705713	10575530	24404802	26467510	25930298	4463372	6738734.5	7531615
"O60610"	49693540	49526356	49974548	52759488	53066268	54067036	61761236	60624388	58716648
"O60613"	24524220	24210734	24731750	31846060	27783844	35576304	38777760	32875246	33396838
"O60637"	NA	NA	NA	NA	NA	NA	NA	NA	NA
"O60645"	6773527.5	5996550	6212307	3287862.8	6889776.5	6404853.5	5002921.5	5620513	3898114.8
"O60664"	277248320	291108480	281529312	299410944	303899168	295565376	272445952	261105008	279026560
"O60674"	NA	NA	NA	6367231	4330892.5	7833099.5	NA	NA	NA
"O60675"	NA	NA	NA	NA	6603661	8392142	2822796.8	2604216.5	3494195.8
"O60678"	4550385.5	4800313	1844263.5	NA	1023833.56	NA	4965599	5477446.5	4918445
"O60684"	29643552	26526634	29634638	26333120	24038282	25170320	19316106	20764942	22545446
"O60701"	23151922	21677118	22288824	52033052	50007996	53137800	91843216	91994288	90592480
"O60704"	NA	3292736	7753402.5	45548128	NA	17073820	2073820.2	31401576	27068524
"O60711"	37520492	35812996	37594860	94420888	98670520	95638808	71927576	66128972	71168912
"O60716"	9284144	8713251	5983749.5	8732850	6881045	7301805	6562256	5433741	4787462
"O60725"	NA	NA	2722059.5	NA	NA	NA	4663651	3522032	NA
"O60739"	9856605	8192936	10438328	21941122	15532141	6893727	8390166	9600567	11259004
"O60749"	68803520	70022472	69319680	77254208	74154496	77090192	64582000	64952672	62135000
"O60762"	23813582	20631660	24722148	46150136	39129132	43398172	43092340	45565660	44415080
"O60763"	65693804	62501500	61671892	86163656	80964904	84256952	85942920	84072920	84516736
"O60783"	97049456	50883288	96131736	41248868	18560610	16388853	18930926	43783116	17813020
"O60784"	18234230	18633140	16892824	50861196	51659620	54712256	53357936	53584104	55442932
"O60814"	13021282300	11846783000	12808246300	7861313500	6801944100	7731544100	5486383100	5990161400	5703336400
"O60826"	12505593	13228070	13306872	13385027	17287096	14672390	14275586	12608542	13611023
"O60828"	19014778	20487172	17778250	10734742	14055307	12015197	9670217	11244531	11806926
"O60830"	14830970	15231901	10316405	10363100	11316473	NA	14122274	12908089	14787479
"O60831"	NA	NA	NA	NA	4839688.5	NA	4467989	NA	4112152.8
"O60832"	43343088	40009664	41886068	34513832	34136804	34426108	41514908	39622316	41479096
"O60841"	52434360	50237388	51035324	38880908	45681896	43547072	43466684	43936428	49005052
"O60858"	2818473.8	3741117.5	3292410.2	NA	NA	NA	NA	NA	NA
"O60869"	80636912	82882128	79954456	88135192	94988736	101361368	65020276	63267708	62574612
"O60870"	8020896.5	7568565.5	6153459.5	NA	NA	NA	NA	NA	NA
"O60879"	11644752	10528934	9216166	9376798	9888148	13168749	11037579	13599279	12408603
"O60884"	67935216	67629888	65449692	56420192	54082196	51999124	48622444	53317852	51819592
"O60885"	20006492	14543000	16961282	4563295	7869998	6601034.5	NA	3993370	6163750.5
"O60888"	140649424	100627080	58362888	153229776	136786752	99825080	115171456	130452752	145631888
"O60906"	NA	NA	NA	NA	NA	NA	NA	NA	NA
"O60907"	NA	NA	NA	NA	NA	NA	NA	NA	NA
"O60921"	NA	NA	376791.34	1949189.9	2046696.5	NA	NA	NA	NA
"O60925"	43069180	49173196	44193300	35634056	38552992	38740488	34414868	37243352	40108352
"O60927"	7363900	8406173	NA	5612871	6474921	9764655	NA	NA	NA
"O60934"	10059924	9616784	9301983	7949091.5	8710971	11211334	4707844	6022884	6001597.5
"O60942"	8501648	11441756	9563756	8068680.5	8165957	8465084	NA	NA	NA
"O75022"	NA	NA	NA	8023849	10312396	NA	NA	NA	NA
"O75027"	NA	NA	3567981.5	NA	NA	5279378.5	4750175.5	4715982	2643101.8
"O75030"	NA	NA	NA	NA	NA	NA	NA	NA	NA
"O75037"	16538995	10464887	6955886.5	10939087	27681526	39978564	5110029	6586816	6626505
"O75044"	24718178	22435418	20209482	35648288	31964074	33541120	16888174	21191232	20996740
"O75052"	NA	NA	NA	NA	NA	NA	NA	NA	NA
"O75063"	3380672.2	3089227	2609922.5	NA	4202837	NA	NA	NA	NA
"O75064"	17438002	16511849	16962022	25121398	22799736	20389772	20120342	18058944	19971686
"O75083"	303158496	296725888	287723360	416610880	381744672	398201184	408696192	415338368	419272096
"O75110"	NA	NA	NA	NA	NA	NA	2333132	3011022.5	2433617.2
"O75113"	8445368	NA	11273860	8920261	14264825	9401704	NA	NA	4477432.5
"O75116"	25503850	21165398	25198938	20473852	22947470	23329770	21706050	27034452	24444304
"O75122"	12749087	12488396	13717014	9324652	8904649	9141985	7228923	7550944.5	7720244
"O75131"	27273442	25902238	27272864	31383932	30668998	32998500	34503292	32122342	34441708
"O75140"	NA	NA	NA	NA	NA	NA	NA	NA	NA
"O75143"	NA	NA	NA	7935533.5	8746410	NA	NA	NA	NA
"O75146"	NA	NA	NA	NA	NA	NA	NA	NA	NA
"O75150"	15145250	16403476	11372185	11977407	56205956	6771752	NA	10078022	6512884
"O75151"	6769048	5032051	5895848.5	2650753.5	NA	3181639.2	NA	NA	NA
"O75152"	94221008	81501384	98453528	42042784	46004844	53447324	32965452	38618088	39411688
"O75153"	9335932	12306105	8214473.5	NA	NA	2641301.8	11607014	12014659	10822642
"O75157"	4990440	5941037	9523941	11867635	13566636	9825631	13454044	11922997	11623845
"O75164"	1661473.9	8849865	7034282.5	NA	18636342	NA	NA	NA	NA
"O75165"	21274856	20955920	19116026	23286928	26905204	28372076	27263288	25987520	26740396
"O75167"	5645232.5	8368656.5	8672219	NA	NA	NA	1672914.5	5324455	5446895.5
"O75170"	10146625	7891191.5	9666407	12015823	14183822	11743894	13208950	11551095	11945168
"O75175"	16828048	19641700	20963574	12486108	13709540	13323256	12860794	14398865	15626087
"O75179"	5287340.5	6474900	3801767	6006408	3470508.5	3849919.8	2146504	2486079.8	4556596
"O75190"	22997370	24233850	19707126	22784382	26283312	24734232	15032975	13399115	16685526
"O75191"	NA	15305056	NA	7279696.5	NA	NA	5874284	NA	NA
"O75204"	NA	NA	NA	NA	NA	NA	NA	NA	NA
"O75208"	14447281	17073846	15733105	14231575	8129194	8330210	14187673	14013613	12141993
"O75223"	62525952	42275296	61382920	70793984	76264672	40330352	62370736	67016748	56845348
"O75251"	8631821	9228638	9199305	10267205	10240827	11317355	12693176	12423479	12185320
"O75298"	NA	NA	7008736	10739996	9007687	10968095	4161561.5	8022551.5	6468038.5
"O75306"	29930246	27709252	28418842	22982058	24490142	25470794	30812222	32392770	30059310
"O75312"	32386606	29678214	29526952	24158998	26584830	21360284	24957514	26211170	25238758
"O75317"	NA	NA	NA	NA	NA	1983288.1	2178905	NA	NA
"O75323"	25947306	23277444	20468364	29837456	25945720	29690168	28135064	25004620	23841016
"O75325"	NA	NA	NA	7389593.5	7818899	NA	NA	NA	NA
"O75326"	NA	NA	6154575.5	NA	4914925.5	5991777.5	5664705	5192246	4486327
"O75330"	NA	NA	NA	NA	NA	NA	NA	NA	NA
"O75340"	42957764	39416560	44835252	35589328	30908956	33725120	46490868	42697696	42943436
"O75347"	130805632	123713128	129119128	94666896	88831096	93906704	85202992	86010608	82096904
"O75348"	207033600	221687504	253118832	316388768	294697152	223283904	228777600	248613872	232895696
"O75351"	46230292	50100784	41613432	45211280	44768452	43657464	32746988	32061244	31488738
"O75352"	19338324	16618343	18758650	23086486	25554506	26353994	24383920	26320794	24983818
"O75362"	NA	NA	NA	NA	NA	NA	NA	NA	NA
"O75367"	390978112	366412768	371589280	367369920	367963456	360655008	338990016	342274560	327793088
"O75368"	279072384	305650048	305814240	194262176	194022784	199572736	191664768	202646592	212880400
"O75369"	95760800	97826552	98829312	93252728	96041008	96718904	111777896	117265984	109322096
"O75376"	15948981	8819398	6769592	NA	NA	NA	NA	NA	NA
"O75379"	9412883	6474092	1851583.2	4073429.5	8195434.5	9376391	6401816.5	7508282.5	NA
"O75380"	22141090	22790170	24580366	19474936	20122266	21746558	20250326	21803090	21263654
"O75381"	9963403	10358608	10583115	9140437	9642173	10554411	10634188	10008000	11899519
"O75385"	NA	NA	NA	1617603.4	NA	765940.2	567800	849296.75	NA
"O75390"	183099280	167821088	172445120	191097520	175371456	185613776	206319168	203941536	193498832
"O75391"	4867907	NA	4177331.2	NA	NA	NA	NA	NA	NA
"O75394"	NA	7088437.5	NA	NA	NA	NA	NA	5187140.5	6035684
"O75396"	86822688	93001080	91366944	160312144	171350896	164257632	140618624	141837904	144449904
"O75400"	40115608	43230964	45623168	28693802	27968454	24976056	25988236	25383260	25970172
"O75410"	16280342	15940296	14556902	12240932	10076560	12334552	10539948	12619845	12023077
"O75420"	2575073.5	3150233.5	1696301.2	2959905.8	4027176.8	1710528.5	2345409.5	1350015.4	2904890.8
"O75427"	23375076	23831952	23519070	24528738	23586378	25468446	20498952	19149854	21868028
"O75431"	12528210	8168186.5	8870308	17150248	11067410	10914981	9326487	8815247	8191578
"O75436"	52539512	62325364	59734000	64129348	61201496	65772764	54621424	56857900	62413956
"O75438"	24855740	27023654	21796344	23498050	27130698	20779136	24259754	25238058	22944220
"O75439"	28517326	29874842	27907704	28868896	25309784	29447604	33628328	34644244	36532248
"O75446"	NA	NA	NA	NA	NA	NA	NA	NA	NA
"O75448"	NA	1011149	660766.4	NA	NA	NA	NA	NA	NA
"O75449"	5967599.5	NA	NA	2421662.8	3097142.8	NA	NA	1870479.1	NA
"O75460"	NA	NA	NA	7446519	NA	NA	NA	NA	3996401.8
"O75475"	112606976	100711800	100277432	27369280	25939352	27504788	30312214	25179594	26887162
"O75477"	50792204	45718004	44126028	42463444	38883664	38109704	25490242	27373408	25224546
"O75487"	22290068	21997374	22977312	10614740	11534808	8994818	111444968	121978968	120837808
"O75489"	42403252	45830808	47020844	34601232	36968864	39973176	40049052	44360044	42680464
"O75494"	70844368	67025240	62961328	39159616	33221992	30200338	40087036	35901840	38598012
"O75506"	15751443	9420221	11746907	NA	6941454	11233129	5802496	NA	5205336.5
"O75521"	NA	NA	NA	NA	3341726.2	3895840.2	NA	NA	2217446.8
"O75528"	4423596.5	5289433.5	NA	NA	NA	NA	NA	NA	NA
"O75529"	NA	NA	NA	NA	NA	NA	NA	NA	NA
"O75530"	13584649	13124597	17484888	NA	NA	NA	NA	NA	NA
"O75531"	197443824	216804304	228636352	182159568	208767200	200859808	184636256	148771120	173218672
"O75533"	106301984	97499280	106386976	55679840	56482632	56356724	69501752	68111384	64363924
"O75534"	173891008	168420448	161529088	85612464	76473240	86267368	87699344	84696864	80829336
"O75554"	5983856.5	5301710.5	5050751.5	NA	NA	NA	NA	NA	NA
"O75558"	2228168.8	6469092.5	4090595.2	54031232	50162116	46054192	7487911	8083607.5	6934356.5
"O75563"	9436034	6072839.5	8379027	NA	NA	NA	NA	NA	NA
"O75569"	21737032	20012384	14929588	20240750	22881040	18113034	18115240	17911170	16540665
"O75570"	NA	NA	NA	NA	NA	NA	NA	NA	NA
"O75586"	NA	NA	NA	NA	NA	NA	NA	NA	NA
"O75592"	11964356	12233309	15478994	9047604	8131303.5	NA	15796082	9503044	8301284.5
"O75607"	32274544	24528372	27100280	20527186	25050682	10955295	20789724	11125862	23722290
"O75608"	105893776	93549016	85676880	98590632	93635152	59994844	95124008	77529696	86299208
"O75616"	21965812	NA	24804080	NA	NA	NA	NA	NA	NA
"O75629"	21635248	13646475	18181240	25635794	23502564	23183438	9946008	5800322	9351033
"O75643"	52236528	52601080	50401912	41434528	43262952	40049548	39296436	37955576	40486904
"O75648"	NA	NA	NA	NA	NA	NA	NA	NA	NA
"O75663"	37777104	37452320	38745092	40089868	39622976	35949752	31764044	32874176	31903736
"O75665"	NA	NA	NA	NA	NA	NA	NA	NA	NA
"O75676"	NA	2844743	NA	NA	NA	NA	NA	NA	7717380
"O75683"	16794340	16902708	16122422	6365813.5	NA	25368888	11758036	5954518	7065545
"O75688"	13790351	14165744	13094660	14642654	12772740	15285554	17983372	18003340	18622542
"O75689"	3193228	2912742.5	3727373.2	4173558.5	NA	4258872.5	2289367.8	3298199	3547111.5
"O75691"	2954425.2	2390696.8	5010877	NA	2498261	NA	NA	NA	2571746.5
"O75694"	29835768	29811672	29113560	21187824	22356278	19120414	20525890	19727562	19872110
"O75695"	20096536	23577620	22260338	33097732	34804636	34975416	22911588	20339004	19604836
"O75717"	8768526	NA	8596509	NA	NA	NA	NA	NA	NA
"O75718"	23731190	22077166	24046374	11364386	11691547	13733348	15532900	14903475	14389369
"O75746"	3795227.2	5463349.5	5485444.5	7687869.5	10666439	8874801	6271872	5636207.5	9026150
"O75787"	20055452	21339588	19033520	6891389.5	9485856	8689606	10362930	11038082	10788645
"O75792"	83451200	247538816	86567304	171428576	96488504	25551656	106280904	131014752	85519800
"O75794"	14135006	12946838	13824287	15312757	18295690	16433370	6796506	5943299	7446975.5
"O75808"	NA	NA	NA	NA	NA	NA	NA	NA	NA
"O75817"	NA	NA	NA	NA	NA	NA	NA	NA	NA
"O75818"	3971269	2984216	NA	NA	NA	NA	NA	NA	NA
"O75821"	72543512	79131304	76689016	48660548	45631092	47115076	39576920	37095500	44823532
"O75822"	109541032	105490096	103109216	77960208	76455232	77706496	89565464	90764968	80460296
"O75828"	3761970.2	8142144.5	NA	10255958	13001253	11385243	9610499	9806371	8711561
"O75832"	88505168	86142952	76540648	59893252	48818096	56898804	73579576	76547192	60215496
"O75844"	180255984	190507248	189589104	269138336	247269072	260048016	322429760	309197696	316764448
"O75864"	NA	NA	NA	NA	3469295.8	NA	6652323.5	3787144.8	NA
"O75874"	108470328	117248248	116808064	90364656	84446472	88954480	83574920	82715464	83060184
"O75879"	NA	1212458.5	1293290.6	1858303.2	3996564.5	NA	7736938	NA	371470.78
"O75880"	NA	NA	NA	9296899	13142796	968450.75	8536572	9881671	7603381
"O75881"	NA	NA	NA	NA	NA	NA	NA	NA	NA
"O75886"	11968759	13467019	18197260	15668967	15694316	17835318	6846211	12043214	12635941
"O75896"	NA	NA	7014760.5	8420820	NA	7885344	NA	NA	7783966
"O75907"	10949151	12725212	10880212	14887320	16969462	16143313	21716838	20593948	21391006
"O75909"	17783560	15017656	16520215	9062227	11389459	9368515	9560430	10616752	9060103
"O75911"	NA	NA	NA	NA	NA	NA	6202022.5	5104252.5	6266990
"O75915"	35853564	36381296	36416708	87346720	86977032	67261680	63770068	80196296	80025136
"O75925"	7639840.5	8593533	8504549	NA	NA	NA	NA	NA	NA
"O75934"	23798316	23452438	23847224	14769409	17091832	19308234	11108097	12946499	10593507
"O75935"	13932902	12212863	14869719	17217132	14607175	16575104	16749634	17626536	17115812
"O75937"	81661592	80713784	76301552	35608292	33493330	36152460	26646626	27096870	26477358
"O75940"	43076744	43989544	48112540	24531912	25105898	24834772	25685940	23235450	24552286
"O75943"	NA	NA	NA	NA	NA	NA	NA	NA	NA
"O75947"	157530608	152202432	143723024	141837136	136938544	120838712	134846336	138545424	144488000
"O75953"	NA	NA	NA	6862793.5	6852524.5	8273195	NA	NA	NA
"O75955"	6237156	5534125	4343244.5	8340963	8493875	9141453	8537823	8889091	9628188
"O75964"	136801824	134368048	146224992	149472720	122641392	132915328	153501104	153384128	145039888
"O75976"	5192976	NA	5392512	8552814	7832339.5	10055945	6855734.5	NA	2041572.9
"O75995"	18346788	12258625	16286989	7796814.5	4922025.5	NA	5627563	9970766	13342524
"O76003"	71048528	72166944	73046280	62408416	67569832	77179032	58153492	63238300	57407388
"O76021"	77899424	75803504	72617472	42492752	42016752	48021428	54995456	56950884	54737692
"O76031"	16331488	15386282	12680069	10842035	11126328	11331161	9538663	9183573	10381411
"O76054"	NA	NA	NA	9138195	NA	NA	13666497	11026520	11730248
"O76071"	22206524	22323568	21568644	18817602	21198064	24592994	21690134	23785092	23121354
"O76080"	7416790	7222681	6414905.5	8583260	5043306	7322768	4925715	4335623	4133231.2
"O76094"	68658192	61427376	63546300	68190288	73721328	67639648	69685816	73798744	71393696
"O76095"	8370874	NA	5375878	6719321	NA	4864317	7139985.5	7626391.5	6950222
"O94760"	12169010	15486212	13252638	8514755	NA	12728520	NA	9080721	8115996.5
"O94761"	NA	NA	NA	NA	NA	NA	NA	NA	NA
"O94762"	2175710	NA	1997241.4	1945503	NA	2053471.9	3436092	3043705.8	2244271
"O94763"	9785504	10648235	11353099	NA	NA	4393530.5	NA	7449752.5	NA
"O94766"	13427804	11232495	14100068	14263424	16472265	15146211	17402874	14283111	17219712
"O94768"	NA	NA	NA	NA	NA	NA	NA	NA	NA
"O94776"	67465240	63001040	64281772	31897630	34755740	32690356	24874602	26178788	24625024
"O94788"	33719068	29332664	32891320	24078886	17438390	26590258	230300032	171200512	124950240
"O94804"	84675464	92724768	86225776	146651088	148040448	151157712	142345184	144626752	143013728
"O94808"	NA	NA	NA	5385280.5	5958991	5726338	NA	NA	NA
"O94819"	6301587	5768515.5	4491310.5	4902632.5	5168393.5	4270658.5	2021258.4	6931895	7167763
"O94822"	4342328	3240258.2	NA	3109422.2	3839514	4684797.5	4599953.5	11630156	4237977
"O94826"	39333240	40862416	38648432	40687428	42254416	44906168	53814764	55188172	57363944
"O94829"	NA	NA	NA	NA	2729696.2	NA	3804078.5	5e+06	6115688.5
"O94830"	NA	32261392	35164484	NA	NA	NA	NA	NA	NA
"O94842"	11968297	12067684	9109953	10149980	5468978	3279984.2	5519041.5	2732189.8	5248738
"O94851"	27058502	28282948	NA	NA	15819509	13155443	31143944	18756934	20610812
"O94855"	19000752	17756724	20362624	18090470	20750548	19024618	19994234	16052548	21326424
"O94868"	NA	NA	NA	NA	NA	NA	NA	NA	NA
"O94874"	22462170	21371926	22841814	26423892	26635920	28217350	29105122	28632086	29749882
"O94880"	NA	NA	NA	NA	NA	NA	NA	NA	NA
"O94885"	17094286	18375968	14723747	14695524	12484005	14248173	9588607	12261229	10142710
"O94886"	NA	NA	NA	NA	NA	NA	NA	NA	NA
"O94888"	38680832	38248832	42600040	23253330	36618100	30148330	57217184	46598612	53388308
"O94889"	NA	NA	NA	NA	NA	NA	NA	NA	NA
"O94901"	1932358.8	1473096.2	2044504.9	NA	NA	NA	3793099.2	NA	1452232.9
"O94903"	46181772	47012284	49862520	43067468	41375272	44214012	46952148	47990072	49759324
"O94905"	204450016	187937904	182111584	169862432	180608640	158662848	168993136	170824944	174004304
"O94906"	24259718	23817296	23083930	12481101	12855101	11466213	11529331	16292720	12554739
"O94913"	6730969	4215844	5221230	1690814.6	NA	NA	NA	NA	NA
"O94915"	12323201	10653126	7357488.5	8948819	8357005.5	2927970.5	4958290	6752056.5	6311050.5
"O94919"	NA	7002302.5	784742.5	10493449	9456327	10157828	NA	NA	NA
"O94921"	NA	NA	NA	3976931.2	NA	NA	NA	5395435	4681788
"O94923"	NA	NA	NA	NA	NA	NA	NA	NA	NA
"O94925"	34693508	36264260	38322620	74620960	76888968	70106784	37060460	42901224	46157556
"O94927"	NA	4217750.5	2546566.5	NA	NA	NA	NA	NA	NA
"O94966"	8309714.5	10072517	11231953	9033279	9773327	5362584	9583601	4727092.5	6814155.5
"O94973"	18980018	15534043	18166568	28427744	28496496	30546342	29157848	29274238	33613400
"O94979"	43049164	41406804	43617396	51195776	49665628	47292576	51288124	51293152	50147692
"O94992"	20143798	25833476	18846880	14747451	17855884	15799867	8103332	7305095.5	8992714
"O95070"	NA	NA	NA	14644075	17723566	NA	13149462	9513215	11062582
"O95071"	9099560	5471508	5840394.5	6234028.5	NA	7063778	6660458.5	6020982	6470251.5
"O95104"	40342480	39924136	42607140	36407508	41890616	39754392	25553324	27836756	30684174
"O95136"	NA	NA	NA	NA	NA	NA	NA	NA	NA
"O95139"	8394866	8531657	6808246.5	6797236.5	8052143	7802652.5	10450244	8887442	8950148
"O95140"	2545931	5476582	4422343.5	5400705	9279502	3556406	5810822.5	7234762.5	4523947
"O95147"	NA	NA	NA	NA	NA	NA	NA	NA	NA
"O95149"	9653323	7648230	10364995	NA	NA	NA	NA	NA	NA
"O95155"	5620855	4514508	4154122.5	5707540.5	5308016	8967180	1864518	6148760	4555001
"O95159"	14339868	12420107	12130859	11875460	11722428	11617147	10375374	12207512	10697455
"O95163"	4966805.5	8161972.5	27966894	NA	NA	3107774.2	8362128.5	7210721	3329731
"O95164"	NA	NA	NA	NA	NA	NA	NA	NA	NA
"O95166"	25346964	17522268	20877636	10709054	NA	NA	17846984	12282564	NA
"O95167"	15436408	17027992	28122746	7274209.5	11494439	7645849	18510194	15018709	17053482
"O95168"	27350576	25982078	25507896	24194924	22930682	25369796	22618488	24071786	26058224
"O95169"	10766825	11343335	9925034	10657648	11402167	9998107	14342898	15876050	15502301
"O95182"	16057654	19669304	19438942	14697803	17378436	18969270	17895230	17464214	19197764
"O95197"	91119200	95062400	95716296	99798296	89666568	88526016	93973744	95222696	91837168
"O95202"	25795378	28235076	25734190	38347588	36704860	37686552	46401368	47598204	47527388
"O95208"	NA	NA	NA	NA	NA	NA	NA	NA	NA
"O95210"	8009187	6521649.5	10504929	10961480	11285597	19025798	9607199	8955506	7395287.5
"O95218"	24846410	23994896	24997318	16705996	19027462	14896592	10491957	14700824	14301424
"O95219"	3046054	3624668.8	3651920	4001153.5	2267350	3831580.2	3943343.8	3930532	2339211.8
"O95232"	54216376	49180384	51564052	35269364	37695328	39339140	32982282	30322722	32862148
"O95236"	NA	NA	NA	NA	NA	NA	NA	NA	NA
"O95239"	3969979.2	4189706.2	3397648.8	NA	NA	NA	NA	NA	NA
"O95248"	NA	NA	20113026	NA	11195336	11972842	9195009	11356903	5362062
"O95249"	30848768	27129832	32887082	26654390	28905212	26849676	27624478	26154160	26353954
"O95251"	5844762.5	4210420	NA	NA	NA	NA	NA	NA	NA
"O95273"	NA	NA	NA	3646119.2	3008402.8	2810046.8	3694792	NA	3122851.8
"O95292"	25789826	22638988	31611790	32934680	23933888	24834462	32230698	32361198	34706196
"O95295"	7248381.5	9368203	7866479	8084709	7492722	6652287	5448346	5027183.5	NA
"O95297"	NA	NA	NA	NA	NA	NA	NA	NA	NA
"O95298"	24687528	25823558	25251374	19059426	17141968	16531558	28865398	27920806	25037204
"O95299"	24484588	25476838	20995724	20422124	20988360	22080750	22861154	28313174	26893136
"O95302"	5853603.5	5502471	7753052	NA	9018831	3236449.5	NA	NA	NA
"O95319"	71269296	70237752	71683704	29714768	31308406	35162012	30414950	32055214	32210220
"O95336"	149974768	141519504	140750272	130767008	133080104	124370664	114092248	120376016	117202976
"O95340"	9535982	9552078	8168347.5	26277408	25548718	28117662	30677510	27150882	25215224
"O95342"	NA	NA	NA	4993365.5	2221534.5	4905580	NA	5049689	9827394
"O95347"	38749988	42161468	25962624	2525569.8	22901686	9520397	NA	NA	6032817.5
"O95352"	22775238	20385040	18907914	34139780	36162104	31877206	44926820	41256580	46269720
"O95359"	NA	6548690	NA	4219831	NA	NA	9139876	8733130	9460510
"O95365"	14947870	13626186	11742988	9317311	10215070	8145346	8562776	3944940.5	2234224.2
"O95372"	38458860	45022964	42666504	57461532	48837716	49710572	51124488	52954632	52029600
"O95373"	66952776	66191028	63061840	63399232	63874236	63633232	78196824	79428544	85022584
"O95376"	2981153.5	3772589	9128818	10097789	9196138	3756220	9039727	8568453	6945602
"O95379"	7187582	9288148	8021126	35858540	41443356	28380158	13395388	16479480	20763328
"O95391"	9457943	11094023	5717613.5	3369138.2	5659521.5	6877534	NA	5729537	6194733
"O95394"	11808357	10109331	7894339	19482474	17903514	20846928	18809680	19811012	20776566
"O95396"	1117855.9	2027736.5	3300135.5	4009193.8	3467930.5	NA	NA	NA	NA
"O95400"	6037889	4938174.5	7356076	4491016.5	4967324	4513761	NA	NA	1402806.9
"O95406"	4235374.5	3579475	1974783.2	8614495	7815858.5	4514892.5	9330005	9902938	9921337
"O95415"	11395858	7113525	9009923	14338492	17108202	13788160	NA	9980627	3812313
"O95425"	NA	5122388	2697894	1503441.1	1093090.6	NA	NA	NA	1277046.4
"O95427"	1537308.8	1367969.9	1023287.75	NA	1472771	NA	NA	NA	784794.56
"O95429"	6638131	6421165.5	6472825	NA	NA	NA	5694635	NA	NA
"O95433"	98035328	103883424	102485984	85167840	77845840	83401400	103884728	108354152	106588296
"O95445"	NA	NA	NA	NA	NA	NA	NA	NA	NA
"O95453"	4119845.8	3610115.5	4169638	NA	NA	4000559	2540816.5	2362461	2645563.8
"O95456"	20150372	20213218	19381684	16919386	15010585	15895262	13014349	16064932	17114618
"O95466"	32242668	34275696	28096948	52935860	50706556	52814504	33617244	34125964	33443004
"O95470"	4990280	3729973	3735236.2	9513207	10366437	7696132	9312771	8072517.5	8743861
"O95477"	NA	NA	NA	8883791	5834249	NA	NA	NA	NA
"O95478"	18141510	18833724	20239780	7560587.5	7991436.5	10153934	9176115	9307140	10720646
"O95479"	14504682	14212817	12850688	19332418	18529678	18732908	21552900	21408226	21558444
"O95486"	7918903	7869201	7171290	18591436	19095170	17132376	10921130	11895667	13868864
"O95487"	8214993.5	8974209	8433954	15199441	14615309	15888821	15202109	11614777	13661061
"O95490"	NA	NA	NA	NA	NA	NA	NA	NA	NA
"O95503"	3268722.5	4865489	3729762.8	NA	NA	NA	NA	NA	NA
"O95544"	NA	7033906	6075648	17254228	16674530	18270690	7489655	6120880	6399127
"O95551"	NA	NA	NA	NA	NA	NA	NA	NA	NA
"O95563"	21785258	24560756	26379488	32371708	34040704	39513584	44806584	38846236	41918324
"O95571"	48277488	56216940	54566120	252441920	228227776	235400624	172962144	177046048	175937408
"O95573"	27010598	26709608	26445338	30911662	34024308	33018388	37525164	37161320	36463332
"O95602"	12497574	9643958	8297276.5	NA	NA	NA	5451249	10434478	8670501
"O95613"	NA	NA	NA	NA	NA	NA	NA	NA	NA
"O95619"	7139903.5	3809428.2	7079256.5	NA	NA	NA	NA	NA	NA
"O95628"	3404630.8	3062215.2	3243313.5	NA	NA	NA	NA	997352.8	NA
"O95630"	30232770	34645008	17081406	25181324	22898186	28050042	22603378	20384698	44408888
"O95639"	17453888	19746812	17923898	12392886	14958951	10986162	11771247	NA	14583698
"O95644"	2082412.4	NA	2115044.5	NA	NA	NA	NA	NA	NA
"O95671"	13274814	14314717	13176662	15801598	13802423	13760336	11448314	12362098	10624031
"O95674"	6373282.5	9620112	5720487	11602184	12741460	13534574	10022424	13893836	14100547
"O95684"	7184133	6271051	5668134	3889151	1458151.6	3188893.2	NA	NA	NA
"O95685"	4147807	4988748	1322966.5	12986053	1715247	NA	NA	NA	11697441
"O95707"	2122982.8	1798493.8	1225959.8	2176818	2612965	3097356.8	511245.38	NA	2101736
"O95714"	NA	2060717.1	1676469.6	NA	NA	NA	NA	NA	NA
"O95716"	15694616	9309494	42392956	NA	NA	NA	NA	1563227.2	NA
"O95721"	20786240	22562222	18981366	17646546	18008106	19989884	15038637	16520997	13283003
"O95741"	NA	NA	NA	17710734	7469791	6998844	8914232	8033112.5	11454601
"O95747"	29611184	26180186	29571568	49087440	51193048	52200840	45849984	40305068	41897912
"O95749"	13650472	13686085	14229890	16085530	16638271	14818722	14848435	17581242	13615457
"O95757"	12122784	15205911	14754429	10034210	7968646.5	7698173.5	9295330	8638368	7443822.5
"O95758"	27738260	27026214	28990736	29637700	28507234	30721368	24892232	23439714	26583940
"O95759"	NA	NA	NA	NA	NA	NA	NA	NA	NA
"O95772"	7753453	8056372.5	6804703	5215293.5	NA	7649422	5904423	5026653.5	6428827
"O95777"	49191272	46708776	45336056	34969356	33121412	33998636	30343752	31627396	31621634
"O95782"	48259600	47098052	47922412	58636968	55889248	54696400	57955064	54194592	52866344
"O95785"	9543160	8459138	5389425	NA	NA	NA	NA	NA	NA
"O95786"	11985526	12235302	13896201	93033000	92094392	90795496	7528451	7775091	6909586.5
"O95793"	16318391	16426179	15867074	21219804	20285376	20731996	11015436	10229494	10474292
"O95801"	8697694	8059446.5	8268745	6648637.5	4205441.5	7914797	NA	5241488	2744408.8
"O95807"	5668791	7593670.5	7206438.5	7595452	8689645	10088728	7379559	9814257	10593575
"O95816"	18827504	18209140	18866186	8984226	9210379	9145215	11328559	11549773	9940301
"O95817"	56724272	53057856	48917852	35407780	32087230	33340224	39360824	37001440	39308600
"O95819"	10961769	11960087	14617221	24075016	21324078	27242914	23571568	22288628	22469782
"O95822"	NA	NA	NA	NA	NA	NA	NA	NA	NA
"O95825"	17234994	19245300	15618359	13929540	18994126	11260759	9265716	11239672	14792146
"O95831"	65439124	71479960	71874880	73682992	72796768	74052960	80208264	82693136	81603952
"O95834"	27478016	32102958	25440046	34582124	29976530	35600844	42845436	31790494	33169680
"O95848"	17478978	24027474	20458070	15099079	17635330	14449581	12122968	11893694	17057116
"O95861"	48928264	52169384	51427436	57364280	54841752	60818800	64036880	65101972	67268200
"O95865"	14126697	11835401	13212603	8410445	8937709	8868861	8574664	10156637	8856551
"O95870"	18348236	17411934	17064478	28315872	31149268	25405314	30872372	29043794	31052254
"O95873"	NA	NA	NA	5173589	7784462	NA	NA	NA	NA
"O95881"	88933352	96557848	95689792	64419464	55416704	55543988	70734992	72809168	65548588
"O95905"	NA	NA	NA	NA	NA	NA	NA	NA	NA
"O95926"	6149680	3626882	2394564	6318504.5	2179141	8209473	2212253	1994785.9	1315349.6
"O95983"	16892936	17297510	15619374	NA	7023737.5	NA	3769987	3280291	4514546.5
"O95989"	28868442	29047874	32222276	20417252	23467698	25722460	26702826	30348788	25573492
"O95999"	5490564	5952861	4898237.5	6897835.5	5927074.5	8971113	4454158	3805450.2	1929535
"O96000"	39469184	39082424	41502724	28968074	36100824	36296428	33219824	30026184	32754152
"O96005"	48634920	50519544	52209744	55840540	50330188	44693832	52743276	53723496	53366032
"O96006"	5454274.5	1955577.4	NA	NA	NA	3773718	3425453.8	NA	1663550.5
"O96007"	NA	4176044.8	7134541.5	NA	4380785	NA	NA	NA	NA
"O96008"	49454652	55009192	52707848	78752576	80264352	67060280	73734904	76630296	76561416
"O96011"	9653208	10294551	11852555	14873659	16457886	13369752	12866504	13645737	13958812
"O96013"	NA	NA	1188503.9	1821596.4	1859488.8	NA	NA	NA	NA
"O96017"	4850395.5	5304505.5	9652767	NA	NA	NA	NA	2369280.8	5546341.5
"O96018"	NA	NA	NA	NA	NA	NA	NA	NA	NA
"O96019"	53085664	55958900	62934252	38945076	35945928	35491128	32933034	28197746	31171712
"O96028"	NA	NA	NA	NA	NA	NA	NA	NA	NA
"O96033"	NA	NA	NA	NA	NA	NA	NA	NA	NA
"P00156"	8282997.5	9119647	8527914	13512865	13678168	15004238	12986803	NA	13069242
"P00167"	31991720	33557316	28901368	36071700	35039156	32700744	17154590	16434946	14812122
"P00338"	427273344	464128256	444576128	414927776	420366208	402643968	409269536	402529856	395677536
"P00367"	144044944	160246848	162985952	237387440	256264464	244057280	217112336	224490608	225981840
"P00374"	33634540	34226312	37049380	NA	NA	NA	NA	NA	NA
"P00387"	118665392	120014792	105479528	198450736	179650576	196521440	213148144	207840992	193266752
"P00390"	94911208	93408608	95051416	91809504	89768808	88191352	105543200	104263072	103493848
"P00395"	NA	NA	NA	24779292	16637813	14497891	12785983	10145144	13252475
"P00403"	82653056	61714024	85282600	104515352	96301264	104401960	103402680	99747864	94673056
"P00441"	617151100	632728830	659813760	501875136	500035808	511797952	481205280	535634496	458862400
"P00488"	11594603	10508342	11515445	10661081	17723606	17752768	10324820	NA	14921155
"P00491"	376372160	377978720	399296192	588195330	560951420	590018300	631327170	646255550	609187650
"P00492"	57076448	63365084	70744136	50447140	54596712	53513056	55113620	56529708	54692936
"P00505"	52428304	45805304	45573584	61166428	61153316	70909760	74221440	77053464	73792744
"P00519"	NA	NA	NA	NA	NA	NA	NA	NA	NA
"P00558"	1057813760	1068028610	1080157440	1029092290	1038611200	1077083260	1097931900	1086349310	1063856700
"P00568"	40480520	42829860	42720412	49149740	52018568	47284608	69460880	64849700	66431808
"P00734"	14370462	9974353	13561155	14507352	13225646	17829562	13293618	11584953	10157125
"P00747"	7173433.5	5428040.5	7497287.5	15942462	19997170	16976150	11444422	13162494	12969828
"P00749"	NA	NA	NA	NA	3590705.5	3104824.8	10037580	9622562	7607931
"P00813"	NA	NA	NA	14948843	14675424	8669739	1781318.9	4189210	5724603.5
"P00846"	54249548	64196980	60819212	72580632	73044608	70001664	80861576	70905624	79188232
"P00918"	2039630340	2079272700	2118148480	1423347070	1401693060	1453118340	1288109570	1297282940	1213393280
"P00966"	32433306	34631004	32499326	55787492	53009828	57159476	59840404	60728324	59580920
"P00973"	19049402	20504066	20407042	41759100	38814220	40702364	NA	NA	NA
"P01008"	11082840	8866494	7599348	NA	4720221	7585501	NA	NA	NA
"P01019"	3413332.2	3277759.8	2546541	3733371.8	988761.4	2778695	NA	NA	NA
"P01023"	20523844	19920224	20454712	22947382	24898088	23495834	19112900	22750992	20093836
"P01024"	2715537	3340215.2	2171820	4613750.5	NA	NA	NA	NA	NA
"P01033"	17948318	15549292	23443028	73967048	75080896	64074192	159206176	129724368	149831184
"P01034"	13700259	16639396	16301076	NA	NA	NA	14917551	13862741	12468262
"P01040"	22362544	24401898	18205822	33274472	30459650	28411524	22769986	15282450	17785618
"P01100"	4549204.5	4799285.5	5354510.5	3708240.5	NA	NA	NA	NA	NA
"P01111"	24197518	25110326	26261022	41401740	29114878	39717484	31993834	28342578	30574168
"P01112"	16109323	15891486	16249528	26121562	28483806	21704026	19660746	24192506	19368750
"P01116"	38925816	44366776	22685506	53019340	56621836	55676952	38629420	35001944	38973172
"P01137"	35714520	38061060	34536552	113692088	99570968	110310296	61179248	62243000	63960424
"P01375"	NA	NA	NA	NA	NA	NA	NA	NA	NA
"P01579"	NA	NA	NA	NA	NA	NA	NA	NA	NA
"P01584"	105352064	118057592	120821368	394007296	355108384	331126560	6419258.5	NA	12858183
"P01889"	114967312	114180416	103639024	198441632	210076096	203044336	93451056	90940552	94380968
"P01893"	20424344	25472936	23711554	44187092	56573216	50604244	28836482	26991146	30671894
"P01903"	NA	NA	NA	23211292	26349550	28246242	NA	NA	NA
"P01911"	10389353	12386817	11781907	82397368	78623160	81016496	NA	NA	NA
"P02462"	NA	NA	NA	3850795.5	2120505.8	4030263	2743968	NA	4393550
"P02533"	NA	NA	NA	NA	NA	NA	NA	NA	NA
"P02538"	833631.1	NA	NA	NA	NA	1820740.4	NA	NA	542527.4
"P02545"	658885310	670382780	667010300	740852610	683656960	722293630	809853500	814657090	763115520
"P02647"	26148166	29401606	36083504	27564874	27753594	19391448	16106653	16253193	16608211
"P02649"	10999334	12179715	13015776	15200877	14520515	16225967	35576528	40691552	39707892
"P02655"	41961792	35362152	43304060	15455387	11979166	10903532	19087786	17691324	19190222
"P02656"	NA	NA	NA	NA	12358318	25507152	NA	NA	NA
"P02675"	6017748	NA	NA	NA	3913628	5683899.5	NA	4624523.5	NA
"P02679"	6455829	7177558	5381750	9554296	7611312	10005692	7092812.5	NA	7656633.5
"P02686"	32235774	32482078	35500228	27625996	25313280	27743952	30582342	27878950	27018682
"P02689"	NA	4740567.5	5354420	NA	NA	NA	NA	NA	NA
"P02749"	NA	NA	NA	9352817	12377830	8476321	NA	NA	NA
"P02751"	25847478	25145492	28920318	39110112	37476972	35751764	50693576	48732488	46587440
"P02765"	470641152	498726816	493454784	527069920	525909696	594050690	265095392	262989552	262475200
"P02768"	3460409.8	9583003	NA	NA	1316834.8	NA	NA	NA	NA
"P02771"	1322124.2	NA	NA	6325021	1555155.9	2546002.2	NA	662836.5	NA
"P02774"	5621668.5	22496638	40286336	24576222	15606961	29375724	NA	11345702	NA
"P02775"	NA	NA	NA	NA	NA	NA	NA	NA	NA
"P02778"	NA	NA	NA	586800190	601886850	576202430	NA	NA	NA
"P02786"	16868964	18242498	19477150	14223329	9888563	13627725	23678766	22115648	22080530
"P02788"	36509800	39172912	34590252	27186672	25755254	27496744	16006259	17888874	15411768
"P02792"	20111654	23292466	26012710	17558188	25100832	23853388	15476293	13300345	10594990
"P02794"	14244048	14011929	14983672	20152312	19141876	21164750	9545207	8976923	8929198
"P02795"	40649376	63688428	49118720	165087440	132376888	152877424	24870128	27288004	26286180
"P03886"	8997307	11513860	7061456	8673237	8872990	10983511	13728539	13300960	12930911
"P03891"	NA	NA	NA	NA	NA	NA	NA	NA	NA
"P03897"	NA	NA	9833493	NA	9684791	5824090.5	13652734	13900405	9775767
"P03905"	5888353.5	6043479	2608052.2	6624007	5754963	4739162.5	6089760.5	5329629	5124375
"P03915"	9057382	10904631	8107031	16369377	12645987	12625623	12639367	13288875	11594670
"P03923"	NA	12309529	9922583	9442604	13333308	17020938	12852822	16604093	16429154
"P03928"	65864124	52239780	61309308	60439864	47241876	40861316	53967920	76271744	56042096
"P03956"	NA	NA	NA	2468579	3453355.2	2010123.8	1225688	473840.47	1446360.5
"P03973"	65149172	70494576	69740344	17957322	17780680	16721685	4185723.2	5551900	3535647.5
"P04003"	NA	NA	NA	15736755	13775985	13806742	NA	NA	NA
"P04004"	219175888	256452704	256101872	473825024	542815300	348363104	139616352	192134784	275061152
"P04035"	7406454	6088831	6453827.5	NA	NA	NA	NA	NA	NA
"P04040"	517393536	510174624	520414496	311442720	285905888	308489920	250005056	254326368	256973200
"P04049"	4522438.5	9963140	4578927	8778991	8756784	8287881.5	7570759	4566248.5	9657956
"P04062"	12684427	13839971	12427198	28431406	22938650	21786996	NA	5705878	5489347
"P04066"	1324655.5	648956.7	938730	NA	NA	NA	NA	NA	NA
"P04075"	2664513790	2710761220	2582608640	3082740220	2994084100	2978167810	3099814910	3092406020	2861646080
"P04080"	740126400	812545410	819917890	1654262400	1818278660	1676224770	2250229500	2042870530	2146440320
"P04083"	535834240	540627010	548480510	897338940	909111870	895054400	1472750720	1424114560	1412581380
"P04085"	NA	NA	NA	NA	NA	NA	NA	NA	NA
"P04114"	4879164.5	2621095.2	4189663.2	NA	5357498	NA	4268212	NA	NA
"P04150"	16428938	18238786	15596027	29261882	30997880	29477530	11738030	10554058	12538530
"P04156"	NA	NA	NA	NA	NA	NA	7311285.5	NA	6145338
"P04179"	306363488	288485760	303503552	3384857600	3183580930	3269269250	698947200	645932350	631739010
"P04181"	17272592	18740776	19457650	15064779	13189685	13971901	37474200	35535344	39396156
"P04183"	8040420.5	7045756.5	5954978.5	NA	NA	NA	NA	NA	NA
"P04233"	14872966	13978539	17325298	18502378	14971161	15298454	NA	NA	NA
"P04264"	42776848	39631824	40594468	62937724	62128184	58664768	38528224	36088092	35995136
"P04406"	2322337020	2444390400	2516337920	2561220100	2704559870	2594974210	2518143490	2596681220	2528358660
"P04424"	10529947	9770932	10546603	13831449	14561659	13229537	22573630	20653606	18418574
"P04439"	193070224	196557568	205356496	402857312	383943680	394898496	199814560	191554576	183932448
"P04632"	94529312	87003440	93715040	102625952	86087728	81470544	89789152	91117904	90302552
"P04732"	28991940	33144452	37144336	15424435	16641337	14939971	7254139	7617298.5	6416863
"P04792"	1565750780	1543174780	1584592380	825964610	876781950	816656700	865589250	815849790	868142720
"P04839"	16546035	13482187	13604590	15348005	15505014	13116335	11689640	11091662	11571301
"P04843"	170156864	167302656	171033904	171798000	169539120	180600576	201260384	200313216	192240224
"P04844"	160223472	142620864	147737968	193815920	205885808	187039600	179417616	183508800	199087872
"P04899"	173432928	168816736	174734832	187957344	160216464	177415696	113224184	127484304	113364656
"P04920"	5356650.5	6130933.5	6260329	NA	5289014.5	16473607	NA	NA	NA
"P04921"	9503408	NA	NA	NA	NA	11308665	NA	NA	7577290.5
"P05023"	111784224	117101472	112783664	143848000	135300640	138578464	161055776	158132416	154556864
"P05026"	15594550	13430764	14690787	15545925	14314453	16257534	17756548	17175554	19772840
"P05067"	3673802.8	2366701.8	1748841.6	7085693	4791394.5	9423361	8672243	9155492	9617315
"P05091"	76433904	77713768	76660896	47471308	48545852	47430432	40936348	38618300	41021208
"P05106"	1157881.1	NA	NA	26334436	22033110	25156180	28466000	31144806	31677810
"P05107"	292819648	304472960	300979488	229856816	222544608	234650208	283009472	290732256	287278656
"P05109"	5848697	9813033	6105223.5	4174145.8	NA	3903129	NA	NA	NA
"P05114"	58286868	57605224	62484636	17710026	23000828	22358436	24496022	27107732	24850268
"P05120"	NA	NA	NA	24137276	24016780	30623276	4499182	NA	2130411.2
"P05141"	225863616	247735120	241738592	312825984	298274336	321932032	337240064	341126112	337961376
"P05155"	NA	NA	NA	10399625	10421124	11067133	NA	NA	NA
"P05161"	296215296	343212640	326057600	1657792260	1381174660	1402077060	116871760	113664992	99242400
"P05165"	7696236.5	6371010.5	3540982.5	9245065	11917360	10999508	11402310	14425769	12975543
"P05166"	8880230	8584089	6905878.5	14392059	14565708	11303000	19324304	18076698	16520709
"P05198"	127801272	132102736	148173488	130250784	123708160	128416144	133825072	139206784	129625416
"P05362"	61001936	64769952	66371428	350053152	355047040	363802208	126205208	119244552	125373936
"P05386"	842787460	669252540	331403744	1039647040	493295456	752626620	437890272	411989760	465936800
"P05387"	1082623360	991152130	1023811330	833166340	778116540	891837890	902967100	896086270	879009730
"P05388"	632259330	612155330	618896130	645366140	647900930	630080770	704861500	692469180	692173180
"P05412"	NA	8481230	11771283	19072860	25954714	NA	12077706	NA	23103884
"P05413"	2549625.5	1757593.2	2151496	1036451.44	2378794.5	1273312.1	2195402.2	2705946.2	2189467.8
"P05423"	NA	NA	NA	NA	NA	NA	NA	NA	NA
"P05452"	8769339	8156323	9099155	NA	NA	NA	8368521	NA	NA
"P05455"	224870656	215623408	220015904	217229296	206742448	212232160	138493728	133921552	135089504
"P05556"	52527596	52250852	52893168	111196648	114646504	110672560	98694320	92015552	98798448
"P05771"	4396042.5	7198154	14684708	NA	NA	NA	NA	NA	4450940.5
"P06132"	47055912	47380644	53117356	40926292	35815144	43545916	51237472	58554700	52573936
"P06213"	NA	3451283.5	3581764.5	NA	NA	NA	NA	2776045.5	NA
"P06241"	NA	NA	NA	NA	NA	NA	2698893.8	2777430.2	5610400.5
"P06280"	19242730	19964352	21366116	12676469	12320213	11645172	10862975	4802664	12417509
"P06396"	1374216060	1383926400	1393233410	1766911740	1872197630	1813848060	1902533120	1893841540	1876392700
"P06400"	14477476	13139323	14500211	3755442.8	4819645.5	6450575	NA	NA	NA
"P06454"	3988374020	4605308900	4376837600	1880465920	1330774020	1451593860	1406240260	1886764540	1405300610
"P06493"	44467112	41912344	39706732	NA	NA	NA	NA	NA	NA
"P06576"	489658080	471417920	478831360	554689220	537966210	523316192	502560800	524117184	528747840
"P06681"	NA	NA	NA	5077016	5332711	6033601.5	NA	NA	NA
"P06702"	15344412	13196401	14605849	5819291	6785543.5	8497573	NA	NA	NA
"P06703"	829116670	785422850	792042820	2012389890	442714816	1454131580	2646941180	2326652420	2073824130
"P06730"	185514816	198487760	205855968	180152336	177325232	182009616	239679200	233337744	245068496
"P06733"	2663141120	2655074560	2547530750	2900286720	2886353410	2656949500	2601211140	2700608770	2633050880
"P06737"	68635952	73192376	77933392	54330132	54348264	57213644	63039936	62304612	58537284
"P06744"	189863872	192668976	191102256	198494816	192122192	217090160	268210288	264327552	262310544
"P06746"	6706775	6176737	6419226.5	NA	NA	NA	NA	4335236	NA
"P06748"	1207261700	1420914050	1347030400	919165310	973530880	828852610	1020473860	974588610	992132100
"P06753"	951241280	912272060	1038463740	1160033660	982504640	1045269760	691202370	666891650	699683460
"P06756"	25403880	21742522	19524734	79016072	76382248	81585304	108983344	106125792	102565776
"P06858"	4401977	7996939	6284318	NA	NA	NA	74736280	72239024	70791792
"P06865"	25288556	34153932	28260300	23837974	26929804	21764224	29726178	26722214	33064418
"P07093"	5161022.5	NA	NA	15305882	8961724	9357886	6950007	5906231.5	9980461
"P07099"	46813464	45509868	47889456	48435856	48091960	49502400	39919840	42003776	42519544
"P07108"	566971260	625095170	610896130	563177150	480670784	538081340	520041408	527885888	510242848
"P07195"	1434444160	1358342020	1469345920	1202612860	1156216320	1142932220	1508725120	1436721920	1384176900
"P07199"	NA	NA	NA	4593323	1653839.8	NA	NA	NA	NA
"P07203"	146965040	155743360	159365760	116844624	116842928	117483128	125119408	122724944	116385384
"P07204"	4797200.5	6223752	5631621.5	25976992	34318224	29058900	37334220	36175092	40604208
"P07237"	1006308290	990888130	963113470	1027737600	972071040	1006629760	948008130	961236220	929245500
"P07305"	184702912	242046784	140407728	315465312	222752544	263754384	120005768	126089752	111677248
"P07311"	7927537.5	9572297	8513824	5821445.5	8342804.5	NA	11450667	6775623	6301406
"P07332"	1645047.1	1495269.4	NA	2114209.8	NA	NA	NA	NA	NA
"P07333"	5205595	5348591.5	5261976	4287128	2372774.2	1561141.6	4681699	4425788.5	7009064
"P07339"	120264792	125176136	130405184	128190048	141864688	147088352	41122156	45025896	45601076
"P07355"	507341440	490359328	487043328	958127870	933745660	979866370	898854460	900577220	882168640
"P07384"	118463976	123120488	126122936	111235440	110111416	121641736	113704920	116701424	113937696
"P07437"	1283423230	1250173570	1262352130	1092866050	1121711490	1208211330	1087677440	1105476480	1058178240
"P07451"	NA	NA	NA	NA	NA	NA	NA	NA	NA
"P07477"	NA	254819216	NA	316941760	362667456	407547968	238747392	2698079	265846448
"P07602"	276313472	315378336	313531136	375857888	322102656	359646432	342478464	317821120	327699360
"P07686"	59864896	63727708	62665164	40277484	40763872	43525520	29713270	30871004	32098946
"P07711"	88684848	97370960	103253664	112820936	114563896	110848128	68520256	74100576	69254544
"P07737"	3474531330	3231705090	3484515840	2911219970	2656783620	2692656130	2343773180	2296144380	2303639550
"P07738"	NA	NA	NA	4911165	NA	NA	7392353	5130480	8351373.5
"P07741"	149994944	154094640	136358192	139985696	121660696	132769696	149293440	144439200	131739848
"P07814"	219823968	223258704	220342560	185215040	186634928	180685936	244112656	248036688	244911856
"P07858"	118687368	112137576	112248168	292526080	271584928	246033952	443342592	452444096	449502944
"P07900"	635523260	626259580	610957570	734311170	679256960	736981250	683677820	693236220	690566020
"P07902"	10968289	10973918	8900933	7242665	8346022.5	4204690.5	9161268	11426692	9567509
"P07910"	788941060	766544000	773157500	430244288	383418720	408375296	386888576	397455840	364339104
"P07919"	219193840	235571168	261111360	227233792	208546752	220335584	266733328	260290560	256007360
"P07947"	9679682	9566516	8319732.5	NA	NA	NA	NA	NA	NA
"P07948"	46293660	45768312	48828540	92343640	86159160	85626808	36567736	36511416	35155580
"P07951"	15975811	14551944	13854887	NA	NA	NA	NA	NA	5593610.5
"P07954"	260191168	264459840	285756768	241489456	235518752	221421680	235428832	236392208	243746736
"P07992"	NA	NA	NA	NA	NA	NA	NA	NA	NA
"P07996"	NA	NA	NA	NA	NA	NA	NA	NA	NA
"P08047"	22178542	27524276	25245292	8987140	7907905	14361255	13687530	12043888	11405500
"P08048"	NA	NA	NA	NA	NA	NA	NA	NA	NA
"P08133"	138539008	149521728	151113984	135204016	131673464	135612576	109644904	114863208	109195936
"P08134"	99711712	72371760	85799208	607634620	431244448	602355650	190804640	188948992	302964032
"P08174"	NA	NA	NA	21380550	25102156	27119914	28363742	25477292	28509418
"P08183"	2159793	2821780.8	NA	9223770	7959362	7440119.5	7326254.5	5240897.5	11235774
"P08195"	56305616	55271136	54472248	87348560	89944456	97923264	103600872	102532480	105406048
"P08236"	5946159	7686695.5	7774273	8154653.5	8472943	10223127	5208041	4220127.5	5542041
"P08237"	NA	NA	NA	NA	NA	NA	NA	NA	NA
"P08238"	3608118530	3705607420	3642322940	3995887360	3808239620	3953941250	4205788420	4177421310	4247289860
"P08240"	34846876	35552528	38155780	44621420	43377464	44918288	57565036	57586976	61310640
"P08243"	13428919	13371882	12904704	14561370	14916328	14319162	10916324	10002417	11433486
"P08246"	NA	NA	NA	NA	NA	NA	NA	NA	NA
"P08247"	NA	NA	NA	NA	NA	NA	NA	NA	NA
"P08311"	483905152	512091424	523584192	405416320	408625152	403276096	117405688	119573776	114273528
"P08397"	31938636	32012840	23388578	16504545	19120758	9687086	14918868	16857646	13188211
"P08476"	NA	NA	NA	12457435	4215874.5	7152692.5	NA	NA	NA
"P08559"	63788376	67756896	66424164	70194424	69696968	72341560	71744680	74660880	66207152
"P08567"	323470176	324749344	296294784	545522240	590620990	580210750	454756000	469960352	462137952
"P08571"	NA	NA	NA	11700020	9646916	12650121	NA	NA	NA
"P08572"	NA	NA	NA	NA	NA	NA	5557888	NA	1936962.6
"P08574"	85806048	93092352	96577904	92579472	90788496	99697840	108409272	108959672	101590872
"P08575"	86265144	85344448	85567280	77538000	73353200	78242016	68220856	69604656	68795128
"P08579"	35063576	35504100	32123770	19326090	18858624	19760968	20535656	20468596	19424188
"P08582"	2596944.2	3473149.5	3746103.8	NA	2331993.8	NA	NA	NA	3055976.2
"P08621"	123205936	127954440	136070240	76100552	71425744	71539744	69613608	78278120	69642800
"P08631"	19207088	7060098.5	NA	51895552	8045876.5	7539208.5	NA	NA	NA
"P08648"	73417744	77247504	75856848	172176512	175499264	171117504	114996192	119433376	121372000
"P08651"	9187336	6358401	5078449	5761012.5	3876616.8	8241706	NA	NA	NA
"P08670"	1767308540	1760356860	1779344770	8482177000	7791275500	8302984200	7075093000	7228043300	6462862800
"P08697"	2247565.8	5630696	4446844.5	6723641.5	6174215	8445433	3440815.8	3322345.5	5169697
"P08708"	216605808	224658496	218699280	182363856	178859056	148097200	182076128	183275232	191730096
"P08754"	104355872	102867224	99813080	152306912	137700640	137483680	103342656	104174200	96629624
"P08758"	742989570	747937020	749035070	2075517570	2212304640	2076841220	1650147970	1607338880	1714999040
"P08865"	570739460	569453440	599172350	459432448	484295840	510942592	569722620	617631620	568335490
"P08962"	58029888	91618680	103611064	45057580	44514848	45597972	47806436	45078108	44424364
"P09001"	14824115	15102474	18014746	7001807.5	9429572	11790283	8643768	14311730	12593160
"P09012"	114170944	132888504	138206208	82331264	84060904	86619120	87943584	88907352	78836256
"P09038"	NA	NA	NA	4109246	NA	3152237.5	NA	NA	NA
"P09086"	5483513.5	6747849.5	6298206.5	4889902.5	2567034.5	8521680	NA	NA	NA
"P09104"	NA	NA	5381188	14347614	11662774	15689093	10431973	11026828	10792017
"P09110"	14926931	16108863	16357113	20461352	20085578	20215446	18173062	15868222	20193946
"P09132"	31924016	24517068	28371600	30179330	30475544	28100186	30453716	27482516	30665554
"P09211"	793363650	816767940	848885820	649777600	710914240	716880060	721900990	673986820	757752960
"P09234"	128110912	127640848	123648312	75055872	77622440	86970240	86259432	80112536	73827272
"P09237"	NA	NA	NA	NA	NA	NA	3469065	3007102.8	1811266.1
"P09382"	3318075140	3441687550	3451129600	3314994430	3268336380	3413826820	3141124610	3074683650	2933934340
"P09417"	25878096	26352748	30401864	32570678	31820480	33891888	37433700	39599872	35150500
"P09429"	928596610	939100350	930171580	429704096	423161920	436263168	348078208	337836704	372369408
"P09467"	33228900	35802936	34075588	20728588	24512360	21355994	25294088	17620724	25884426
"P09488"	76190008	78779416	83739448	60006064	49035424	57599652	54553948	44592104	46234196
"P09493"	NA	NA	NA	5457151	6607932	2452943	NA	3497515.5	NA
"P09496"	173822512	164239296	180888416	141515680	139212128	140182176	158966096	162507984	157868784
"P09497"	88844856	85497400	85243560	70609240	61536924	59138924	75322440	76231608	66664448
"P09525"	270686176	262635968	249483888	224416272	214528224	214439888	181922112	188720704	173718688
"P09543"	45255916	52089516	50079252	105482928	102069376	102334472	42209468	43326684	40223420
"P09601"	104431752	104323928	102007632	6922448	7280735.5	4626743	NA	NA	3500973
"P09603"	NA	NA	NA	19306166	16707697	15834001	11539816	12094846	12120704
"P09622"	124963792	123605176	121366120	104541280	109925472	99648264	105239584	112520384	101099520
"P09651"	1017266180	1095631230	981997950	714694460	700490240	691950660	643611200	641137470	628717180
"P09661"	93452696	83731584	84172416	47069036	44189964	47479968	51466852	50195600	46768484
"P09668"	10501590	7284059.5	8690897	14125128	8560613	8086783.5	12830675	16512022	12352670
"P09669"	63009668	55291880	38735372	54621616	45412872	38857456	46822856	52104512	43902456
"P09769"	8603926	9719360	6582595	12628775	12605707	10930831	18440844	18162832	21019818
"P09874"	405527584	425169760	434578912	149600752	146692656	136983904	242928016	249294592	247775040
"P09884"	NA	NA	NA	NA	NA	NA	NA	NA	NA
"P09912"	NA	NA	NA	NA	NA	NA	NA	NA	NA
"P09913"	13086506	15367306	12705025	182083808	178036288	176166336	NA	NA	NA
"P09914"	29506594	30348990	30652414	210300544	210516400	202273088	21969016	NA	8763928
"P09958"	NA	NA	NA	NA	NA	NA	NA	NA	NA
"P09960"	107451864	106543472	106727176	147837024	143546080	150571600	193485072	191984064	193615552
"P09972"	1399528190	1567518590	1660618750	1524953340	1789237380	1935109760	1911750270	1853201540	1696016000
"P0C024"	NA	2067312.1	2707439.2	NA	NA	NA	NA	NA	NA
"P0C0L4"	NA	NA	NA	NA	NA	NA	NA	NA	NA
"P0C0S5"	837440450	774030210	791902530	403655392	353215968	381066368	386039264	407343392	368802208
"P0C1Z6"	NA	NA	NA	NA	NA	NA	NA	NA	NA
"P0C221"	NA	NA	NA	NA	NA	NA	NA	NA	NA
"P0C2W1"	NA	NA	2831759.2	NA	NA	NA	NA	4482202	NA
"P0C7P0"	NA	NA	NA	NA	NA	NA	NA	NA	NA
"P0C7P4"	36991312	39088660	42395172	47367720	61065536	52478180	67696112	56967508	58571000
"P0CAP2"	NA	NA	NA	NA	NA	NA	NA	NA	NA
"P0CG12"	18155162	19434052	14751168	9797631	NA	8190287	13666601	13586523	10685673
"P0CG34"	NA	NA	NA	NA	NA	NA	NA	NA	NA
"P0CG38"	3031907.5	NA	3039698	3637085.5	NA	NA	4898208.5	NA	NA
"P0CG39"	142568864	121104496	246133616	198423888	209481952	168363520	206599840	181850672	260060736
"P0CG40"	NA	NA	NA	NA	NA	NA	NA	NA	NA
"P0CJ79"	1811495.5	1302089.1	1715769.8	405046.4	NA	NA	NA	NA	1175766.6
"P0DI81"	2415080.5	1599189	344400	2529488	3597387.8	2212324.5	2474180	5191636	2072750.1
"P0DJ07"	NA	NA	NA	NA	NA	NA	NA	NA	NA
"P0DJ93"	NA	NA	NA	NA	NA	NA	NA	NA	NA
"P0DMM9"	3920591.2	1826339.8	NA	NA	NA	NA	NA	NA	NA
"P0DMP2"	NA	NA	NA	NA	NA	NA	NA	NA	NA
"P0DMV8"	87979176	95093912	85199976	118256592	132289320	119871016	80780272	81009664	78307912
"P0DN37"	30439286	18214528	NA	8797407	18026958	NA	NA	26751378	NA
"P0DP23"	1939123200	1996813180	2148300540	2216334850	2271539460	2055321220	2267716100	2304092930	2132854400
"P0DPB6"	9838921	10901012	9694337	5737487	5501832	6108188.5	5427053.5	6622496	2065218.9
"P0DPD8"	NA	NA	NA	NA	NA	NA	NA	NA	NA
"P0DTL6"	2897691.2	1355058.9	2032221	9729120	NA	9977639	NA	NA	NA
"P10074"	NA	NA	NA	NA	NA	NA	NA	NA	NA
"P10109"	NA	NA	NA	4187807	19482874	NA	3757725.5	3239743.5	NA
"P10124"	3438431.2	4741691	4591418.5	9162448	10081893	11135265	NA	NA	NA
"P10145"	NA	3564075.5	NA	87723432	74492360	81724712	7952958	5869922.5	NA
"P10147"	14258937	13748035	15769129	21334724	20285006	18667594	16809048	14562870	14497414
"P10153"	61901312	83243864	70361504	18641952	24790776	26458388	18544618	17644724	17178956
"P10155"	44923632	45483616	45484852	53349440	52768272	52441324	61427040	68280456	62151400
"P10253"	52939388	52004068	56530956	52252032	63591836	57328308	38633360	38270724	41638860
"P10301"	NA	8041480	9614940	29914822	37927268	33089672	19949844	18434854	19342634
"P10321"	87351296	90978824	82580712	206918768	200330496	199941616	106972112	105982872	105624528
"P10398"	13602299	10545455	11680456	14847961	11665707	13742346	11622902	7422489.5	9625019
"P10412"	2372976640	2346997760	2290230020	836042940	784057920	786953340	661603900	658710530	609326270
"P10415"	18653628	16004580	18338622	12833846	13216209	14150327	6165613	NA	NA
"P10451"	17764296	19006060	16701037	NA	17893170	19354728	16903108	NA	16657720
"P10515"	31431126	36605032	38159992	41079728	38493880	41184276	54211816	52428032	53603776
"P10599"	1477695740	1398317440	1487119740	1168000770	1193272700	1186925440	1124254460	1123053440	1073619200
"P10606"	200067072	184273536	190086704	136407872	150493952	152227040	158673920	156270896	166380784
"P10619"	27858300	29001528	27054908	14625394	20384732	20359238	14862682	13706473	19235920
"P10620"	51635716	34540860	32911760	60512972	32920868	41071920	33473850	22885140	23480308
"P10644"	34017056	31990760	36657324	37849044	40595340	38659520	27309402	26450638	26797142
"P10746"	NA	NA	NA	NA	NA	NA	NA	NA	NA
"P10768"	128258152	124373288	120308176	131758200	126785448	120196456	118959256	117555504	127158488
"P10809"	900384900	823989310	837216700	837716670	809584450	830619200	833399040	806489980	833393920
"P10914"	NA	NA	NA	NA	NA	NA	NA	NA	NA
"P11021"	992261310	997874300	1026580160	1227965440	1196227580	1212366980	1412694270	1411028220	1408763520
"P11047"	11642845	7950700.5	2407215.5	5221592.5	3610881.5	21139858	NA	3386569	NA
"P11049"	NA	NA	NA	NA	NA	NA	NA	NA	NA
"P11117"	1444402.8	2074513.9	1968484.1	5991218.5	7038696.5	6652145.5	4145624	4825815.5	6483525.5
"P11142"	2060100740	2255441660	2206197760	1860244990	1900421760	1892726530	1724923010	1709019010	1643944320
"P11161"	10936118	8528575	7157132	13935967	14457937	14394891	19336578	22820972	26519734
"P11166"	19366452	22697058	21764214	43392792	45224148	42637184	42915288	42643748	38486072
"P11169"	830972.06	815634.4	651905.56	1075949.8	1051801	NA	NA	583931.8	851519.8
"P11171"	53087956	44941116	30635132	NA	NA	38011288	NA	NA	33962772
"P11172"	37863984	38609896	41225112	28874744	29110590	27813402	29755592	32257094	30988198
"P11177"	39463536	46634424	50159736	45217612	46534264	48858612	51911544	48257516	52093276
"P11182"	10383529	6953114	8139617	14725498	15436393	11952282	13817013	15704876	14981468
"P11215"	31111706	23194400	25843474	78775856	83751928	74138864	187471456	189004192	208430208
"P11216"	80607744	82635184	74804960	106222984	111570352	120676288	151800112	153656752	150189376
"P11217"	NA	NA	NA	NA	NA	NA	NA	NA	NA
"P11233"	29441194	32917772	25033952	84201744	75590008	83038344	35518772	34920084	36062612
"P11234"	24237510	25410386	25261966	46563076	35820920	47228232	36757256	36303228	38805984
"P11274"	NA	NA	NA	NA	5906935	NA	3213945.8	NA	5794366
"P11279"	109113192	103184008	112751824	92511696	79974576	88879544	60450220	47018880	43929060
"P11310"	104596288	107269264	111920768	90526992	95254552	98395952	90841952	89086656	87096424
"P11387"	122589504	127236064	129541256	151599312	137004400	148538288	123329648	130088920	118302536
"P11388"	30792904	32902192	31555688	NA	NA	NA	NA	NA	NA
"P11413"	133462480	140778928	146684656	220454096	211399360	208510048	255633696	246684576	241611408
"P11441"	9957222	11660457	13734263	6860437.5	8089030.5	8010628.5	12820541	11149682	15138441
"P11498"	NA	NA	NA	16750828	18869938	17940634	29930326	31454332	32792330
"P11586"	107669848	113994136	106587360	93646112	91885752	90378368	123414472	115381808	118462120
"P11717"	34381508	34207344	33393382	15188144	15525343	14784385	42253032	44847248	43102072
"P11766"	104730696	113325768	112119456	99709408	114415152	108301888	115098688	107368632	123003704
"P11802"	922489.25	3307128.2	2344330.2	21755070	NA	NA	4966902	4053125.5	4351139
"P11908"	129861920	140122976	152831408	124366344	108918256	126651008	118208680	132333768	118774184
"P11940"	253987200	283095008	281019872	197843728	197333584	209174880	155412208	158719776	154738352
"P12004"	89010136	87031048	92841856	26083966	21547122	26325134	10200503	13648456	10938375
"P12036"	NA	NA	NA	NA	NA	NA	NA	NA	NA
"P12074"	95616768	89011448	91022176	71549496	95468864	118440856	89999416	79778272	100507088
"P12081"	42850808	44290020	45593924	70121896	67760136	75379480	75285360	76682408	71983256
"P12109"	15637107	17026470	12056611	10628959	11948913	11417605	26687580	27177826	32822548
"P12110"	NA	NA	NA	NA	NA	NA	NA	9023251	5228431
"P12111"	NA	NA	NA	NA	NA	NA	NA	NA	NA
"P12235"	3817559	3573052.5	4510550	4442828	5880284.5	5010201	5313602	4290902.5	4358688.5
"P12236"	435011712	413431232	426284288	670031870	613447490	597049470	683487940	685422530	650333820
"P12259"	9576832	11225562	7439773	24751826	23114810	22315050	NA	14379493	7690475
"P12268"	169330432	160020928	161244000	87401088	90163608	93770032	90127440	91908904	93268344
"P12270"	50099428	51887492	51472708	36362784	37033760	39119340	30957828	32559504	31646970
"P12277"	32837438	28572684	34581796	73352792	74514768	74749520	39698396	47652184	45794972
"P12314"	22382726	23240298	22118044	8879818	NA	NA	NA	NA	NA
"P12318"	6587954.5	4475167	4170056.2	2834440.2	2056264.2	NA	NA	2111958.2	2162676.8
"P12429"	NA	NA	NA	7251538	2545659.5	NA	NA	NA	NA
"P12694"	4998670.5	13030963	10381278	10486270	11667240	7009881	9023862	11375309	10041276
"P12724"	NA	NA	NA	NA	NA	NA	NA	NA	NA
"P12814"	456398592	467338816	442498912	659250110	653057090	637759170	608607940	580858820	604463040
"P12931"	14464099	13277128	12403841	58709972	59123800	57099888	18261684	20218578	19149618
"P12955"	30333064	32012548	32969970	39197096	33588024	39132748	38514900	38220232	36122584
"P12956"	226182640	208515888	206393808	159196624	164512208	153979664	144570512	147246192	147751088
"P13010"	261367120	246525888	252779856	219309120	223401200	193728704	192498752	197082512	190690992
"P13073"	104146840	119929696	123963328	97174528	96485912	103531440	99160968	99763160	109290904
"P13196"	10955517	12628661	10884590	NA	NA	NA	NA	NA	NA
"P13284"	24530074	20300582	15646714	32172156	25940668	24781586	17550456	18009974	19486930
"P13473"	133409784	101788720	107359488	71284152	65631996	59500428	30885782	30590560	27109982
"P13489"	507517056	516650432	489979904	395197504	404949696	387779072	359882176	344727008	361948704
"P13497"	NA	NA	NA	NA	NA	NA	NA	NA	NA
"P13498"	91850928	92680832	81334648	137474160	137195024	140535984	29436708	33425086	34171292
"P13501"	3142395	3024744.5	NA	334442848	325448704	356524992	238753152	219574576	217574176
"P13612"	5803886.5	7674441	9330459	NA	NA	NA	NA	NA	NA
"P13637"	NA	NA	NA	NA	NA	NA	NA	NA	NA
"P13639"	606559940	569936000	579931520	715521920	725092990	679679740	620157950	613808060	635997890
"P13645"	26740424	26515494	26581324	45874428	42409268	42445900	28215284	29549260	27598498
"P13647"	NA	NA	NA	NA	NA	NA	NA	NA	NA
"P13667"	146190224	151470464	150986240	135004128	135290464	140771152	163752752	157281616	164824448
"P13674"	34548020	33984476	35040432	39395860	35953396	35665600	31900624	35149608	30750734
"P13693"	353157856	326976000	326659456	342736448	385929504	367455712	342694048	353604768	338828192
"P13716"	34709672	41936972	35353100	29835582	35283116	35371440	29497938	31658220	38061412
"P13747"	11061903	14016240	10792346	27115310	16369134	25987870	NA	14268360	11687227
"P13796"	767828740	764504320	766858820	1211417980	1224347260	1230850820	1716194690	1785123460	1789884800
"P13797"	23366144	24048356	25274606	24662248	24777706	30357210	30373052	25533696	24543372
"P13798"	42904312	41984352	40246904	33692808	38826460	36783136	42866056	41898192	45151156
"P13804"	170254672	166481920	168547216	156881600	167428256	149826160	156581440	158485040	160453904
"P13807"	20185150	20310490	20326176	22886224	27388170	24362014	26629858	24766218	26283820
"P13861"	48830252	43971448	48724348	49720676	45119720	45003972	48464232	50589656	51561112
"P13929"	NA	NA	NA	NA	NA	NA	NA	NA	NA
"P13984"	19872462	22343966	19595956	11042671	10633520	12187089	10696853	11725392	9084590
"P13987"	10269110	6247982	7581738	98424104	83657496	74067624	54450784	56057448	57677804
"P13995"	61961804	59163768	59967280	133045016	115957344	142738448	61618632	62093604	59076680
"P14174"	608244610	673448130	668424130	611350720	667271300	578991940	391796576	544716480	548896000
"P14209"	14729746	22053262	26401784	14706084	19512844	12903752	8708140	10589787	9375264
"P14210"	9878393	7639044.5	9410332	NA	22615520	19120568	13659654	13259729	14799719
"P14314"	286249856	301176992	303365408	226049776	221239600	218351264	203186592	210781280	200957968
"P14316"	NA	NA	NA	NA	NA	NA	NA	NA	NA
"P14317"	251743952	252630784	247016496	139005440	132724616	139161232	110895760	117327016	116258928
"P14324"	158859504	152580144	157627904	117091584	131987184	108380368	134401536	130613152	135218768
"P14373"	NA	NA	NA	NA	7880631	NA	6637165	7229243	NA
"P14384"	25917594	24437816	25108746	17404460	16328447	17731176	19020720	21127404	19158702
"P14406"	88368952	96318168	95178944	91365952	96970024	97355112	88632712	93324304	87309112
"P14550"	102158336	109587528	107352512	95437656	88575600	90514920	104017096	103262488	103897696
"P14598"	24539354	24151942	22547884	105911432	123599416	122684464	17089408	16385848	21620856
"P14618"	1867058690	1881914110	1887063810	4154121980	4224003070	4269089020	4117412350	4136627970	4169788420
"P14621"	NA	7374541.5	7232758	7854871	4654168	7732493	7397081	10291375	9077757
"P14625"	640938560	640340670	669523650	568581760	553720830	552691330	604339840	600340670	578128320
"P14649"	NA	NA	NA	2956829.8	2243132.5	2530760	3780782.5	NA	3943872.5
"P14678"	87686048	95688976	81345056	50445280	49567384	49691868	58202968	58516968	46600600
"P14735"	17821278	19066620	19360684	18767258	18638578	18335568	19347792	17884754	19854806
"P14780"	26862258	28784878	26705174	25292462	29149832	26796364	43674616	43160428	44005784
"P14854"	99447440	110744448	108328880	91564152	74276480	78629896	83945968	80102488	76362176
"P14859"	14536343	14524392	16495443	15699244	9765092	15616827	9004517	8372178.5	9112563
"P14866"	253047200	285372096	276277632	202827584	197791904	195580608	220276736	230732912	225246464
"P14868"	208494320	213821840	211617536	250465856	220352624	253136544	229667280	230690976	236116992
"P14902"	NA	NA	NA	786244800	761690560	781381630	NA	NA	NA
"P14921"	5324960.5	5457526	5148435.5	NA	NA	NA	NA	NA	NA
"P14927"	104986864	96148216	107149920	89826600	71988880	84422856	106558952	95481528	90413792
"P15090"	466374080	497841088	517524480	802536060	730429570	749893380	2103023870	2140597380	1888327940
"P15104"	11226895	7997892.5	9287234	91407208	80143368	82650360	42101200	37695872	37592804
"P15121"	85800976	82774232	86682320	80809912	83830048	85409944	114860112	118757472	102744696
"P15144"	77565344	77091464	72843856	343690528	344792704	326415616	477580896	469305024	500569920
"P15151"	10626898	2619242.5	NA	11958470	5173349	12448257	NA	9750499	10208849
"P15153"	335918496	338850080	315856288	371265216	393473376	370273984	428635136	428232960	418694048
"P15170"	79196344	83036424	77242888	74341648	71845312	74708368	83012080	91145576	84414992
"P15259"	NA	NA	NA	NA	NA	NA	NA	NA	NA
"P15260"	3987653	4595832.5	5176337.5	NA	NA	NA	NA	NA	NA
"P15289"	6630995	8026970	6393298	10402916	9624654	6698116	NA	NA	NA
"P15291"	3840320.2	3844417.2	3691848.5	13376030	11363586	12354342	3957159.5	4368208	4038197.2
"P15309"	3240568.8	NA	1562356.2	NA	NA	NA	9227128	8284641.5	8105997.5
"P15311"	700672830	756492220	738656190	586308030	595805700	565574080	389898240	390908960	349588096
"P15336"	NA	NA	NA	NA	NA	NA	NA	NA	NA
"P15374"	67680344	65999204	59641524	69466936	71456664	65254356	89345232	79189720	96169232
"P15407"	11253575	8274947.5	NA	5650269	9072079	9212432	NA	NA	NA
"P15408"	9828250	10582794	11842957	15598944	15911938	11294700	10197550	13515600	7518822
"P15498"	31218750	31536096	32622264	42190840	39184956	41306136	30769316	29049256	29353064
"P15529"	2655984.2	3724679.8	3216986.5	3261011.8	2617907.8	NA	NA	NA	NA
"P15531"	556350720	556683580	536847136	441021184	457704352	463333920	505360576	512936992	493849632
"P15559"	38144320	38069992	36519804	58444644	50088404	56812560	56639508	63137288	64071468
"P15586"	46180212	44500072	40039444	38151080	46607664	38960908	34725992	44734804	46507596
"P15735"	NA	NA	NA	NA	NA	NA	NA	NA	NA
"P15848"	10432434	11639235	10520270	4318968	5260305	35126660	4291820	NA	3536894
"P15880"	397734688	440107072	427949184	318170432	306328544	290595680	353667104	327731456	353258432
"P15927"	47950316	53753832	44661032	16943710	21413602	18650306	17077706	16475533	20010818
"P15954"	42297976	38990728	34299712	42365648	42036888	34094864	32677580	34203016	28372682
"P16035"	NA	NA	NA	NA	NA	NA	8786749	9722334	9720681
"P16066"	NA	NA	NA	NA	NA	NA	NA	NA	NA
"P16070"	95312056	90481384	79059776	305779008	327728384	327124512	209760640	200499856	205795856
"P16083"	NA	4821098	6395903	9095758	12133499	10442925	9460658	10806670	11954268
"P16104"	284587296	52164452	44788876	304646784	331448704	123194296	34548200	5126279	137015888
"P16150"	37496888	30019360	31974614	21363706	29443028	24861300	44538784	51128328	37768656
"P16152"	83147384	81193576	79300808	99232280	94010880	101373288	98047208	103307768	98236912
"P16219"	15483643	11649672	17145416	16603541	15435542	17019526	16266917	17299336	16444806
"P16220"	15167163	16559417	21212240	13426582	NA	12711791	NA	10332659	11294425
"P16278"	14185044	16606040	13244317	15280908	16356897	15365508	12825677	13908495	14521291
"P16284"	67061552	65933608	65582536	29190284	32504692	28472086	46295048	45764668	47544668
"P16298"	11587276	3487080.2	4797967.5	640914750	NA	3278989.5	NA	3420835.5	4430771.5
"P16333"	18136782	16942890	16154075	9612381	8658497	8990473	12468416	11302206	12001850
"P16383"	NA	NA	NA	NA	NA	NA	NA	NA	NA
"P16401"	1687939710	1575669890	1504204160	815432900	666080320	687973760	636590530	637479230	584132930
"P16402"	358724128	382399232	403332800	136830304	147478352	161540000	109861296	NA	115987248
"P16403"	2898661	5417495	5408311.5	NA	NA	NA	NA	1062403.5	NA
"P16435"	37899368	39244688	36908172	52121884	53329592	50294844	51272904	52129204	55448480
"P16455"	23066850	22498084	16695755	NA	NA	NA	NA	NA	NA
"P16520"	NA	NA	NA	NA	NA	NA	NA	NA	NA
"P16615"	97582080	99034336	94946056	183681472	178421952	173479904	167247408	174597840	168533744
"P16619"	8671481	12097262	10752748	17720760	15125493	17105232	7729088	10859486	9033926
"P16671"	45734340	43760048	38960808	15801867	10176505	19411364	68700264	59889644	64422452
"P16885"	87244816	94351664	86864968	78042448	75663248	76049568	70846104	72890480	73062992
"P16930"	30232748	28858092	31137124	33360414	31806616	30971052	35071952	34871472	34736212
"P16949"	420197952	433259072	430994688	49008016	43297996	45561708	39744424	48236064	47123996
"P16989"	27507808	19968026	20430614	14226159	14217830	16268158	23108856	25555076	20299420
"P17026"	14903488	19673270	9291728	NA	NA	NA	NA	NA	NA
"P17028"	NA	NA	NA	NA	NA	NA	NA	NA	NA
"P17029"	4443254.5	3751582.8	2127780.8	NA	NA	NA	2308645	1356628.2	NA
"P17050"	31205022	33326590	32951444	26967754	27522254	30493410	20762762	27180298	21522886
"P17081"	NA	NA	NA	NA	NA	NA	NA	NA	NA
"P17096"	703723780	667977540	647136830	1186725120	1236078980	1206177790	1106895870	1198427140	1121457920
"P17152"	4955345.5	6421142	6366247	10580730	8470625	6546512	10511770	13202683	7750515
"P17174"	6101296	4921718	7094749	6059693.5	8118553.5	7575144.5	11877845	12238150	11808750
"P17275"	25096466	25115920	27853106	25473024	20816354	27045724	8404650	NA	7578795
"P17301"	NA	NA	NA	4651304	6382188.5	4656228.5	NA	4008429.2	5734271
"P17480"	22116840	23327878	23233194	4188552.8	6112415.5	3359974.5	9174049	7380099	11569242
"P17535"	14431507	13437412	10833065	13036033	12563877	14300508	8083367.5	7679948.5	7355883.5
"P17544"	NA	2153026	3721287.8	NA	NA	NA	NA	NA	NA
"P17568"	20259896	17755860	18813378	13557254	15773358	13088616	13758118	14424325	16500461
"P17612"	22374704	24502646	22207816	24798902	25653196	22325578	32294362	30051504	28888524
"P17655"	105256960	99221096	98525640	114781120	114463592	106967184	100009216	100762728	100119080
"P17676"	6598096	18639250	12194528	88780952	90324776	84406728	24969858	29649152	26434284
"P17693"	NA	NA	NA	NA	NA	NA	NA	NA	NA
"P17706"	41864716	40301996	50456248	NA	32574636	36841284	25652258	24274022	5671921
"P17707"	NA	NA	NA	6812512	8315438.5	8939356	NA	NA	NA
"P17812"	371965760	373364704	389346656	299711456	282108384	287263680	306942720	307085344	298531616
"P17813"	23439862	21913780	22953790	13248333	15292459	16327668	6106717.5	6827546	8764565
"P17844"	533129472	540640510	553797700	216203184	196730512	203872464	177344144	181325680	179435744
"P17858"	76224536	75887560	69834592	86799104	91240024	95001744	80325984	80246104	83336616
"P17900"	7910296	9885513	7870948.5	11351237	8702524	7550734.5	25140142	24291004	23568098
"P17931"	96768928	94621872	97179920	144980720	135662256	143630160	243796304	241236128	218399088
"P17936"	NA	NA	NA	NA	NA	NA	22420492	23741072	27439844
"P17947"	29040770	25832832	29181862	5201496	NA	7328832	10883573	10214497	5358774.5
"P17980"	87581864	87910400	92290416	88377096	87359160	85810152	85450768	91231888	80447168
"P17987"	207197632	203397792	208939264	211815168	207961552	210034064	214367376	212148112	216543040
"P18031"	192761600	173590864	175108496	359235680	346887552	383174400	347090048	351524192	332555840
"P18074"	7468718.5	8494103	8802309	NA	8915569	7934478.5	4987791.5	8271156	8274331
"P18077"	179880240	198729264	196099088	184490736	148881904	155558064	187118080	207039712	153464816
"P18084"	11345021	10136816	12971242	24156728	23640880	22941694	27835648	29305382	27067740
"P18085"	73452240	74353624	77382168	102281912	92048656	104128832	107375624	101694944	97032640
"P18124"	275406976	292871328	284504064	260550432	238165232	276197664	293444096	275043296	291186176
"P18206"	99583832	93961520	98568184	105371320	104742072	102864256	142852320	139461600	137785568
"P18433"	NA	4191624.5	NA	NA	3048204	NA	NA	NA	6990126
"P18440"	12298067	11153915	12971124	16691135	22444228	17188742	10498395	11455598	14127369
"P18510"	9360211	10200559	9223809	228811088	203925584	216482048	329533888	324506272	273313824
"P18583"	54528216	55162764	52242976	41573732	40137504	43394312	29191018	31882416	33137930
"P18615"	15832509	13563421	14958116	9246750	11084623	9796558	6833767	10360603	9554372
"P18621"	305158688	329721280	349886592	302426560	306419616	308745568	287076384	301345984	295365888
"P18669"	989733250	1013140930	945455420	1189771900	1311756670	1198112640	1178847870	1190550270	1217442050
"P18754"	39274576	40945476	41590580	33179636	29135122	31585272	27867626	29945822	27062642
"P18847"	NA	3796591.5	NA	12017868	6279785.5	11504426	8730949	9796122	14677899
"P18858"	29273078	8976995	34361444	NA	NA	NA	NA	NA	NA
"P18859"	120083960	123538632	143914928	109184296	120889024	111681104	124694488	121053648	121052912
"P18887"	39667160	40191944	40492972	13537746	10333045	11154916	12894782	13512110	10122068
"P19022"	NA	NA	NA	NA	NA	NA	NA	NA	NA
"P19256"	NA	NA	NA	NA	NA	NA	NA	NA	NA
"P19338"	774687300	776427200	758444220	392822464	356573472	357681280	438407456	448709568	406493472
"P19367"	15804433	18148582	17118822	74158896	73072064	74387728	54881768	55890556	54056232
"P19387"	21778352	20281292	18371928	12448462	11594477	8756141	7033125	8056925	7536310
"P19388"	20130216	24972476	24813790	13919783	16240581	14939688	14354898	16210903	12386838
"P19397"	59356428	47211988	54224572	92122464	84268048	91289224	74271944	88143072	90604152
"P19404"	41692176	43584868	43866052	35993668	33530386	42223940	35240624	39131276	35314568
"P19440"	20994062	21705096	17946310	21278976	23619968	23907542	19348846	18012556	17582128
"P19447"	NA	NA	NA	NA	NA	NA	NA	NA	NA
"P19474"	35363932	35940128	34624352	55891980	57971028	59616052	27653434	24372820	27543518
"P19484"	36946932	35432216	40785836	NA	18982214	NA	8976486	14870348	17017956
"P19525"	55327640	56315120	58409932	94439160	96058952	91199272	23353740	21798094	23627438
"P19526"	NA	NA	NA	NA	NA	NA	NA	NA	NA
"P19623"	51833548	56303036	51832456	53908076	57488580	52053204	68657768	68987368	64981908
"P19634"	NA	NA	NA	9007265	5927582	6091187	6947678.5	10684973	9917144
"P19784"	23169460	21838942	22059974	21075338	20843380	22844122	16521555	17474314	13180884
"P19793"	4554361	4621061	3586742.5	1884993.9	3299555.8	1793314.6	3038201	2069790.1	3442463.2
"P19823"	10210214	8342220.5	7576271.5	17864578	16807368	18803012	11384769	10535547	12265087
"P19838"	42509852	41826020	40449200	44301944	44111408	43844876	27237478	27910818	29703974
"P19875"	NA	NA	NA	12557439	NA	11869487	NA	NA	NA
"P19878"	38234200	39966108	34782760	64527564	57033604	63097724	60996468	59773580	51507084
"P19971"	53564800	54478368	52247412	210194480	177737168	183688384	47118536	52487784	49304896
"P20020"	26367016	20689344	25483940	77496656	76153680	76325496	57554612	61876172	59327628
"P20042"	137073696	147062032	161754064	139012432	143366224	144272496	144990016	143669856	130111576
"P20073"	51945096	57511784	49460996	58496396	58104488	57337488	45964400	45819272	43204228
"P20132"	6280313.5	6837883.5	5583120.5	55125744	52134484	54250740	53959836	56773916	55589792
"P20138"	21059078	19360016	21724514	11789280	9593437	10451828	14710178	15002583	11128611
"P20160"	17953524	19754046	18857634	22065512	25593256	22310408	8486271	10320586	9760886
"P20226"	6702380	5682914.5	6268417.5	7670433	8256548.5	1402420.2	4655692.5	5283397.5	5120609.5
"P20273"	NA	NA	NA	14481698	NA	NA	NA	NA	4744331.5
"P20290"	78893168	56844056	74571488	44956700	44588796	45336284	36879796	47444944	41014312
"P20292"	21831960	10347003	12288874	15710751	11314946	12823027	7621439.5	12446943	10880084
"P20333"	NA	NA	NA	13275033	13890146	21733976	11845097	NA	14400846
"P20338"	11714575	15428830	13952687	20637080	17935280	23991072	14758357	19437500	20776414
"P20339"	11690211	13589973	13153403	36649432	38793164	39503408	30140568	27910942	27875646
"P20340"	22349224	26570548	28901766	51823384	45700696	51588116	42596396	45281152	39877292
"P20585"	5137390	7024819.5	6637496	NA	18217302	NA	NA	NA	17750426
"P20591"	93580736	93441016	99083568	355662720	357642176	331104000	6364696.5	5908362	9131073
"P20592"	50740064	55147560	49812168	80706488	89566488	82267264	12048708	9335489	8821807
"P20618"	125654080	125759528	127064696	128483280	122098608	118088752	111991856	120358880	121779472
"P20645"	30118864	32525652	35278664	29939742	31154874	31728440	39718516	34147408	36200764
"P20648"	13318126	NA	NA	4332906.5	NA	13754672	NA	12466713	16589974
"P20671"	NA	264612.38	193313.31	NA	NA	NA	NA	NA	NA
"P20674"	88830368	93108448	107400440	75670920	76376432	80287792	78432840	82986120	80536000
"P20700"	320969728	319546272	316079008	222739968	210375792	218189456	157517312	171707664	161232016
"P20701"	57434376	59550888	62628424	34116488	37341648	35737784	28484356	25427602	30069036
"P20702"	24826300	20614358	21738116	53770996	50309204	51413024	58526080	60945884	58890760
"P20742"	5780299.5	6167410	NA	8086287.5	NA	11512827	5857307.5	NA	5526486
"P20749"	NA	NA	NA	NA	NA	NA	NA	NA	NA
"P20774"	NA	NA	NA	NA	NA	NA	NA	NA	NA
"P20810"	55386652	62352072	62038116	65446692	63331916	62834064	42453276	44994532	45294848
"P20839"	20731752	23353596	20420070	10942668	9978350	10174550	8668664	9572428	10300692
"P20933"	NA	NA	NA	NA	NA	NA	NA	NA	NA
"P20936"	11461198	14572617	13173482	13660630	15425088	12120526	21916324	25266682	21019834
"P20962"	NA	NA	NA	NA	8799728	NA	NA	10727140	NA
"P21127"	17673896	16406816	17448482	11136948	11646468	12002049	11439116	11678430	11215366
"P21266"	65389076	63140004	62898072	55494352	49711760	51746676	47822988	45350572	46032204
"P21281"	142738416	146894976	131408272	206453920	212686352	200959600	163495472	168753904	169269328
"P21283"	33085724	30938396	30987470	38908796	37413280	39381032	35763992	37150392	37898348
"P21291"	153033872	157343504	150651488	128419360	125080192	127276528	180946288	185008160	174251520
"P21359"	NA	NA	NA	6264551.5	5733502	16904936	11744564	7310968	7149944.5
"P21399"	42720056	43421344	38713836	51384940	63329216	53421712	72197224	73530744	80819504
"P21580"	11111440	6291636	6416131	17586268	18499636	18529826	5334643	5959137	8230358.5
"P21589"	8267050	4943619.5	4889743	97280672	92408056	83531952	35508432	34113344	38431676
"P21730"	30453758	27190296	15001440	57141972	57840596	52830272	46455504	41730088	27733680
"P21757"	24174418	26681856	19242190	58077796	65800872	64962860	47954524	41078756	48796096
"P21796"	441800992	419192608	415772768	526218592	511586528	547589950	545085060	529241760	516259520
"P21912"	30117380	27729840	29626472	31446588	34367764	28451448	28229546	28017982	31053602
"P21926"	18178634	18968068	16772530	9550093	8888347	8566380	32863632	33077164	33097756
"P21953"	9557617	9054067	7269471.5	7711338	7265785.5	5823882	6593352	7270717.5	7022882.5
"P21964"	230602784	212813344	216720064	250819072	252251888	258121664	229510000	225612560	235583136
"P21980"	12804181	14158194	9842761	108582208	115122576	114126240	923344640	976418180	875225860
"P22033"	17474482	8984043	7323018	12230981	NA	14474825	18819796	9537032	10209145
"P22059"	29376642	28276518	28286260	32278250	26410122	28080918	31468262	34211772	31402988
"P22061"	64281792	61968308	63727180	65218668	66440684	63490152	74337856	73851904	67932288
"P22083"	NA	NA	NA	NA	NA	NA	NA	NA	NA
"P22087"	83114600	85081016	89752688	76389680	65322696	74259888	80265128	85106936	78228896
"P22090"	29172152	27763288	34187280	22991434	21979328	14334389	25500090	25823908	24757672
"P22102"	63285496	61335444	63022376	59684608	57693980	58774500	61611536	62820484	65352452
"P22234"	176710160	175484928	177738368	148151488	142258464	138171408	162790784	156443008	147076720
"P22307"	162696064	156520832	161862656	142174608	133140560	138493184	138799904	145804032	141175440
"P22314"	219603552	224295808	219015680	270512160	269460352	267884560	273769504	274569984	264874864
"P22392"	375256672	303280224	319305504	329727456	336106144	277243424	328785632	309897984	310697952
"P22415"	NA	NA	NA	NA	NA	NA	NA	NA	NA
"P22570"	6709956	7458626.5	8260063.5	4664220	9146911	3117004	7448026	4041099.8	11134383
"P22626"	1917534340	1973582460	1992326020	1308892800	1300681860	1240008700	1286652030	1333300100	1239594750
"P22670"	10442141	NA	8574713	NA	NA	NA	NA	NA	NA
"P22681"	39229852	42241620	38741832	35198056	35042780	36874768	47140768	48899964	48991204
"P22692"	NA	NA	NA	NA	NA	NA	NA	NA	NA
"P22694"	6899887	9132216	6442293	3436145.2	3542349.5	3955147.2	3723361.8	4416805.5	5258982
"P22695"	127552744	129929288	128576328	141811712	133493144	145498752	148864000	139741792	152970464
"P22732"	18470864	16771939	19657040	7914625	8901698	10046057	NA	NA	6093226
"P22830"	12654995	6949867.5	10229097	6300585	NA	4912379.5	3504397.8	5912061	6102794.5
"P23025"	6022265	5290698	6264826.5	NA	NA	NA	NA	NA	NA
"P23141"	276376256	286394016	287437024	212710768	219371520	215073680	155772912	154482032	158141680
"P23142"	NA	NA	NA	NA	NA	NA	NA	NA	NA
"P23193"	51514140	56072308	59622624	25430350	20217098	24135958	31938462	29018250	31140614
"P23219"	41459400	38968316	41826792	63027072	59513528	62143844	115704264	121555872	123187752
"P23229"	11487018	10748570	11196774	NA	NA	NA	NA	NA	NA
"P23246"	405549568	441555872	436095232	250860256	281142976	241971408	184732144	204792912	197090112
"P23258"	28184734	26076234	28275234	21289562	23870652	21763704	23595946	19997074	26165632
"P23284"	439387424	494861248	512799616	407052768	413632960	415834752	303046080	300337472	272691008
"P23368"	64028528	59682412	58479272	93693480	100653728	87313496	81960168	80326928	83677904
"P23381"	205060480	199997520	204236144	2881201660	2986242050	2724771840	450086272	436145888	442728160
"P23396"	432336800	433937696	428554176	345709152	338466016	339142304	397291680	403922208	378206048
"P23434"	8978357	9540274	12192598	5714588	10105603	5282609	9379042	NA	14847911
"P23443"	NA	4684685	4232277	NA	NA	NA	NA	NA	NA
"P23458"	5781210.5	3690267	4381152	5984697	NA	NA	NA	NA	NA
"P23469"	28696140	29190320	28769606	57998944	59376916	60077612	61287540	63700768	61801220
"P23470"	NA	NA	NA	3437366.8	NA	NA	3032822	1297193.1	3701895.2
"P23497"	15483887	14471465	14045065	28650616	30645352	33524090	2727639.5	7758605	NA
"P23511"	6689345	6100998	9547913	NA	NA	5345894	NA	NA	NA
"P23526"	146735936	139130800	140889872	131383472	130579736	131518240	159129872	156092016	162173744
"P23528"	4079233280	4185699330	3764711680	4072958720	3919172350	3775122940	3436011780	3513518080	3513031420
"P23588"	110968776	116773472	111275768	81660064	75307112	72117856	88060888	91887488	80897808
"P23610"	10216152	6511912	7524665	11711343	9473064	12219059	11924350	11010896	11976775
"P23634"	25175130	23603620	23853026	21019566	20041292	17126834	26507794	28514212	33869756
"P23743"	NA	2530888.5	NA	1251060.1	3828041.2	NA	5100442	4593244	6466887
"P23786"	32669938	33835404	33365280	41273668	39472936	42730884	49362956	48891536	47902108
"P23919"	34568920	35234636	33593768	23417186	22263942	22421916	18699076	20295432	19357934
"P23921"	14373565	12774025	11631673	NA	NA	NA	NA	NA	NA
"P24071"	NA	NA	NA	12684284	13494944	14128724	9247554	12079570	11238702
"P24158"	18430314	17739574	18081838	NA	NA	NA	NA	NA	NA
"P24385"	NA	NA	NA	5500518.5	NA	29213872	NA	NA	NA
"P24386"	NA	NA	NA	NA	NA	3677757.8	1546332.4	3772910	3936345.8
"P24390"	18656466	21533154	19218452	31205892	39004976	40278964	25376746	26094996	29971440
"P24534"	586039680	587190080	590846720	508915616	488382016	491901888	583265090	591912060	571782340
"P24539"	78379216	82396928	83314504	109484592	102720584	108674704	118021544	109759328	103847176
"P24557"	NA	3022753	3574107.8	5371901	6126953	4368222	5711871	7466433.5	6472187
"P24666"	59835868	58620144	52738140	46604292	47732440	51442220	51090216	50250948	50012996
"P24723"	NA	NA	NA	NA	NA	NA	4102856.2	3965671.5	3824792.8
"P24752"	126793504	132685896	124916624	85908504	84508704	79653768	67680208	66432676	75238160
"P24844"	6830256	5016360.5	5551208.5	NA	2803444.5	9640483	11644009	10224918	10542793
"P24863"	NA	NA	NA	NA	NA	NA	NA	NA	NA
"P24928"	16537511	16016476	15072620	9421686	9936499	10697177	9189289	7867018.5	7422447
"P24941"	11516986	15160082	16225818	13507771	15412417	8727667	3834960.2	NA	10667022
"P25098"	34329212	36399172	35447940	11515983	12039983	10264532	10535899	9970596	9389013
"P25205"	119154784	114890192	106165608	17859194	15801815	15334660	5408661.5	4981450.5	5956923.5
"P25208"	17444564	13803656	14419689	4820870.5	11805967	8152207	NA	9230241	7144157
"P25325"	36893228	27862204	32051796	22372208	29491300	26928388	25487928	22972320	25719432
"P25398"	338516288	352144384	328461888	254862576	220976864	235266992	264830800	272181120	268622592
"P25440"	9082392	11009899	11838507	6055500.5	9092000	8536509	9813077	4983655	8500958
"P25490"	15356797	13252228	9964759	5904426.5	6868198.5	9399888	NA	NA	4101947.2
"P25685"	44383528	43787852	43722200	23195686	20077222	24486006	25703662	25049204	25521266
"P25686"	NA	NA	NA	5386323.5	4869655.5	3388356.5	NA	NA	NA
"P25705"	539316030	489039936	482121600	602856510	590510780	575122300	581349760	584218620	568815230
"P25774"	79922216	81101168	86206336	87142872	81573632	94671264	32020820	34985940	34536972
"P25786"	181917440	186373648	175136576	179874352	161795392	181890352	174041520	163851680	144042880
"P25787"	183584016	194356992	178384640	199824272	210791792	190346832	157475456	201046048	164634720
"P25788"	139049760	144223856	140706704	143318016	149313296	153725968	136293168	139948464	139572192
"P25789"	98397216	94281768	99079376	113639176	112573176	103532200	104197512	92506376	100031832
"P25815"	16521525	8350530	13016142	12099536	7220708.5	7426081	9056319	5751713	8978957
"P25942"	20688276	18969254	20396834	87733752	87768328	92149976	17131740	18705152	20179600
"P25963"	NA	NA	NA	NA	NA	NA	NA	NA	NA
"P26006"	NA	NA	NA	3657456.5	5277360.5	3192282.5	11817737	12784859	14842104
"P26010"	10623663	13030276	13598285	31256190	34731136	36570848	30547058	31407356	30531440
"P26038"	653205950	693383810	684420030	790066690	834166910	799734140	768336380	764708800	794056700
"P26196"	79296248	74722736	83011296	68556128	70588248	67773696	62369272	61755760	65888968
"P26232"	NA	1995604.2	NA	2363276.5	NA	NA	NA	NA	3451561.2
"P26358"	21024650	19336922	20689572	1806447.8	NA	5032439	4780173.5	5244531.5	1961294.2
"P26368"	183288912	196048928	191266096	121098144	136946640	122091160	99729928	101515936	96051712
"P26373"	547109890	553765890	567771840	491498688	442144320	483474272	503366112	517919936	513211072
"P26440"	20840028	21395074	18244874	18752432	16951590	16644071	23929202	25229866	23399014
"P26447"	495895200	504570560	525540096	322244416	279417248	286898464	395104000	362187552	333345088
"P26572"	9219341	8448592	14128689	6845178.5	5111548	6282274.5	4890979.5	12881484	7237163
"P26583"	370866144	408768640	427871360	143686656	160060400	150448320	134626128	135135568	118414824
"P26599"	434193696	344301824	364805760	441940992	419743776	326099136	301413728	324960384	378193280
"P26639"	107332512	101958584	108552368	98320896	99054576	100150752	81476136	81028448	84251672
"P26640"	143563520	146207488	149777232	145472032	145723504	150470416	160222272	156856832	156572096
"P26641"	385598976	384192704	399432640	479740224	448224256	466091712	583168260	569230720	544722560
"P26651"	NA	NA	NA	NA	NA	NA	NA	NA	NA
"P26885"	63764408	63442660	65069048	108752360	111535040	99764016	106678320	110557936	89405360
"P26951"	NA	NA	NA	NA	NA	NA	NA	NA	NA
"P27105"	34435072	27734148	27778452	63862644	64695944	68260280	37123348	42519608	40657832
"P27144"	7953050	10660889	10142417	22095766	21394068	21787984	7404132.5	9708777	10668249
"P27348"	448130624	489171232	427752768	792750080	754670850	782419780	735729340	717614340	763611330
"P27361"	11907511	8732987	9559785	17115892	14788076	17082022	14771161	17995480	14423699
"P27448"	6171778	8072117.5	5437208	9024219	8952273	8858656	8594525	9780868	7404882.5
"P27449"	15591528	19210476	18407834	52341968	35077404	63892340	56510380	56469320	64149360
"P27482"	NA	NA	NA	18195196	24524222	12443561	20462266	NA	NA
"P27540"	NA	5950824	4058326.2	NA	NA	NA	NA	NA	NA
"P27635"	250094784	235144720	252066880	326816416	357364064	334605824	290727424	265745488	304928864
"P27694"	36388532	33349760	34690500	19716390	15929165	14115885	13157067	12305534	16082115
"P27695"	201355008	191576192	193253808	130663224	126684440	130391536	120394440	124707688	129124680
"P27701"	34977520	40715136	44484120	66319084	57669712	69411552	21795180	19964112	19950236
"P27707"	59957456	62220112	70651024	33538762	40231640	28799690	21485358	18205948	21497426
"P27708"	26113212	26018944	27765910	23001354	22840636	24352638	27093396	26028046	27291680
"P27797"	1291838460	1281136000	1292463620	1136381440	1180563580	1214266370	1248436860	1174583300	1199899650
"P27816"	63756460	63720340	63590036	58001500	58402032	57316264	48424816	46637020	48385280
"P27824"	680723460	724850180	733800770	712102980	709562620	706801470	794982080	787696380	779556350
"P27986"	21655018	24301548	23004198	15889449	14075966	16868378	17490972	16679317	15856245
"P27987"	5566661.5	NA	NA	NA	NA	NA	7484849	3846801	9317745
"P28062"	154366800	161711632	179796336	182600176	199135824	179249824	171685392	164896544	154516896
"P28065"	73131032	70129752	76610264	100280160	106993056	98208296	57899620	54072864	57105464
"P28066"	283941504	280478304	288763392	270890560	244103760	260530848	214017744	222237488	223321952
"P28070"	89276152	90171776	92530128	102556552	108698728	102964464	87209952	85268696	93089608
"P28072"	74583056	80932552	71919504	72778048	78531432	70492272	91128568	86829304	92755328
"P28074"	16115192	14615672	16808454	34840580	27556918	36842248	32935220	31444172	32611636
"P28288"	26840962	19519568	24716418	27714724	28263148	25141268	25013520	25947168	21494348
"P28289"	NA	NA	3696044.5	5477099.5	NA	NA	NA	NA	NA
"P28290"	7324071	NA	NA	8847905	11086509	6633493.5	6044511	9111561	3155789.8
"P28331"	28222394	30715074	31472702	29865114	33460540	32226274	33032044	30100460	34775840
"P28340"	13615795	17956294	16313545	6451726	NA	5568753	NA	5531974.5	5846597.5
"P28347"	NA	NA	NA	NA	NA	NA	NA	NA	NA
"P28482"	32714888	38240208	36206244	50356848	48431536	53722932	75453672	78653224	79458328
"P28562"	NA	NA	NA	5442485.5	6485644.5	NA	NA	NA	NA
"P28676"	11896373	14341174	15008762	7685792.5	4803210.5	8784202	NA	NA	2773164.5
"P28702"	2786464.5	NA	2327689.2	NA	NA	NA	1783210.9	2508136.8	NA
"P28715"	2207790	4276622.5	4049719.8	NA	NA	NA	NA	NA	NA
"P28799"	150838832	156671216	160369088	116960592	116553080	114201768	34155816	27486370	34615140
"P28838"	148084336	143741040	145511744	372154592	367712608	356517312	161525248	161228368	158607216
"P28845"	NA	2594388.8	813364.2	NA	NA	NA	NA	NA	NA
"P28907"	16145815	14991765	15938132	95866536	88068704	92884480	4797728	NA	3492644.8
"P29083"	6954195	7407383.5	6699202	5668075.5	7897489.5	5373173.5	3302077.2	1715060.5	2201086
"P29084"	7736348.5	8221530	8649999	8786277	9121434	9698738	NA	NA	NA
"P29144"	101038280	103149608	98899704	96559712	96465688	95698384	102874088	100610448	100736928
"P29218"	62586872	60293780	59514288	67680392	60482416	69735480	60527956	59604620	65263136
"P29279"	NA	NA	NA	NA	NA	NA	NA	NA	NA
"P29350"	70545728	70793136	70591992	81802656	86483440	83397736	73143360	76313856	77861272
"P29353"	19311954	19811878	17878534	22461670	21353878	23925464	23031374	22705266	25409286
"P29372"	17643542	17493598	19088262	11311240	10309096	12401591	14606672	13312930	14407639
"P29373"	NA	NA	NA	7482349.5	8109840	7655470	126139968	116263568	110716896
"P29401"	250857536	253972816	254713024	318886688	300417056	299354752	344066656	357981856	339933568
"P29466"	33046264	33464436	37762112	99005728	91672792	93833192	19287832	19258784	16975954
"P29558"	20242610	20448754	20157220	31499964	34651368	39388576	20721672	26160690	26736028
"P29590"	30510536	30346416	28874412	107190336	99624784	104823560	19973068	20004204	21303712
"P29597"	2873613.2	2081221.6	3672464.5	5792264	7710133	2122066.8	4655134	3443866.2	4701558.5
"P29692"	556702660	557470340	540911680	479965600	488700864	482700896	480573088	503615040	488574624
"P29728"	47772172	47615224	45991764	76528624	71454720	73809008	15500013	17704202	14694200
"P29762"	65913232	68412928	68398208	23146634	22172624	22126288	17627796	18112510	20105404
"P29966"	170661872	169563184	160584016	284719008	298059808	280830656	85903168	82668024	84798432
"P29992"	NA	NA	NA	6148608	NA	NA	NA	4080479.8	NA
"P30038"	9217082	11699193	7942345	9484627	7552874	10177343	NA	6687853.5	10047318
"P30039"	NA	NA	NA	NA	NA	NA	NA	NA	NA
"P30040"	381894272	395829632	383542016	292516032	311197120	283276352	212799440	219831872	231098064
"P30041"	376926720	370642592	367019712	406997248	350324608	406913856	521382816	500210496	473270304
"P30043"	58534592	56256280	57452928	74518136	66969932	66568320	94041408	101902432	99350320
"P30044"	136754400	143080384	132462488	128025904	130751920	133022328	111458384	135010592	119295992
"P30046"	104338704	112769608	116727496	72126456	80828560	89134336	94154104	85560776	87424688
"P30047"	NA	NA	NA	NA	NA	NA	NA	NA	NA
"P30048"	493076448	525349856	517791072	506626560	510260160	502040416	554188100	537474750	498416672
"P30049"	261064032	227633872	233963888	199313376	190690992	162240848	147866032	152573120	189429472
"P30050"	574586820	572691780	537590020	501700064	472875104	509223392	531744832	551240770	538639870
"P30084"	97731912	90757368	97656576	99764616	89541520	98670264	95807016	96139152	97978472
"P30085"	96726400	90043560	96286944	113239976	82754320	102936632	122518224	126513560	120044712
"P30086"	342069728	356915232	345868128	229509984	230727744	239507184	261244816	270290304	249231600
"P30101"	710347070	709116290	706576320	1031288450	1017451970	982929790	738487490	756346560	737212350
"P30153"	302047776	280463520	272780416	335561728	309334144	315474464	354179712	354158656	370397024
"P30154"	6575147	7298275	4525739	6301179.5	5565583.5	8110829	NA	NA	NA
"P30260"	8134484	7021971	6589431	4154016.8	6349955.5	2313933.8	NA	NA	2682872.8
"P30273"	214053232	214496112	229615648	137185392	137646464	127799520	54272300	56861552	58268536
"P30405"	116229512	123322960	119372408	270003552	204663248	213073232	198266912	204963840	179016576
"P30414"	NA	NA	NA	NA	NA	NA	NA	NA	NA
"P30419"	34979724	39828108	40676896	32824532	36392268	29454098	39073540	36175164	36236860
"P30511"	NA	NA	NA	14491077	17073274	13295899	NA	NA	NA
"P30519"	14401177	18051570	12710103	25333866	29124598	26409124	31598114	26977496	34419820
"P30520"	51482532	47600064	53640768	64222900	63359060	72024696	94608176	90206864	97413296
"P30533"	23223624	20627360	23496758	26603502	22801148	24077284	34679160	31562210	30643170
"P30536"	100288784	86611392	93016112	146967424	115953632	79312568	111432864	91518688	124450856
"P30566"	70734680	69149056	73276584	57052964	52510864	61169268	61739128	55701296	57268832
"P30613"	2559265.5	1504008	417697.62	2590333.2	8170941.5	3768357	NA	NA	2180373.8
"P30622"	11889324	11773120	10510110	14391888	16040567	15221523	12418586	14037858	13769878
"P30626"	45325492	45612268	48186672	48328272	49663136	51336480	43814516	51933900	45256876
"P30679"	NA	NA	NA	NA	NA	NA	NA	NA	NA
"P30740"	26665168	26723988	26016538	45240052	44754172	47162056	25110458	25885022	27056156
"P30793"	NA	NA	NA	16365477	15907945	15101863	NA	NA	NA
"P30825"	4146519.2	5273621.5	5801105	NA	NA	6753907.5	8696630	5130553.5	5415478.5
"P30837"	11332786	11361149	12137140	10308525	9667989	6145996	8596975	4417264.5	9014500
"P30876"	30106136	31881882	30144076	20853014	21375898	20205128	15636438	15152234	17222492
"P31040"	100488776	101040768	98361712	79798792	76501056	82992112	101105768	97490200	99008016
"P31146"	660161280	693305340	657281540	1004247870	878281600	854367300	937994300	929215100	895440320
"P31150"	40459704	39833156	45995316	98574080	105513720	93760952	103651328	101411128	104667872
"P31153"	90122400	85140552	90002016	56390048	53047644	51626444	44883304	54640340	48681168
"P31323"	14105102	10253647	11246496	6784851	5546021.5	NA	NA	NA	NA
"P31350"	NA	NA	NA	NA	NA	NA	NA	NA	NA
"P31431"	NA	NA	NA	NA	NA	NA	NA	NA	NA
"P31483"	24713826	22728160	26135852	16622645	16397199	16450614	10465156	11495635	12931830
"P31689"	53443492	51773316	54044504	49134580	55012704	50348708	27047568	28023624	29250244
"P31749"	17604068	7280950.5	14391005	7560175.5	24426880	25311482	12890656	5767474	11946973
"P31751"	NA	3447787.8	NA	NA	NA	5709609	NA	NA	NA
"P31930"	124562792	134268048	131339128	149534352	153098368	158240736	173864160	170752736	159513968
"P31937"	13160693	14652869	13344180	14283242	16031274	15099674	14806853	16360863	16460560
"P31939"	84662928	83925592	85952952	70095240	72980352	67335968	85737392	83740672	87120952
"P31941"	1735500.9	3452251	1264544.1	10671028	11884044	10666439	NA	NA	NA
"P31942"	102367808	107402976	111663256	71328744	70784128	64351856	79697312	78863176	76645576
"P31943"	809455740	856410620	897711300	463309376	486342560	474820832	516470176	513741216	517303232
"P31946"	776860930	756517440	742980480	734507390	702827070	662496580	563108930	567115650	592856640
"P31948"	324905312	338152896	341070688	519790592	500896704	502928352	834678400	828008260	798104770
"P31949"	1229821820	1236349440	1084053250	4677692900	3437944320	4305626100	2825783810	2307792900	2371038980
"P31995"	NA	NA	NA	NA	NA	NA	NA	NA	NA
"P32019"	2908312	5039761.5	NA	NA	NA	NA	NA	NA	NA
"P32119"	280922432	232185760	239704432	193898864	193218768	176510032	218176592	194530480	206019200
"P32121"	11662047	9938022	10952293	26886428	32515274	30286680	20625582	23678616	24023510
"P32189"	16304008	15195161	15706931	52537652	50102688	54895816	28299222	31907264	30109584
"P32242"	2340440	2105077.5	2345030.8	NA	NA	NA	NA	NA	NA
"P32246"	NA	2212558.2	NA	3731096.8	NA	4324407	3627826	NA	2868805.8
"P32248"	NA	NA	NA	10404059	6320659.5	2583323	NA	NA	NA
"P32321"	14059510	11085304	13542234	16256160	13506884	17246982	15949148	16680039	14822963
"P32322"	5237083.5	4255608.5	5642684	NA	NA	NA	6620364	6091108	6580985.5
"P32418"	2056499.2	1944700.2	1966684.2	3478750.8	5230574	6010595.5	1627956.4	4967483	1914829.2
"P32455"	680745020	NA	NA	485452448	78982088	430064224	NA	1171418880	1003610940
"P32456"	NA	NA	NA	116524480	117023280	122835096	NA	NA	NA
"P32519"	20074222	19849584	15988693	8429378	7120424.5	9396652	NA	NA	NA
"P32780"	1553854	2199027.5	1857635	NA	NA	14740966	NA	NA	NA
"P32926"	3816378.2	3411819	NA	4698947	5085111	6532220	3947803.2	4636534	4591279
"P32929"	NA	NA	NA	9577065	7249055	9901071	14291311	14127377	14771004
"P32942"	6115548	5760666.5	5906183.5	NA	NA	NA	NA	NA	NA
"P32969"	142341232	126672736	120768504	127457184	88767232	107775488	131910264	134105936	110603056
"P32970"	23419890	19356342	20320232	16403209	13963477	18915004	NA	4857464.5	4081276
"P33121"	45921408	44371844	47025568	130267360	125268792	131963168	48071800	46350280	50738564
"P33176"	58291188	56891244	58179516	75824120	72709976	77077344	66597216	67478056	65208664
"P33240"	31923072	34818576	30577266	21102050	20581500	21667798	21261404	20542952	22212314
"P33241"	7848015.5	9147189	5552057.5	44013584	41519936	42023084	62244172	69608672	64305808
"P33316"	58215980	80357368	83246640	10504251	15310402	15054514	11566531	9919896	11201736
"P33527"	NA	NA	4216662.5	NA	5403739	3939090.5	6453269.5	NA	4644539.5
"P33552"	NA	NA	NA	NA	NA	NA	NA	NA	NA
"P33681"	NA	NA	NA	NA	NA	NA	NA	NA	NA
"P33897"	18677880	20150734	16298386	51312660	52474452	50998960	44246748	48112264	45254372
"P33908"	6792401.5	7358734.5	7493667.5	4080036.5	6706957	4316354	7038402	1808258.1	5940868
"P33991"	81119688	70036224	82102624	11421145	9498522	8540179	NA	NA	8766080
"P33992"	78560480	82737016	78914208	9714377	10429047	9270401	4603098	56039180	6415900.5
"P33993"	63034240	68267664	60294424	8922610	8337784	9120110	2784671.8	3159159.8	3257253.2
"P34059"	6742275.5	4582633.5	5758285.5	5778100	1035685.75	5186330.5	5850210.5	5818993	5534892
"P34741"	NA	11466354	33621256	23920352	18896766	19109292	71702592	63142028	59160856
"P34810"	42799524	35442660	46030304	22634972	16089576	21855318	NA	NA	5674963.5
"P34896"	22219098	27661686	NA	23808148	NA	NA	NA	NA	NA
"P34897"	136142336	144778464	147248480	148449680	150655808	157076080	192496496	196655088	189560160
"P34910"	30090786	34538228	35447788	53393300	57166604	56292600	44744836	46961976	43440528
"P34913"	4407546.5	4957917	5042429	NA	NA	10138945	NA	2820019.5	3341423.5
"P34932"	202837408	220551232	224966288	217908448	221567088	220658640	250219696	239970976	250201136
"P34949"	9388946	10961908	8287660.5	10944016	10304246	6649767.5	11647687	9919810	12643624
"P35125"	NA	NA	1428482.8	NA	NA	NA	NA	561543.06	NA
"P35221"	13232461	12426534	13490401	13283397	12813559	11899727	13474921	15497520	14663918
"P35226"	13026243	11639501	10516518	NA	NA	NA	NA	NA	NA
"P35232"	53234460	56297420	60530768	63802900	57806936	57136024	78941080	78060216	72662440
"P35236"	48919496	42169320	43684020	49335308	44693888	50851176	51625840	54278140	51601352
"P35237"	14645462	16906360	16116572	22501758	26492790	24604188	21957170	22199012	23402152
"P35240"	4780934.5	NA	3283676.8	NA	NA	NA	1892735	3927584.2	3112658.5
"P35241"	56435724	49922116	51457832	85944744	85252552	75035504	46719244	54385736	51544872
"P35244"	32004018	32435302	32132856	16581600	14994198	16466422	13860098	12002625	10762768
"P35249"	16460837	18755568	20277574	NA	12601969	NA	NA	NA	NA
"P35250"	18368468	15052612	16041171	NA	3414238	NA	NA	NA	5339232
"P35251"	6916967.5	5358136	5636913	NA	NA	NA	2421113.8	NA	NA
"P35268"	531148320	512600768	522086528	459098624	466917312	425837120	444635040	465942752	431442496
"P35269"	34934252	32880476	31228758	22062160	20094656	23918078	21638716	19479930	19616632
"P35270"	16413249	14870226	10107052	21587332	23188822	21707958	23650652	29534548	29066820
"P35318"	NA	NA	NA	NA	3656720.8	NA	NA	6500468.5	NA
"P35354"	NA	NA	NA	19150446	20215232	20382074	NA	NA	NA
"P35367"	NA	NA	NA	NA	NA	NA	NA	NA	NA
"P35408"	NA	3130121.8	1296096	NA	NA	NA	NA	NA	NA
"P35520"	37769644	35969708	36405740	23799012	22324044	23835884	22151434	21103200	22348564
"P35527"	16807946	13120905	10529510	19888544	18900694	19788292	10554946	9272797	13221933
"P35568"	NA	NA	NA	NA	NA	NA	NA	NA	NA
"P35573"	4706563.5	4846909.5	4676558.5	5903897.5	8771076	6717613	4962562.5	5320942.5	6264190
"P35579"	329835424	354389472	355927616	485968096	457934336	466708960	477127264	478765600	469851136
"P35580"	NA	NA	NA	NA	NA	NA	NA	NA	NA
"P35606"	101582880	98864152	102505504	118940160	118651168	120982672	99097232	102473808	95334104
"P35610"	16126141	10472296	14405372	21761220	18906460	19444276	11652456	13845465	11289167
"P35611"	13530234	13737953	12219186	NA	NA	NA	NA	NA	NA
"P35612"	27769736	20961898	27086846	NA	NA	NA	NA	NA	NA
"P35613"	80607856	91364968	92534128	107078640	112076312	113708840	130387800	127433920	133211776
"P35625"	13947695	12107711	10473438	17650496	13564244	15266320	40159052	38625924	37362680
"P35637"	364205344	384202464	395898208	218936608	213053856	223233920	182271456	185620672	184471584
"P35638"	NA	NA	NA	NA	NA	NA	NA	NA	NA
"P35658"	35758304	34998728	37395664	26368828	32773706	28984670	24236720	25433954	28213120
"P35659"	55816688	56623504	61207828	58744572	56823180	57053800	36769124	35135480	34907884
"P35754"	14512916	13768662	14480082	25117244	25585326	27850568	17447364	17960772	16537740
"P35790"	NA	NA	NA	NA	NA	NA	NA	NA	NA
"P35813"	12501153	14227391	11805874	30241324	27041170	24796154	27095632	28461822	23987052
"P35869"	NA	NA	NA	NA	NA	NA	NA	NA	NA
"P35908"	10804217	10770829	10126219	13191058	12345295	13337610	7741173	9485300	7600305.5
"P35913"	2574693.8	NA	NA	NA	NA	NA	NA	6319492.5	NA
"P35914"	15634381	15859021	16259055	31968096	33072884	31607554	30355756	31914060	30565698
"P35916"	NA	NA	NA	NA	NA	NA	NA	NA	NA
"P35998"	72463856	74144240	73697464	76453128	76427912	77055336	79346344	79336320	75506360
"P36021"	NA	NA	NA	NA	NA	NA	NA	NA	NA
"P36222"	80325024	82234016	75625280	81948448	79401120	77471120	164202528	155720192	155174352
"P36404"	9302485	7736803.5	10017988	4677431.5	6106336.5	8523956	8631073	7428541	6837953
"P36405"	13276391	14016323	14784035	15660151	17873034	16486509	18932758	17944130	18025186
"P36507"	49924856	50951544	45681168	64661904	68689352	65497388	58031300	54937220	54606888
"P36542"	144699728	123824152	145798960	141255520	136880304	134540176	152216368	155478080	144686048
"P36543"	106010336	104610152	105358560	107377400	108748248	113458424	114171624	114700280	116137264
"P36551"	12472399	11938475	12529999	12477513	12804665	11527534	14397243	15992419	14306569
"P36578"	314096320	324712512	325661024	285847936	293370720	295028480	317142976	309311200	318999328
"P36639"	25645618	28762898	29101014	8127842.5	7720506.5	7053948	10895596	7901192	6053502
"P36776"	88356136	90552296	89410320	130048096	121977800	129839152	157406368	169982000	158972432
"P36871"	8454599	8014942	8264554.5	9070380	11672029	11030136	7084954	5224818.5	8236367
"P36873"	29599794	27643596	31457632	26189790	26488438	23188804	20811230	12361618	21137496
"P36897"	NA	NA	NA	NA	NA	NA	NA	NA	NA
"P36915"	16849378	16405841	18535472	16015543	20780456	19596164	20357338	20961748	19843978
"P36954"	10645207	15911587	7966960	6842662.5	3370039.8	NA	NA	NA	5097481.5
"P36955"	NA	NA	NA	NA	NA	NA	NA	NA	NA
"P36957"	74484912	77263408	77598600	111780176	115565024	119984552	126930240	127431784	115373424
"P36959"	NA	NA	NA	NA	NA	NA	NA	NA	NA
"P36969"	11012704	19190164	28279414	23578388	33880596	26668246	22258002	23122262	20930718
"P37108"	205596032	195934304	205130976	99090624	98022696	103160728	100789272	96380144	92355360
"P37198"	43884744	38847300	44921012	34178776	34989796	31796102	23266874	25661714	24331116
"P37235"	52946424	56249816	53707516	117186184	127174472	122866584	176196560	178832560	175110256
"P37268"	69848408	65184364	70226000	17935414	NA	NA	18936094	14915704	13523569
"P37802"	780198530	829640960	805950460	928441730	849946370	907359420	832172540	785564990	813547520
"P37837"	397832992	396395744	412247520	330763200	323423488	339015200	388208640	418598976	366169504
"P38117"	86720144	94348368	93789176	75786824	68796576	84840344	84849512	85914328	81009952
"P38159"	486175968	519147328	497075520	263665600	251958880	262624688	283310496	268206608	225935904
"P38432"	3915309.5	4210258	3888362.8	1412826.5	NA	NA	2169473.2	NA	NA
"P38571"	23435276	19938842	25271508	3927151.8	4950026.5	5283153	11689258	12438318	12827550
"P38606"	98891928	93460384	96407240	137428416	127339768	130371544	133396104	135164896	124459144
"P38646"	322114336	336374880	327220896	348074976	339241920	347049920	418690112	432898688	408554912
"P38919"	93315696	94512280	89338984	74992272	74048896	78867392	63181780	69080424	61613124
"P38935"	NA	NA	NA	NA	NA	NA	NA	NA	NA
"P38936"	NA	6241551	5780885	NA	NA	NA	NA	NA	NA
"P39019"	439123744	408923392	458770240	299876928	268224160	279419552	375602720	348161664	339484640
"P39023"	297878976	279245792	288286656	298335552	297533920	308152384	294388000	305542432	300644768
"P39210"	1639806.9	2879287.8	NA	6431770.5	4525647.5	2097593	1027748.5	572366.06	2744768.5
"P39656"	169911424	164683968	157985008	205486256	177549488	188524688	184822320	188554352	187861632
"P39687"	447229952	416783840	433042624	262856496	238012592	255785040	226722848	243380080	207691248
"P39748"	91842720	95487056	96967232	36203576	35074516	35858960	28396658	29464314	29715982
"P39880"	5479377.5	7497884	6607245.5	NA	NA	NA	NA	NA	NA
"P40121"	709823360	649363840	689146180	745045700	697023620	637420030	609644480	598558720	538848900
"P40123"	28672436	15168287	15098263	18465934	13499250	21305228	23882220	27043864	16925628
"P40145"	NA	NA	NA	NA	NA	NA	7750847	9388173	7092233
"P40222"	54321652	50752624	49822868	40963796	35652712	41266408	18830562	19728580	18084026
"P40227"	251290000	244137328	263645280	225916112	214386336	208970464	244188064	236009056	234011824
"P40305"	NA	NA	NA	7889561.5	10559273	6141748.5	NA	NA	NA
"P40306"	63433148	56045208	60513484	77523648	70682256	74969904	36513452	37865504	43574592
"P40337"	NA	2998751.2	4290260	4130644.5	3578350	6830256	3938079.5	2828360.2	2553355.5
"P40426"	NA	NA	NA	NA	NA	NA	NA	NA	NA
"P40429"	244501520	244627056	252261216	278773472	255957632	261920272	253312128	244221136	250195120
"P40616"	19243624	16972754	14807078	21249016	19499660	21775914	25025492	23883026	24298014
"P40692"	NA	NA	NA	NA	NA	NA	NA	NA	NA
"P40763"	52228152	50869196	49974192	52837248	53470392	50470176	19768054	22529482	21369334
"P40818"	10711404	11392120	12484030	6947103.5	7439405	10211496	9525263	7815045.5	9344856
"P40855"	30073532	31561398	31874300	25631668	23648228	24301008	35268568	38843272	29543898
"P40925"	525471008	590557440	544460930	494624224	415502240	410148928	632346880	626522620	598861060
"P40926"	615294590	625860030	684467200	693293630	698270080	734602880	842031100	826183300	850748030
"P40937"	11253637	11016242	10083544	NA	NA	NA	NA	NA	NA
"P40938"	12972739	12297094	14496931	3104613.8	21356130	4016042	5733486	5817574	NA
"P40939"	217814848	224099392	212831392	260254176	249358272	255759792	251951760	260412640	261355104
"P41091"	168169680	168937056	171004528	178305456	171583024	182067104	177820912	172351616	167231104
"P41182"	5812291.5	NA	NA	NA	5890692	NA	NA	NA	NA
"P41208"	4044296	3283447.5	5379377.5	4535694.5	4796867.5	1937617.1	3625443.8	6953972.5	3130525.5
"P41212"	NA	NA	NA	NA	NA	NA	NA	NA	NA
"P41214"	10235097	6907533	7209788.5	6685367.5	5099461	7048953	11307510	3135635.8	9350206
"P41218"	116200840	117342880	107703688	41009124	44673676	50175040	28559024	27819320	27683390
"P41219"	NA	NA	NA	5494834	4375629.5	NA	2363498.2	NA	NA
"P41223"	20069120	21110770	18765338	18043118	13558210	20075640	14414611	12276964	16815542
"P41226"	30839628	30579504	30083496	33655476	32164436	30887664	17412702	21762268	17312702
"P41227"	48543620	53785568	56067764	41115540	42335140	41128560	38785816	52242384	48533624
"P41229"	NA	NA	NA	NA	NA	NA	NA	NA	NA
"P41236"	12457884	10433017	10952672	8693427	12386825	10299150	12355526	11062768	11479882
"P41240"	26061844	26609024	28652734	34208352	35884960	33553930	30383754	29541964	28365744
"P41250"	93485864	92020208	92116552	131609232	126015352	113117176	150736000	150178848	147947600
"P41252"	175767104	180473888	184482816	184340608	181146848	173191904	243119072	248144368	253096048
"P41567"	144126144	125211448	126470256	62584804	72548192	62499528	31609772	33288366	30822568
"P41743"	5644950	6004096	NA	NA	6493402	5423339	NA	NA	5977453
"P42025"	44640364	56650568	50790180	81303456	72672160	76737392	88622632	86283080	80496088
"P42126"	30786668	31345368	34198024	33510874	30417392	32612068	36734136	42430864	36681008
"P42166"	197468848	201971968	185620352	112637448	111390200	109669952	82492696	86406056	80947936
"P42167"	68235600	77381856	80375328	56905256	54603044	57405284	47437600	48229556	43843496
"P42224"	68524096	71247792	73312440	133327248	141951232	136412896	28498890	28740450	29413254
"P42226"	14785716	14937288	17640896	16854244	19200406	19606592	13905578	16120345	13243792
"P42229"	5320941	8935229	4275032	7241263	11479596	9997958	7742714.5	3613523.2	8708168
"P42285"	27848006	26846026	30326798	17146632	13304837	17527008	16116190	14755793	14146072
"P42331"	9223896	9184239	8153842	10622637	14393214	14274575	16733996	16552151	16347266
"P42338"	NA	2079148.6	1646772.8	NA	6842906	3377665	4129225.8	NA	5126859.5
"P42345"	10298356	8911172	7950150.5	13095458	14946166	8271554	9180612	10355492	12267855
"P42356"	9819648	11085714	7758152	13341922	11946091	7561784.5	7990004	6761334	9590122
"P42566"	23057760	23590176	22547894	16015958	17775032	16975086	13780132	14626478	14655327
"P42574"	11722202	13213574	13554753	26198046	21381256	27873030	13866130	14616089	12055480
"P42575"	NA	NA	NA	NA	NA	NA	NA	NA	NA
"P42677"	275737856	295706464	295348416	230409104	232585664	222805408	277766368	290863136	285215072
"P42679"	3810831	NA	4916519	NA	NA	NA	15211850	13338229	12162463
"P42684"	NA	NA	NA	4063954.5	NA	8294789.5	NA	NA	NA
"P42694"	2101428.8	1670312.4	1082276.5	NA	NA	277452.12	NA	NA	NA
"P42695"	8945610	5755400.5	5386807	NA	NA	NA	NA	6391849	5965175
"P42696"	20645452	19638032	19498332	6810616.5	6723910	4247828.5	7620067.5	4438620.5	7387410.5
"P42704"	90795336	93173456	90366984	53931432	54886992	54016024	80079112	79481168	81201704
"P42765"	54431684	48330224	59093824	62206420	58904704	55148092	64877920	62580820	66587244
"P42766"	410580992	377091008	391132480	362694176	319674112	342754688	345490016	349282976	354285600
"P42768"	49583124	50907160	51805364	40844880	43610624	46548972	24998670	27018430	26261858
"P42773"	55662104	56790208	53934048	28341796	24453050	21698592	28425642	29416982	26286446
"P42785"	9814881	5731922	4793123	5431816.5	4732787.5	6941952	5624570	4129208	1952157.2
"P42830"	NA	NA	NA	NA	NA	NA	NA	NA	NA
"P42858"	7447801	5156184.5	4650439	7720537.5	7767010	7164196.5	9570529	11059751	11526859
"P42898"	5451167.5	4258678	3609828.5	5524583.5	5718536	6966764.5	7580988	7120169	6111368.5
"P43003"	NA	6412385	4476374.5	2912002.5	NA	NA	NA	NA	NA
"P43007"	24402162	23452512	21222572	NA	19202470	19174024	37617308	32327392	28886004
"P43034"	44716112	47413800	45593956	62134596	60287064	59711432	55081456	53327280	56242632
"P43155"	28824984	25143070	20004020	42653792	36112152	44644576	49194156	51884168	48547540
"P43243"	228952448	224262240	216192176	153659072	145595696	142942528	122734520	127320744	121493696
"P43246"	11183172	10884472	5993202	NA	NA	NA	3520052.8	2130985.8	4906777
"P43251"	NA	NA	NA	NA	NA	NA	NA	NA	NA
"P43304"	44534728	40810636	39805520	54945624	51620188	55571568	40112176	42753144	43772672
"P43307"	43397716	45123956	37848060	62188500	69608152	68764744	59765880	62945596	66476608
"P43353"	7086527	5975696.5	5648364	4941259	8981822	5262328.5	3328133	5193821	8103456.5
"P43378"	3035888	6155208.5	2842606.8	7487372.5	7997312	8774290	5087461	5413674.5	6241703
"P43405"	47421932	46398352	45328692	38344372	41302836	39263720	31709920	35084144	35365520
"P43487"	322112544	349579488	364114240	183565808	186564688	194784832	190217280	196826848	188653232
"P43490"	66461072	64838548	73486112	572860990	539823490	519652736	174350256	170474816	170261552
"P43686"	71231640	74896304	66995604	65122420	65742696	58198192	64208640	68319544	65121932
"P43897"	20610004	23841646	20302782	24630660	22564368	26319584	25635270	22366154	23616632
"P45877"	NA	NA	NA	NA	NA	NA	NA	NA	NA
"P45880"	241927232	237995040	240952016	347924736	339890816	349785792	337925920	341055936	320966080
"P45954"	10795619	8485430	5708667.5	6174159	8427724	11312203	7060658	NA	7599465
"P45973"	89124752	90782304	93551104	21275168	23617522	23870860	28601514	26110220	26103888
"P45974"	25131892	23687932	24183542	22090054	22899532	22697924	24304842	23488156	24717874
"P45983"	NA	1774174.9	NA	2916304	3460249.8	3363235.2	NA	1755321	1644797.1
"P45984"	7563484.5	5690727.5	5754665.5	6285805.5	9874204	3278807.5	7893238	8173121	8094923
"P45985"	NA	NA	NA	NA	NA	11156470	5475360.5	NA	NA
"P46013"	17112654	18167758	18796852	NA	NA	NA	NA	NA	NA
"P46019"	NA	NA	NA	NA	NA	NA	NA	NA	NA
"P46020"	NA	NA	NA	NA	NA	NA	NA	NA	NA
"P46060"	57241036	57926060	52048796	47020904	45789432	46370088	28603884	29017396	30131644
"P46063"	29208044	34682356	35381016	49901428	51001288	49314108	45529836	43875664	43146680
"P46087"	27124282	26630864	24842930	12902499	12329337	14173014	17341672	17945420	16519031
"P46100"	1931955.1	3504807.2	NA	NA	NA	NA	NA	NA	NA
"P46108"	14764853	13474019	11152456	16400697	17240442	15124664	15060966	15826317	13374892
"P46109"	112680712	110411144	119975728	104378144	103742056	113000944	102161264	97083552	99106464
"P46199"	7119440.5	6700946	5715950	7100510.5	8400521	6192006	6912528	5491080	8446757
"P46379"	33130254	33833980	36798660	34592852	32728306	37514096	31415674	32548084	33550088
"P46459"	89566184	92919160	97882168	139605296	139139008	141069536	129352896	129723160	124934136
"P46531"	7983789.5	11067489	16141199	5416147	10012251	10243962	NA	NA	11014214
"P46734"	9998690	9641505	10383822	25053022	29980004	27782218	28722584	25624774	28093208
"P46736"	14508459	12448827	14412385	13954729	14133749	14051169	16253980	13821021	16386173
"P46776"	445080096	448865632	483062528	419685216	423809696	391632608	419458528	401745504	350156928
"P46777"	352947520	363814784	336385792	353048640	319332128	356163200	341709760	345030624	368973824
"P46778"	300463232	316593280	335027744	254017168	259873584	246512816	293387712	307882272	259590736
"P46779"	216598688	234698608	221094976	234783472	221801504	215952128	212707968	205493168	209419456
"P46781"	222700464	225308384	219225824	188828064	175038800	181921008	220602592	213864224	199488848
"P46782"	428201248	407308608	404027584	353330976	357249344	355388224	394685664	394965024	367025824
"P46783"	189943040	186783936	186424080	122473376	136230256	133771896	145198736	157810976	168902016
"P46821"	NA	NA	NA	2541029.5	NA	NA	9370835	11772898	12320096
"P46926"	39556196	44491080	40074484	54739956	54597868	56432036	56036208	62026068	62557856
"P46934"	2432410	2529633.5	2906950.8	2524189.5	3725641.5	1963143.9	1239778.6	NA	NA
"P46937"	NA	NA	NA	NA	NA	NA	NA	NA	NA
"P46939"	17911962	16822626	15013525	15629043	14565357	11462002	12989393	16863436	13554182
"P46940"	237591808	234869680	231302560	309962368	319892832	315836256	313792672	310970336	315517472
"P46952"	5787523	4847306.5	5011382	4001085.5	4117114.8	3187527.5	2948805.5	3574586	3270104
"P46976"	44559568	48487284	44600136	50104896	44487544	48018772	43824624	47796756	46422320
"P46977"	71934944	77665392	79234000	104924416	92979984	99478408	104404992	105323168	102749616
"P47224"	6565423.5	5734557.5	NA	3470677.8	NA	5473534	NA	NA	2241745
"P47712"	9189613	7135825	6154335	8462867	7172352.5	9280032	6189574.5	6173166	7861926.5
"P47736"	NA	NA	NA	NA	NA	NA	2446414.5	3078427.8	3672180
"P47755"	73196496	74363496	73188752	108176504	112191152	117248664	99019192	106801576	100512456
"P47756"	225365520	240230848	241615248	278667488	256820672	275840224	247481696	247000016	258204736
"P47813"	129025784	120383880	111627088	119699792	114212168	100152664	89506064	95074960	86599896
"P47897"	74039464	72472232	71362264	73517176	68371232	73056624	79801792	82036040	73671392
"P47914"	833250300	1101513600	550416000	1727916420	1391350910	1939931140	528513824	454453088	589842880
"P47974"	12820793	20854690	21785676	13153904	17441292	15132383	NA	NA	NA
"P47985"	100516512	98675024	97317240	99480272	96975488	95636592	106731504	108891816	97818056
"P48047"	177762928	182698032	167046144	173193568	175545120	184290528	178539824	168914384	187000672
"P48059"	68646064	69396248	67808928	78647504	73918328	78309792	71816784	75755792	75072264
"P48060"	7557969.5	5865175.5	7917623.5	NA	NA	NA	7795637	14536730	NA
"P48147"	53655300	55979832	54973452	58882380	62167448	62266824	69975736	72671200	71930320
"P48163"	17265360	17338106	18104700	33249648	31870692	32435504	35034440	35505544	32781244
"P48200"	5353803.5	5450251	5294348	6006368	6507859.5	7946631.5	4483305.5	4409444.5	3225208
"P48307"	36405164	35454760	42277472	342581088	343543872	332803840	170918064	158049968	157791184
"P48378"	NA	NA	NA	NA	NA	NA	NA	NA	NA
"P48382"	9548269	7755724	7489468.5	NA	NA	NA	NA	NA	NA
"P48426"	31511510	33356316	29689328	49537300	55955716	50857732	47199956	42039924	49004552
"P48444"	115827528	114773040	114264928	118502800	111996304	116799424	83277952	82439920	85354656
"P48449"	8716080	9857117	9337442	10815655	13464602	12829891	11230613	11079835	11590565
"P48454"	5054986.5	NA	4848913.5	8860083	13813998	12874054	10717822	4029726.5	10595760
"P48506"	36146060	34909792	35347436	64134128	60547976	65424580	147188496	144700448	145996176
"P48507"	32309444	27666544	31371442	36143404	37414732	35128020	25293036	25987952	23476512
"P48509"	NA	6197325	NA	NA	NA	NA	NA	20327880	11668983
"P48553"	NA	NA	NA	18473734	NA	19561358	9415158	NA	7009216
"P48556"	42865240	45252104	41007788	49717652	45691048	47810968	51009424	52490752	46198564
"P48594"	NA	NA	NA	NA	NA	NA	13711714	12521357	11520392
"P48595"	30226808	36011900	33259914	32437342	29631512	35535484	28042932	30346606	27043960
"P48634"	41671804	44005200	46319368	29502210	27825918	29647012	28547446	27076712	31546620
"P48637"	27826708	30036292	28785936	30465994	32254450	30404058	28235188	29962490	28237302
"P48643"	235868336	239423408	238289424	214698928	206555264	210333792	236804224	226291120	221557424
"P48651"	21237052	18799966	18118666	18691182	18990874	19867140	26037104	19879092	25557008
"P48681"	NA	NA	NA	36808464	36223424	37950080	104814592	103601536	98723192
"P48723"	6319003	4306076	6182107.5	5551678.5	7980075	6894424	4083993.5	6957825	6495376.5
"P48729"	10511772	5979067.5	7878495.5	7020931.5	7176486.5	4591970.5	6967072.5	7108500	5574707
"P48730"	15320722	12567028	9031590	12368906	14609056	14402824	8061844.5	30169938	13426594
"P48735"	194994496	206192608	207622384	173846800	172645904	176648208	172097184	162652496	168405552
"P48736"	4348401	2731719.5	4059321	5531681	5874819	3134797.8	2905732.8	3176029.8	4834232
"P48739"	35467272	39412504	39187124	43809028	43703856	44827644	39017084	42067620	41027732
"P48775"	18215454	19209472	16068700	28835650	29378900	27235468	NA	NA	NA
"P48960"	26423946	23320376	28221572	59266456	58398804	60655920	30292764	27119908	30595808
"P49005"	8974609	8424700	8394370	NA	NA	NA	NA	NA	NA
"P49006"	42590536	48590932	40765456	171807328	158617792	167713680	90650936	94562808	89642544
"P49023"	16935018	19791926	18721626	20528318	18603256	20671932	33594432	33932876	31399786
"P49116"	NA	NA	2656934.8	NA	7627683.5	NA	NA	6160296.5	NA
"P49137"	34130480	34420620	32622926	29871264	25253684	26488178	24235076	28411786	20845492
"P49184"	956074.8	1967395.1	NA	5922066.5	6415408	NA	NA	NA	6695729.5
"P49189"	65423916	68316280	70519864	75681328	71138064	75999944	83896968	82806744	83037544
"P49207"	217489104	238415408	251091072	221346720	216291008	249717744	249479728	257674768	203988304
"P49247"	11073725	12399092	11307174	NA	830325.5	3615635.8	1137738.9	NA	4613630.5
"P49257"	63682120	59699692	54385284	74513496	86119912	82362680	72382912	76141760	84750192
"P49279"	NA	NA	NA	NA	NA	NA	NA	NA	NA
"P49321"	323070144	309636384	316278752	103324776	96101680	105940288	86398648	77918304	83119600
"P49327"	209185200	209510384	205067824	138031600	137738272	140119760	134548816	133370024	131948240
"P49354"	21206098	21218952	22239268	16613114	19283916	20247994	15968178	18890298	18591104
"P49356"	10288271	15478389	12007269	10697557	8739884	9137930	9568501	8667799	10394418
"P49366"	8686695	8182825.5	9598993	11721455	10588791	9041021	12879233	16147311	16625388
"P49368"	300755136	311743488	311683872	269037728	257336192	269528288	294180896	291535200	286918720
"P49406"	12566341	13903021	12288717	10462696	11771076	8992563	9023073	13276859	11700222
"P49407"	27088552	27970022	28232262	37086240	35501992	37705352	43797040	43358996	43763016
"P49411"	171991440	169121568	172585408	193653728	184746208	199334144	205996208	205332080	199790112
"P49441"	9016504	10237669	7258530	8767119	9686983	9511354	12514889	12866982	11305913
"P49448"	9932852	NA	2444681.2	10923425	10014777	5260572.5	8739126	13639858	12921383
"P49458"	74911504	211712016	254555632	105201440	99537808	99538344	93469912	108709624	89878344
"P49459"	18327658	19817734	15632798	13819262	NA	8901397	NA	NA	NA
"P49585"	41940616	46723348	45296104	35419204	36286936	35244948	33478728	36703396	31320522
"P49588"	159269312	156857376	152328528	120357624	124174808	119875736	161143008	158200896	167277744
"P49589"	20281374	19009012	19298328	26303924	23780520	27683910	31472692	32254938	31925346
"P49590"	7221866	12393256	13393523	16506921	14287916	13356159	14450135	15720338	14091532
"P49591"	53228560	53960756	56558472	74263304	72199672	75697208	92971792	93144864	92904848
"P49593"	18520540	18270588	17904266	26657930	19824512	23723270	26709912	29302470	28755410
"P49641"	NA	NA	NA	NA	NA	NA	NA	NA	NA
"P49643"	NA	NA	NA	NA	NA	NA	NA	NA	NA
"P49662"	19784284	19214742	19342272	43653916	37832308	38976880	14577456	14594270	15594334
"P49711"	22570654	23945516	24282884	18460188	14059879	16249852	18199640	16551851	13212993
"P49715"	7554225.5	5610178	7771695	NA	NA	NA	1568008.2	3155303	NA
"P49716"	2421935	2473984.8	3349512.2	NA	NA	NA	NA	NA	NA
"P49720"	111408272	94826568	120152560	136216624	108138392	125472464	113408656	116395984	118309984
"P49721"	82396592	80901712	78013448	81507144	77781016	79811224	74655408	75596072	78926680
"P49736"	54598252	46930224	52211088	18782260	11080948	6389686.5	NA	NA	NA
"P49748"	50326388	48618836	51420464	46457320	48472036	48734956	59935528	62144528	59699268
"P49750"	29432626	26826058	26401778	15788071	13532178	14363984	12725934	13719202	13760499
"P49753"	13504144	16757877	13673092	26533300	28348802	26860836	23493098	27202498	24214134
"P49754"	4039481.5	4298126	4971079	4341509.5	3824210.2	NA	4192023.8	7182513	NA
"P49755"	112389600	109330120	104840912	131856768	128528952	134588848	125512584	134466944	133848592
"P49756"	68376088	70094640	68895384	49129328	45708316	48607304	46448816	45830956	44005128
"P49757"	44288328	43483224	40929712	49489848	50473672	48631584	61298848	62212976	63421132
"P49761"	1776188.2	1913731.2	1469497	3443882	3871075.8	2588110.5	1136375.9	1365962.6	5005687.5
"P49768"	15898679	15305324	21864838	27282452	11740265	26794688	32644604	21195326	25533548
"P49770"	15804062	18835440	14710629	16465406	14630674	13354112	21946070	19750828	18850996
"P49773"	381253440	377906336	361681920	407284544	306928928	395072864	402564672	411451328	344909760
"P49790"	13079836	10018218	11646512	8570532	9652868	10361408	8974864	8379805	8500668
"P49792"	26655522	26688212	27465806	17333626	18924452	18637602	18009830	18582450	19348538
"P49795"	4911502.5	2126785	2894150.8	NA	4038180.5	3762709.2	3964276	NA	2790589.5
"P49796"	NA	NA	NA	NA	NA	NA	NA	NA	NA
"P49810"	NA	NA	NA	NA	NA	NA	NA	NA	NA
"P49815"	NA	NA	NA	NA	NA	NA	NA	NA	NA
"P49821"	21635854	24060740	23727194	25173022	24356296	22426372	26219270	27213212	25292974
"P49840"	10053823	10406159	10065296	17934062	18043624	18297734	13511312	12703000	15988268
"P49841"	8645318	7061236	5534681.5	12645972	13131700	5769702	2776584.5	4217014	9429933
"P49848"	7194348.5	11881682	9877503	5460788.5	NA	NA	3855261	NA	NA
"P49902"	27077084	26572684	27885262	51907736	52985320	49773380	31444384	32277564	34712376
"P49903"	25309724	25550920	25178696	17436584	23059730	17694590	19478970	18138210	19603582
"P49914"	4674073	NA	3761696.2	NA	8782098	NA	7825086.5	5909121	7991147.5
"P49915"	82150184	81061128	84596000	41973632	43289932	40394524	44439392	46412340	54093120
"P49916"	7349057	5667015	7307577.5	4011926.2	2191270	3959448.8	3676277.5	2076536.4	4136520.2
"P49917"	2634118.2	NA	2078327.6	NA	5125791.5	4688187	4198889.5	NA	1798420.2
"P49959"	21613722	19250058	18233120	15293752	15055227	14812861	11231462	7950787.5	13564639
"P50135"	45179488	50360460	54474152	45578004	43942572	44709816	49143696	46389516	43824200
"P50148"	15890093	13671433	17178170	10075205	12721091	7012239.5	6801347.5	11520156	18857032
"P50151"	25923840	25971766	22667014	12781425	12870094	12959728	9506963	11813311	9707055
"P50213"	59352804	59337908	68735248	86149064	81272592	84023800	106625552	100154560	98133840
"P50225"	32243792	33341892	32799974	22613418	23610268	22090980	18876490	18576058	18892610
"P50238"	234235184	304109888	286624416	140603024	99424392	113787272	66051844	69932016	66541396
"P50281"	70795920	72922408	76487456	68935456	72170592	64739716	85171920	93113424	87774056
"P50336"	NA	8119215	6164752.5	6702314.5	5320712.5	NA	7324568	5669525	NA
"P50395"	311918560	317177888	322859136	431168800	461199328	444743968	426882624	440154720	445944928
"P50416"	36753452	34468748	36690108	44946476	39027548	38866844	46681112	45632056	42204528
"P50440"	12213292	10610184	10587292	11537328	13458298	10867921	14444095	15411235	15411192
"P50452"	46413444	47432340	49813720	50079204	53226580	53548596	39654016	41881836	37869172
"P50453"	NA	NA	NA	13826962	6261955	7782882.5	NA	NA	NA
"P50454"	118421624	114133832	110515736	127205680	120137608	129061208	94555560	94938792	88262032
"P50479"	27282688	29217638	29400068	32456002	33436238	33716808	21397562	22660178	22937920
"P50502"	227607488	216392000	245811472	181702464	124951448	174872816	252829904	260977216	239689184
"P50542"	NA	NA	NA	NA	NA	NA	NA	NA	NA
"P50548"	NA	NA	NA	NA	NA	NA	NA	NA	NA
"P50552"	179031376	178446048	175633184	240128800	232880736	226623696	248020848	251947648	250648304
"P50570"	63642492	68995976	65423612	99650792	90181784	89905232	84792864	82836872	80488160
"P50579"	32976402	45218936	44764824	13332797	12989231	12467327	21508250	18489670	16345898
"P50583"	35671932	37328044	36300448	32211892	36056380	31611318	33308870	33388644	34984312
"P50613"	3289197.8	3977774	5621749.5	2610035.5	NA	NA	NA	NA	NA
"P50747"	NA	NA	NA	NA	NA	NA	NA	NA	NA
"P50748"	18304380	16847888	40173848	NA	NA	NA	NA	NA	NA
"P50749"	5166220	6502090.5	4049354.5	NA	NA	NA	NA	NA	NA
"P50750"	4685267.5	NA	5073181.5	2583722.8	NA	3800537.5	2590599.8	4499880	NA
"P50851"	NA	NA	2994857.5	NA	NA	NA	NA	7872772.5	NA
"P50897"	214012880	216455728	240349264	112634456	122955360	117743104	137021392	131892016	152636816
"P50914"	408367392	360161792	406024672	376638048	392625632	334261088	399031392	385142720	404572768
"P50990"	260818880	289050560	291947264	253247600	246935824	249234304	287662560	281620096	286689600
"P50991"	242483056	233359216	239232336	223771744	223916112	211998240	256645136	247228480	253706096
"P50993"	NA	NA	NA	NA	NA	NA	NA	NA	NA
"P50995"	147047344	142062752	135602448	209457696	186291680	209299984	265202192	259338208	262639760
"P51003"	15607482	15001976	15058124	4955326	5185562	3478843	7128138.5	4963827.5	4782869.5
"P51114"	31611274	34796576	34072932	20552052	21352278	20817000	23063064	20451802	22588320
"P51116"	9219456	7567110	8507519	12775869	11545599	17503064	11168320	12653695	11746777
"P51148"	128596992	123231448	124143936	247839296	242233184	245150112	228598176	242363696	233346768
"P51149"	256472816	257916656	265243472	302762592	291039072	297745056	257519024	270884192	248674944
"P51151"	8449957	10409822	6999376.5	20794284	22081032	22774244	18621450	19478110	19090190
"P51153"	44439756	48431036	46731972	118803016	114869232	119580784	81420792	81551576	85242536
"P51159"	21701742	25580572	27855400	14491567	12529307	13906742	9659094	12516517	12096890
"P51178"	NA	NA	NA	NA	60491496	NA	NA	61236128	4463348.5
"P51397"	12581415	15408332	19915910	10719565	13881606	15359472	31625524	27999680	29295484
"P51398"	16621817	14427428	12888205	8751539	9881274	10923382	12330731	11160077	10022356
"P51451"	NA	NA	NA	NA	NA	NA	NA	NA	NA
"P51452"	42363764	42010632	42248980	35090632	39743280	37965576	48000460	48071140	45128464
"P51531"	26107958	21200398	23505310	10132470	8685935	9164067	9679351	9981817	11306780
"P51532"	9924079	11084260	14009527	NA	5734003	6072737	NA	NA	6045410.5
"P51553"	37682648	41320188	41782732	56735436	44630900	56027628	61830088	56367320	52756316
"P51570"	48795992	48683924	44464428	41081492	38439252	38052240	34631032	35873092	37920144
"P51571"	49185812	55052648	48195336	60429424	55279000	60048312	68695336	68907192	62987420
"P51572"	105083512	130701440	146611024	250716912	249761712	234845904	315036800	336715872	309941120
"P51580"	6274932	6753878	5389624	4999587.5	9066108	8766690	4406722	6793447	7269253.5
"P51606"	45946044	49755660	46134380	41148904	40066920	45125660	44230144	47665056	44206788
"P51608"	12564757	13292106	12543721	23160354	23668618	22330374	21721886	19597330	20043420
"P51610"	45912656	45804444	44786332	21291506	25481460	21808138	21750016	21637184	22484880
"P51617"	NA	2683623.8	3714171	NA	4039362.2	NA	4489174	5163434	3068268.5
"P51648"	4448610.5	4270302	6147972	NA	6124159	2935930.5	7839344	1497936.2	7024192
"P51649"	3320531.5	3118844.5	3367911.2	NA	NA	2310271.5	5211236	NA	NA
"P51659"	92039368	96084856	94708824	111960248	109375096	109439552	106889536	101170120	101980952
"P51665"	51018048	46846012	48230124	49919820	54093352	54835028	49452248	49518412	56731224
"P51668"	10245435	NA	11009269	24852032	22867684	26115230	NA	13439713	13193904
"P51689"	NA	NA	NA	NA	NA	NA	NA	NA	NA
"P51692"	4939534.5	2961432.5	3027839.2	NA	2914059.5	2935918.2	4730414	3535842.5	3707864.5
"P51784"	4415620.5	5077738.5	NA	5703649	6991758.5	9140654	NA	NA	NA
"P51798"	11308064	10765955	7578282.5	13931588	15024004	20631172	22110244	23517248	21256140
"P51808"	27231170	34160612	28149562	17699994	12800525	9088865	31717978	33988204	33165422
"P51809"	18642240	12123548	14695776	14050359	11244267	11245236	18184496	16603230	15412530
"P51812"	13123771	13450449	12383760	15431930	17036362	18529598	16933638	17119766	18109512
"P51858"	370761184	404950720	398532736	396570144	411351584	438626176	380202112	388670560	359227648
"P51948"	4440752.5	1514341.4	1603707.6	NA	NA	1582153	NA	NA	NA
"P51965"	14727209	15944287	17032232	12992743	13922003	14156850	NA	NA	2136439.2
"P51970"	39352444	33535092	39191008	27493414	27375282	28243396	34863936	34802948	33020436
"P51991"	971170940	1083140350	1065339070	712716100	699721860	726109120	608574780	652140030	585901310
"P52209"	341163776	349342112	338327968	571894080	592110720	572698180	655691070	636185340	616905920
"P52272"	486924864	525578080	513005792	335834208	315509152	325781824	309450208	303551424	301972128
"P52292"	24144138	26463632	27111970	4338561	3405345.5	2736901.5	NA	2027760	NA
"P52294"	23161754	19112286	25149840	22052284	19864966	37215876	18366746	18344372	19474988
"P52298"	37137820	37651264	37569640	18749844	21193518	23034816	20856098	19750402	19691202
"P52306"	48580340	48809732	47931004	49219280	39891992	46985124	65594456	68304760	63878812
"P52429"	NA	NA	NA	NA	NA	NA	NA	NA	NA
"P52434"	17767856	17220150	20796044	18720042	14264930	17972296	16002688	19462654	14158278
"P52435"	5239829	7581590.5	4767747.5	5899826	7868946.5	2742706.5	NA	NA	NA
"P52564"	NA	3913702.5	3962581.2	NA	NA	NA	NA	NA	NA
"P52565"	746297410	857274240	812468540	940691390	972302080	899571780	855841600	976343170	970187900
"P52566"	692184960	623016380	639389950	462052128	420948640	442806976	462735936	474588576	504976096
"P52594"	50863916	43919028	39734368	41498132	39131440	40160160	33635704	38336816	38167284
"P52597"	201008016	241112912	216014848	183842032	187715680	173840000	148458352	151329120	149240208
"P52630"	14889291	14602967	15979526	38891480	39334628	39107884	6579461	6425284.5	6309921.5
"P52655"	12934997	17827128	14938236	8917441	10901648	11024000	6780165	7322306.5	8208206.5
"P52657"	18558512	17007804	18099532	10897438	10796582	13978219	NA	NA	12100079
"P52701"	8723787	8250343.5	8747868	NA	NA	NA	NA	NA	1726493.8
"P52732"	NA	6783389	5184438.5	NA	NA	NA	NA	NA	NA
"P52735"	4306802.5	2528892.8	2691756.8	5883533.5	4967973	NA	NA	NA	5908665.5
"P52747"	8094427	6424131.5	8114748.5	NA	NA	3485633.8	NA	NA	NA
"P52756"	9333192	8330920.5	9013374	5548172.5	NA	6368174.5	2003531.9	NA	NA
"P52758"	25222462	22663646	27595964	18673468	15787480	18329184	19556688	16806752	17995504
"P52788"	17904464	18574308	19531390	39247960	41542844	33975920	43963260	36969584	45470080
"P52789"	11436309	7935296	8931390	82684384	68892088	82615816	44415216	44722736	44111452
"P52790"	7938898.5	4053330.5	5366327.5	5171206	5207184.5	1994833.2	6517535.5	5546169.5	3614479.2
"P52815"	81807432	72820488	71461584	48351296	47613232	46557824	53750988	57720536	54949640
"P52823"	NA	NA	NA	NA	NA	NA	NA	NA	NA
"P52848"	NA	NA	NA	6328087.5	5651201.5	7733307.5	NA	NA	NA
"P52888"	76164128	81905864	78835704	75203608	73236008	86168464	88348008	88776536	78624472
"P52895"	1249421.9	653086.5	406212.28	NA	NA	NA	NA	NA	NA
"P52907"	371210848	374995744	375991424	382763168	419517216	391836768	368824224	357333408	364589632
"P52926"	NA	NA	NA	46740632	46088912	44017020	48477308	49963464	47035128
"P52943"	NA	NA	NA	NA	NA	NA	NA	NA	NA
"P52948"	27376938	25719836	23246142	19373100	16560947	17514292	17074014	16542575	16603297
"P53004"	54727656	54209604	44976108	67066964	58563320	64866028	33700528	32315398	36120912
"P53007"	86437672	85799272	88600488	94403928	100635048	101170320	93083592	88460192	104015696
"P53041"	27925258	26773494	22697346	25768776	23740200	24216156	28802126	31457420	29184882
"P53350"	NA	NA	NA	NA	NA	NA	NA	NA	NA
"P53365"	4086415.8	NA	5356979.5	NA	2996569.8	1784728.1	8948620	9283461	7108649.5
"P53367"	23919046	22287738	24118880	17767206	17571148	17947222	20471332	18959644	15251942
"P53384"	24174928	18776598	14720677	16652823	18375416	18237200	13665212	14146496	12536807
"P53396"	103170480	104524432	108533568	108011520	106286336	109511456	112470760	115228192	112358888
"P53567"	NA	5683911	3079267	NA	NA	NA	NA	NA	NA
"P53582"	70228168	70291560	71689440	45566880	58433392	49109968	50898556	55580496	62049708
"P53597"	81249184	86226312	78563504	81769440	84751224	81712032	77267056	73250080	79350256
"P53602"	30682950	18781134	25440278	37192708	38907060	32534302	39051872	44676532	37599980
"P53609"	10815873	10476275	9254868	5558296.5	6986879.5	6150564.5	8009610	8242807.5	8259830.5
"P53611"	19678712	12139253	17085316	18622700	17574134	17624080	23057784	26956660	19031298
"P53618"	90908176	88304608	91262032	114597224	118689088	113165640	87199512	88182272	85496104
"P53621"	78670040	78068264	79903248	86564216	93690600	90736792	77117200	77774680	77738880
"P53634"	35874524	34254124	39201068	32884676	39740244	34607884	23639638	23425068	21821708
"P53667"	10457502	11537789	12162876	17131028	17654956	15705421	11191065	10107044	10119415
"P53671"	NA	NA	NA	12292311	11941952	12534615	NA	NA	NA
"P53674"	11140914	11987155	15253676	NA	NA	NA	10729198	7279938	8355541.5
"P53675"	NA	NA	NA	NA	NA	NA	NA	NA	NA
"P53677"	NA	NA	NA	NA	NA	NA	NA	NA	NA
"P53680"	17380852	23393170	17912942	27015184	33890520	30787080	31373756	30708994	32858520
"P53701"	16964880	15362080	10433884	10770838	8090509.5	12186953	14965847	8248939	26285024
"P53778"	NA	NA	NA	NA	NA	NA	NA	NA	NA
"P53794"	1666419	NA	NA	NA	NA	NA	18643820	17281104	15745151
"P53801"	NA	NA	NA	NA	NA	NA	NA	NA	NA
"P53805"	NA	NA	NA	2435590.2	4123731.2	5427217.5	NA	NA	NA
"P53814"	NA	NA	NA	3058095	3556260	5210269	NA	NA	NA
"P53985"	36872832	30624660	37899700	32341132	12777875	26152152	38946664	31488872	25132798
"P53990"	27856940	31083374	30799576	44459608	40068560	40927236	40658480	37194324	34972264
"P53992"	32692894	32792604	32846628	36122628	36030040	33483692	38014732	39196864	40281420
"P53999"	403908960	435311776	436953376	264084080	246035760	268480736	222821120	210686640	210169584
"P54105"	17627512	18345696	23253406	17755948	18872944	8823896	10207286	13147260	13568218
"P54136"	70768112	74659952	71989504	76438296	77345408	79745176	93223760	90289376	86191632
"P54252"	NA	NA	NA	NA	NA	NA	NA	NA	NA
"P54278"	NA	NA	NA	NA	NA	NA	NA	NA	NA
"P54577"	87847864	86361432	85381568	96308024	93405912	97058256	126411024	122849936	120145184
"P54578"	58466084	65318436	63345096	62141136	65963396	66001868	66294132	67112736	68144712
"P54619"	8352350.5	8661907	8640893	9816173	8493082	9057592	8728578	9860238	6738127.5
"P54652"	11293138	13949608	8311949	NA	10066158	10816975	NA	9245235	12474140
"P54687"	61183192	73539872	64040596	113682712	118189968	108764120	156491664	158710464	156032384
"P54709"	55775076	57153588	60945940	82958064	73882728	85058056	84409120	83994168	80367656
"P54725"	78902328	81892736	61580116	47172352	45219772	62049696	44532428	43637956	53141164
"P54727"	96449200	84661232	89510112	64172792	54436028	62641220	67365368	69459992	63799548
"P54802"	NA	NA	NA	NA	NA	NA	NA	NA	NA
"P54819"	376924768	368127456	376586624	292395680	269727872	286847616	272265024	264236544	261686352
"P54886"	26574618	27780368	24495104	22319796	19665354	18882666	16330973	16592012	16942576
"P54920"	74133144	72046624	80008128	119035920	125247544	124954304	64824700	64236932	61746300
"P54922"	10180681	9053682	10872670	16838880	15701624	15337393	10999781	10566687	12977806
"P55008"	92317280	92755328	84053776	56841112	52750452	54062104	33159660	34368288	33419682
"P55010"	87800040	87165536	91948824	68337360	63296488	71120328	61177368	55786404	58536688
"P55011"	NA	NA	NA	NA	NA	NA	NA	NA	NA
"P55036"	103740760	101598368	101084872	97159136	96536752	98278960	95489520	88654928	94646928
"P55039"	11129224	11541988	8078566.5	16386980	12895685	11858256	12662189	1940736.6	14214359
"P55040"	NA	NA	NA	7470350	7840027	7532195.5	NA	NA	NA
"P55042"	NA	NA	NA	24522764	28103384	30394830	11926665	7364710.5	10703849
"P55060"	102189936	107548888	100940112	64890860	55984864	63028956	56757164	59613232	59759684
"P55072"	267137136	272964768	260324400	315181248	331965952	290575136	364906368	357342432	359589344
"P55081"	14591715	18465952	17209046	10109033	8516185	9750220	7860971	9859019	8066430
"P55082"	NA	NA	NA	NA	NA	NA	NA	NA	NA
"P55084"	173062304	178276656	168674288	208636176	210409904	220606352	213270416	212632912	226235168
"P55145"	74806656	76181920	70278728	75177216	69696904	78336288	91159280	89375280	93280808
"P55160"	58487640	57961164	59383708	77744184	75040592	72785392	85108920	85124240	87865944
"P55196"	NA	NA	NA	2492955	5876211.5	6813141.5	3893546.8	2993560.2	5005182
"P55199"	7878877.5	7776161	6217467	4653468	5540366	3797291	NA	NA	6616680
"P55201"	12388579	6748949.5	11738915	NA	NA	NA	7630644.5	6257479	NA
"P55209"	426609120	372029152	426085344	436494464	475190304	438670016	326708384	322040064	355612128
"P55210"	6282658.5	3579396.2	4963763	14842450	19637190	14681596	6117286	6050550	6437258.5
"P55211"	NA	NA	NA	NA	NA	NA	NA	NA	NA
"P55212"	NA	NA	NA	NA	NA	NA	NA	NA	NA
"P55263"	33290266	34067176	33013614	33654280	33714904	31513752	37340476	38616968	37266012
"P55265"	53420876	57438968	56526988	60655600	57061748	61810932	45782772	43582600	44104520
"P55268"	NA	NA	NA	NA	NA	NA	NA	NA	NA
"P55327"	31928856	33101726	31790242	18569164	17961422	19662130	14569464	14465735	14819039
"P55735"	65299596	66921284	69212744	64788012	60791504	70418160	75931328	72654976	76887960
"P55769"	133051800	131893920	139611456	103095952	90146120	97983096	99523280	94679352	94517840
"P55786"	53029340	56172952	53385704	81331232	75854352	81365384	86172096	85314696	87665752
"P55789"	NA	NA	NA	NA	NA	NA	NA	NA	NA
"P55795"	44272564	46478968	52275912	49279396	53034720	46558348	39360860	39857376	42902580
"P55809"	38844932	39111908	43219984	22195068	22702624	23240848	22349084	21157686	21648638
"P55854"	15463325	NA	14956892	NA	NA	NA	3755750.5	NA	NA
"P55884"	95068800	98346392	96646144	65849952	65514568	69979248	59508172	61325856	55973208
"P55899"	13256477	11246239	13128531	6561371.5	5935229	NA	14707858	16286798	14136133
"P55957"	144391808	91564920	100100976	134854128	106631704	133448784	104884472	101238328	118571560
"P56134"	84026336	89365792	102658928	102636000	135037680	126919808	139694240	140995392	142644688
"P56181"	NA	NA	NA	NA	NA	NA	NA	NA	NA
"P56182"	24553740	20248688	20642694	17063428	14154148	15810815	17292134	16431690	16731220
"P56192"	26918434	24715244	24512380	28317082	26707564	25470642	37138188	36771348	36289580
"P56211"	34711236	35760564	38128936	27617782	23205340	25655014	32397462	33967268	32913588
"P56270"	NA	8468092	NA	NA	5775416.5	NA	2517996.5	NA	4295497
"P56277"	NA	1244212.6	2899628	4624984	3743995	3559776.2	5251703	6457234.5	3557204
"P56377"	33179106	30692784	33057236	31646958	34281232	37416260	32713924	26866782	30898404
"P56378"	6213802	8011282	7087379.5	5024123.5	NA	NA	8972547	NA	NA
"P56381"	52633196	45364756	42823296	58856136	51693096	45361828	51176256	49956984	45123336
"P56385"	47586228	48422976	38452460	38943240	47972720	45271400	33156472	41309484	47514988
"P56524"	4378777.5	5215251.5	5648352	NA	2349271	NA	NA	NA	NA
"P56537"	83556240	90578016	93923432	104948872	111946424	103571136	91400216	89762664	87314896
"P56545"	12711529	14543328	15541475	NA	NA	5574004	NA	7874789	8944748
"P56556"	39777092	35471088	40024088	43596596	40173856	41406304	31431502	32281096	29831584
"P56557"	4134561.5	3320781	2674920.5	2113327.5	2738729	3022460.8	3793434.5	4669994.5	5268800
"P56589"	2034537.8	2424012.2	7607821	NA	5214828	NA	NA	NA	6330600
"P56937"	3784393.5	5756453	2763014.8	5753452	3864846.8	4848850	1620069.5	2503948	4149248.2
"P56945"	6877708.5	4939363	6502474	11661227	12792188	13609220	8260520.5	5584107	7591200.5
"P56962"	5560948	6044102	2534490.5	6326581	7197443.5	5212347.5	NA	2792929.2	5130694
"P57076"	NA	NA	NA	NA	NA	NA	NA	NA	NA
"P57081"	5374356	6256359	3687525.2	NA	5158445.5	5026062	4142839.2	2546025.5	6278604
"P57088"	48962572	56680436	56179724	97882832	101512672	103095008	133811664	128345672	127735144
"P57105"	NA	5397996.5	NA	NA	NA	6461690	3795038	3354195.5	1389840
"P57678"	60513200	73861224	11651838	43488708	24161482	33784892	55988352	60709944	46473104
"P57721"	54913748	86042200	84122328	62357708	69293040	63793920	61997316	88528544	77337264
"P57737"	73018864	70615200	70338256	92964560	83015568	88781808	88115976	96143664	98508080
"P57740"	15329799	15552634	14115148	17916240	19561082	16238882	13369870	13726764	12575511
"P57764"	34581532	33261010	31738756	55656580	53897440	46537468	19326430	18963930	20065392
"P57772"	NA	5292283.5	NA	3117663.2	NA	2451311	7177363	12299075	NA
"P58004"	NA	NA	3166938.2	20037712	22818794	20311402	9398922	9357103	8903510
"P58107"	2664233.5	NA	NA	2776466.5	NA	2578573.2	NA	NA	NA
"P58335"	NA	NA	NA	NA	NA	NA	NA	NA	NA
"P58546"	469841792	383485024	421023328	486047616	399853184	452279520	480351200	498560800	472763360
"P58557"	NA	NA	NA	NA	2745495.2	2342469.8	2409098.8	NA	NA
"P59780"	NA	NA	NA	NA	4654199.5	5264313	6644858.5	5694648	6191198
"P59998"	378242688	363952704	354298528	560862910	526801152	535040608	540261700	532167808	469500544
"P60002"	11920373	16680122	14153662	6981174	7997408.5	NA	4985064	NA	6863784.5
"P60006"	3742055	4280364.5	3999528.8	2561419.2	2576881.8	1533440	NA	NA	2157911.5
"P60033"	76712880	79593224	76478008	91243096	100187912	93011168	228350112	245286048	250821536
"P60059"	18413066	20265002	16769536	27837740	27349588	26767490	35581644	29542018	35178204
"P60174"	468508800	439724448	464359232	466616448	463251936	450449920	494705408	484289472	487660832
"P60228"	48029108	44127344	48486476	34224624	36713500	35652104	32052754	32859950	32367418
"P60468"	232913616	228179728	210888368	327158624	316296416	324001408	389010016	356246048	379819296
"P60510"	23440644	23746002	27689682	26996822	24223260	26052068	22807544	22656632	20037618
"P60520"	13423725	12878037	12710377	6182482	11810411	4835495.5	11623841	12926116	15742349
"P60602"	37173876	34554104	26737924	18575196	19761896	13474046	30716502	24905032	25737956
"P60604"	20163262	23364162	29929666	15427268	16849182	19295928	18009216	19431674	16319275
"P60660"	791290820	806424580	759374720	873652160	850555200	892161220	884535170	839610050	855882500
"P60709"	919367170	1103329540	1128373630	829347010	1156799870	1055453250	1124953090	981759170	854950400
"P60842"	371480512	374872384	380572896	395327168	355131040	390133312	288061504	289595360	292181824
"P60866"	393306720	327532576	368966720	272032480	288883232	277109216	313309664	289471712	287093888
"P60891"	41845000	46088712	42993932	28016248	34318772	32924462	62369376	60484492	51094156
"P60900"	235547296	249534240	241705072	242168016	233766992	235974000	227802608	220243712	201714832
"P60903"	60423624	62080160	77706480	131011584	145100080	113745128	114512528	110902184	108886176
"P60953"	291252704	262486720	258911200	282431648	255477280	272026976	214636160	222391168	224534384
"P60981"	81232544	79524592	68479024	73464800	56439860	56237236	87544144	94677120	82057024
"P60983"	55932364	51795980	42299764	72505624	69450584	51754292	58578076	47139668	57006688
"P61006"	28882062	37395464	26986782	66899632	60186648	64599428	50761368	55464148	63788800
"P61009"	44611928	40559840	40167608	48103244	47299812	54823644	61275848	60636848	59505216
"P61011"	26620238	27881508	27564120	28366354	30355500	29212752	24043902	24652290	25920350
"P61018"	5196261.5	6963057.5	5140232.5	16852266	19460604	15040410	12015843	11673950	11171271
"P61019"	112772232	124744144	123668832	179719360	171204704	172425360	170494016	169457168	169763472
"P61020"	19554762	18502818	20202422	29990444	33185870	31273630	32428324	33789360	34311584
"P61024"	15159334	14156253	13355520	NA	NA	NA	NA	NA	NA
"P61026"	86226032	101101888	78576528	117373424	65899180	94124592	110669720	115784520	90687464
"P61073"	NA	NA	NA	NA	NA	NA	NA	NA	NA
"P61077"	173924592	103451768	112673536	153278800	132160552	102972872	117075456	99378456	114803616
"P61081"	50858312	48119744	50356180	50556228	44377040	47111944	66754804	67015812	60429888
"P61086"	82939560	76400000	80007016	66203020	66697924	72088024	80134696	71568752	82322800
"P61088"	224915792	238214704	246395568	225010608	219586256	222233344	227920112	233367648	237232304
"P61106"	112322448	111139600	118635928	151533712	138645712	155063840	141243728	143430896	149661584
"P61158"	595742460	575915140	582871360	787588030	716780670	771999870	737717500	746302660	757721860
"P61160"	422415296	392277760	392805664	461750208	492236960	510707584	492339136	474739328	482908288
"P61163"	74748304	68378792	66267580	101224280	97972608	92830408	99287072	98529328	90746592
"P61165"	2715135.5	5757136.5	7463431.5	7798407.5	9376603	8728584	10801124	11894232	13768306
"P61201"	16105831	18041456	17591386	14782081	15665748	15838894	18580592	19187368	17468764
"P61218"	7612896.5	12457615	9980370	6919135.5	6127174.5	5919259	4256363	4415163.5	NA
"P61221"	64649024	63812276	64121040	47168772	41559232	42594088	54604880	61569896	54175552
"P61224"	207494848	209947264	187183792	414739168	410001664	399999712	361635648	323050496	364794080
"P61225"	15040321	17447634	18217822	21260784	25745234	22912764	19203900	22097888	17723890
"P61244"	5047751	12081245	8200090	NA	NA	NA	NA	NA	NA
"P61247"	414813312	408759360	432223456	337496544	317086592	348519968	369193696	370416960	365610592
"P61254"	NA	NA	NA	NA	NA	NA	NA	NA	NA
"P61289"	49674168	50524784	49501792	30338008	34157508	38241696	33218996	32515864	31857020
"P61313"	306914144	281857792	272606240	342048096	318428576	324133792	303145120	322258784	304951424
"P61326"	4353385.5	6781245.5	9211291	6920420	8153578	5457368	9511563	7706459.5	6115540
"P61353"	438462176	410319200	417031616	364568192	332884288	375524352	403589056	398952672	382653440
"P61421"	41402968	42701980	41999108	67280400	59554732	62010572	70891648	75283240	77332096
"P61457"	11000478	14772804	16893420	17040112	16103684	14731516	7835575	14027552	11812519
"P61513"	211164512	230586256	249272544	191851360	195283920	205416400	227401328	218447872	227681552
"P61586"	309499104	327232352	304545792	447789472	431581856	395852800	326161216	386341472	389558080
"P61587"	25796048	19818048	19955604	69485160	64976560	74654152	31112782	29388160	30448374
"P61599"	NA	NA	NA	NA	NA	NA	NA	NA	NA
"P61604"	1000721660	1026490240	961298880	767820930	704643070	747176700	811688060	820271040	731894780
"P61619"	91801432	84493992	83201944	120950664	118280808	116488632	136219072	128887648	126788536
"P61626"	NA	9528801	8968684	NA	NA	NA	NA	NA	NA
"P61758"	36709748	36874320	33917432	24908208	28040216	22595946	25873846	31338908	27153586
"P61764"	NA	NA	NA	NA	NA	NA	NA	NA	NA
"P61769"	155343584	168504480	141688320	772522110	666749180	693130750	136333456	185052048	158838848
"P61803"	113551936	121419136	116234000	152557584	160647232	148828640	154163824	140560176	149661136
"P61916"	132130248	133950488	143178112	122280240	122957992	106579304	234448784	228048480	187104752
"P61923"	85020016	80942648	86726192	108432032	106391672	118806072	106146352	104597080	90134512
"P61956"	469767712	473069824	468495808	292340480	NA	276302304	169156480	193211152	168783936
"P61960"	66264740	66412976	76639144	67444640	73940240	69381336	76041760	66098544	66173880
"P61962"	12719949	13417779	13088640	10242042	11776147	10278985	13466095	13566265	14144520
"P61964"	53245176	51900080	58207512	32342348	37644616	28253940	25882856	25752872	27168838
"P61966"	NA	NA	NA	NA	NA	NA	NA	NA	NA
"P61970"	124737776	117313008	122732248	117675216	106133232	120834256	147672016	143851552	147074976
"P61978"	1779852030	1782340610	1795131140	961146880	881249730	870643580	1003311420	1027519550	954420350
"P61981"	714754240	756640830	770150400	1027503550	965966590	958897790	1050132930	1033044990	870898180
"P62070"	NA	NA	NA	NA	NA	NA	NA	NA	NA
"P62072"	NA	28977740	21354470	15052755	15341034	19025982	16570002	16811620	11761190
"P62081"	384537376	377717280	329915232	302149376	271449152	267166560	238726256	268578560	251204528
"P62136"	119452976	119817280	120456096	132065912	125493984	131620104	103774224	100540624	110089664
"P62140"	39234248	40473044	38694392	49224936	49261300	50311544	29967432	37142112	44568956
"P62166"	12070479	9829493	11733647	6911944.5	6472334	4723859.5	14551246	11582168	14974552
"P62191"	113915296	109485480	111634928	106582872	105323456	102514112	103088264	109167760	103750120
"P62195"	71298440	70261488	74478664	65910540	66717956	60399528	69996160	69947432	67205136
"P62241"	522776832	504000928	528318816	395273568	372433024	395342144	433266816	434004768	426101920
"P62244"	295679904	252417376	282134144	253934256	240434016	240327184	273873216	275614112	268867616
"P62249"	379308896	388173472	379804768	349436736	292457184	324718400	350044736	347746304	325870944
"P62253"	5172633	3811078.8	3618887.8	3226386.5	3998975.8	4757333.5	4641055.5	4903458.5	5318576.5
"P62256"	21979876	13933381	10814491	10130263	NA	NA	NA	NA	NA
"P62258"	328468384	341789504	336219616	345019104	343128224	347000768	337129376	351280416	323115072
"P62263"	681777920	710101250	706795710	635952320	590819970	627912830	607493570	623281410	552176960
"P62266"	284600480	286778144	285208480	268672448	252422960	234713616	204326112	182586560	253763152
"P62269"	414274752	464051456	454635872	352656608	320656160	339105536	434507424	437812640	400920864
"P62273"	228746000	296236640	269346112	231360544	243350160	206593184	238112528	218343808	212952512
"P62277"	375740160	364052800	352939904	291279456	241100688	274000544	314285600	313670304	283118976
"P62280"	295187040	306945088	294052928	255653856	249864336	247770528	286989312	289643840	276250400
"P62304"	93428072	98043024	108939048	72229464	86534864	87451336	87321136	75037064	72769016
"P62306"	83993352	95974072	94078744	61214348	50632664	57926664	65655060	64482384	59248880
"P62310"	108849224	105386440	108604624	67822424	74875712	70534456	69939504	67345608	67665312
"P62312"	55819732	53438800	52624624	36827352	36780160	35476868	33919776	35420968	32705424
"P62314"	181339568	145690288	135354880	133028056	83722512	117257320	109048648	111823624	97759320
"P62316"	281365376	289317536	274234080	141645664	141211568	145376896	137594928	156516448	150115104
"P62318"	228057600	233081328	234873616	119871000	144837024	150704992	146448448	130631872	143359776
"P62328"	4742192100	5042174000	5790499300	7018343900	5797783600	5455903700	3038412800	3143411970	2717023490
"P62330"	42099096	39364100	43419100	45222760	42537852	45385232	34107772	33634256	29336482
"P62333"	88958312	93370840	94732248	94267704	89644824	96450528	99246848	98262328	95189056
"P62341"	NA	NA	NA	8718653	10243894	5282986.5	7850240	8188721	8187581
"P62380"	7895375	7868127.5	3690912.5	3783115	2915758.8	NA	NA	NA	NA
"P62424"	457796896	446609984	471945216	401150432	366920224	367039872	396128800	419175904	400105504
"P62487"	12598558	9218079	8775178	5792282	NA	NA	3378315	5118847	4711378
"P62491"	NA	NA	NA	NA	NA	NA	NA	NA	NA
"P62495"	91531640	89937880	99150512	95911472	84928048	91940168	93517192	95287144	95301296
"P62633"	120312528	131726672	133355208	80871296	81800552	86740296	46989536	48860572	46990912
"P62699"	11457957	11820011	12123843	15659443	15567836	13557033	17406076	14982440	14055919
"P62701"	301063392	292291840	299072448	236625328	245304320	233442320	266899056	262595744	247466192
"P62714"	NA	NA	18452498	14183676	27174036	27949414	30525216	29657732	30393216
"P62745"	NA	NA	NA	NA	NA	NA	NA	NA	NA
"P62750"	527635392	560139460	527866304	430831104	408779104	447309216	432587296	473119936	435492256
"P62753"	494553824	471655616	521004192	348772064	291657120	337641408	362923072	371400512	351573216
"P62805"	13532145700	14791818200	15914487800	10482578400	8917732400	10392388600	7261428700	7550997000	7191747600
"P62820"	380817920	385568384	405920608	763099070	768798910	785895550	687754820	693182530	675669120
"P62826"	610347070	663917120	661167230	511590624	382984096	533484096	534684768	546691580	525725888
"P62829"	579883260	698303360	558904830	521278240	558054080	567245250	504813696	503953856	475495552
"P62834"	23520844	26981968	33398180	63407024	59338848	58977116	87210552	96130912	91783848
"P62841"	104738640	116764760	112768872	109022360	98368992	87940352	104253712	89043792	108309344
"P62847"	183277808	216472816	236181680	187012784	209033232	184132544	223271200	227395552	214261568
"P62851"	526826624	540881660	560131840	347604576	293020256	340691904	395587584	391309120	387410880
"P62854"	541917760	510312864	348003584	145417248	369368928	409244576	83822272	406780000	429525792
"P62857"	502215264	503329568	579244930	351786560	367768896	350592448	453225792	407974112	475575136
"P62861"	275877184	299280576	307607904	208019840	221564832	206149072	211217168	222648608	245313536
"P62873"	196597424	191854224	191784384	193719520	208726416	177164816	148293552	160763424	141561392
"P62875"	17571348	16169807	17394406	NA	NA	NA	NA	NA	NA
"P62877"	33285346	43696264	38514808	34609116	31036430	38543240	23188832	27148434	27235484
"P62879"	69858376	78471088	70295696	81600120	79688760	86256536	53866580	57334872	52527516
"P62888"	397177472	386373568	472991680	437887168	398721792	444932640	422971296	436565920	430380288
"P62891"	175051552	178431440	169905520	181516608	183929760	170192384	155318656	162625552	176465568
"P62899"	446235776	439154368	398152896	362982400	359571936	367337472	373724800	362077856	384789408
"P62906"	275762976	280419008	266451424	274875552	219208848	261465952	283348000	293407648	278234944
"P62910"	278198048	381616096	360599840	400320128	400011744	412708480	350569472	334457984	353348608
"P62913"	464192608	458981952	465001280	482005120	453423200	463617440	467665248	425862432	465020864
"P62917"	474937824	511784992	519095904	433654368	401721152	447147296	461655328	442080256	468529568
"P62937"	1992493820	2084385660	2079736700	1962159870	1836467840	1735726210	1750006780	1687393150	1535463040
"P62942"	250208976	271547552	298645600	308877280	313325312	316852608	476555104	418465952	444785152
"P62979"	2557577980	2425366530	2327669250	2023998590	1816155900	1942963970	1877859580	1825023360	1708347900
"P62993"	121501344	117152400	130758504	108131848	103221312	102820816	94689568	98023464	82890120
"P62995"	160431488	131620784	144317536	121056040	137641504	128248576	94565192	100489632	99288112
"P63000"	361826944	387437120	393437792	383962816	341636224	379555616	295111520	233540576	281091104
"P63010"	110648080	107751176	103953048	125410088	125481456	125033784	135119712	132668744	128123392
"P63027"	NA	NA	NA	NA	8471829	NA	9891836	NA	6352458
"P63096"	1671058.8	2603514.5	NA	NA	NA	NA	NA	NA	NA
"P63098"	15300073	13948851	15039541	8234749	8372936	9610857	6648496.5	NA	2465816
"P63104"	1269642110	1317943550	1320744960	2225809920	2101933440	2072200700	2082602880	2071420670	2034702080
"P63146"	NA	NA	NA	NA	NA	NA	NA	NA	NA
"P63151"	73611472	83710616	78072888	106619792	102375040	100443664	84642992	87621072	88588512
"P63162"	NA	NA	NA	NA	NA	NA	NA	NA	NA
"P63165"	46359620	44157372	51095492	30588678	26284446	28096440	24663946	19908254	23783248
"P63167"	128559808	161412400	159277488	123457296	131204552	121396720	85478336	87178864	85453000
"P63172"	16932242	14956839	16356066	28160722	24479974	15345561	22076576	22481418	23965114
"P63173"	198182144	213309968	187165536	156548336	149497712	149074720	152344320	163485856	138158240
"P63208"	106728896	112738656	102912504	67779192	73408536	73938024	51470700	54725864	57014520
"P63218"	86827040	90434648	70118728	42516008	53668924	39323080	44171684	39740452	47112068
"P63220"	217029504	259651616	285952000	168928016	165964000	167020304	225898144	231294544	227496880
"P63241"	292022400	280283200	271992640	326435808	330847520	286854432	295997216	315576800	323290752
"P63244"	315038592	314888640	321068640	291723072	263118608	280692416	341025280	336323712	326629248
"P63261"	16234955800	16709775400	16724503600	20734961700	20301140000	20974598100	18584293400	18697840600	18278975500
"P63267"	7467626000	6572566500	7024503800	7612314600	6825887700	8278762500	8304572900	7256777200	8716318700
"P63272"	16498918	16865648	16303921	8340116	7764280	8914267	7497002	NA	8404979
"P63279"	93792704	103505424	113104032	46807944	45003776	54839016	61029828	58814016	54978224
"P63313"	1315384450	1251392770	1361494400	2610728700	2430739970	2869604100	1032422980	1090043010	1014529150
"P67775"	107978424	118399328	124715224	126137464	143778560	133329912	119650728	129113696	129597848
"P67809"	988372480	1036737660	969935490	882951100	690703360	782364930	524966368	592912700	517431136
"P67812"	32639230	32020500	34070924	48788144	45661940	50655432	45393832	48001972	47138588
"P67870"	63431164	56365292	58756820	45187856	43580764	41182548	32118780	34684764	38431448
"P67936"	672805120	679794430	647060220	1209037950	1053723900	1137254910	656775420	618056190	653187580
"P68036"	220754304	224554032	212628848	197235616	164602544	153430304	159887744	167294672	156943120
"P68104"	6929843200	6914775000	6403363300	6402942500	6048222700	5676087800	6148825600	6205093400	5939904500
"P68133"	NA	NA	NA	NA	NA	NA	NA	NA	NA
"P68366"	1012002180	1069356480	1103316990	939101060	1002656380	1048818430	983134660	964863940	1073203260
"P68371"	703353600	711603710	742253440	631567490	595355580	646282500	580697980	577428610	557370820
"P68400"	27075940	28058804	26685516	21393962	22507386	20822174	20989274	22714182	19867446
"P68402"	53434032	56790164	53631188	63155888	62801328	63702340	65091964	55332432	62120248
"P68431"	10516965400	13463526400	11290535900	11849854000	9888599000	8915505200	5854550500	6069701100	6800796700
"P68871"	106802064	108032656	108398720	245329888	228365680	226451392	146537520	138510624	134102240
"P69905"	191635168	192720032	185854080	412169984	410359008	394695168	217841600	216755792	217578080
"P78314"	NA	NA	NA	NA	NA	14584569	NA	NA	3967835.5
"P78316"	8724116	6097675.5	5684220.5	NA	5493264.5	NA	6606164.5	4670747	5198857
"P78318"	13994985	14551178	14557124	12548862	10338858	11814129	12323413	12686546	14634838
"P78324"	27499486	24761008	25684070	24608244	27628286	25292242	31631340	33010630	30977400
"P78330"	11796334	11814120	11246450	8699590	8042744	9676614	8382734	10259802	7089645
"P78332"	50951580	58498828	49634832	NA	NA	NA	NA	NA	NA
"P78344"	38047632	39659764	41603600	33529116	34154052	34996004	45472128	45038932	44307892
"P78345"	NA	NA	NA	34331428	30011802	44228232	NA	NA	NA
"P78346"	4388687	3806521.5	4052163.5	2901793	5155333.5	4380741	5210573	3460846.2	4379641.5
"P78347"	64588284	59346936	58106816	14903524	14748400	15818855	15765297	17250306	16309701
"P78356"	7891332	8018139.5	NA	NA	6977086	2864928.2	NA	3600090.8	NA
"P78362"	11171761	NA	6114555	NA	NA	NA	NA	5205365.5	NA
"P78368"	NA	NA	1727317.6	NA	NA	NA	NA	NA	1897292
"P78371"	424142496	402967456	423966848	338768032	325994464	342026624	373874752	375754144	364555104
"P78381"	NA	NA	NA	NA	4293395	4722950.5	5325695	2748058	3645383.8
"P78383"	1517798.9	NA	1148937.4	2929925.8	NA	NA	NA	NA	1922813.6
"P78406"	22435492	22224634	27168698	18783352	20934274	18587704	19207592	20443080	16994112
"P78417"	189785232	214352960	209617680	480658368	477193600	470491616	542503490	557703740	518274592
"P78527"	130512480	132005768	135508208	105754000	104105600	104440008	108479808	111881888	107407080
"P78536"	17686876	12951325	14565724	18871018	14354322	18315768	15188806	18568914	16897906
"P78537"	5118855.5	5212272.5	4092886.8	6312710	5354266	3774916.5	3854184	4658753	3088524.2
"P78556"	3548067.8	4349120.5	4367648.5	225778608	212303872	221633712	38509668	39648220	31863128
"P78563"	NA	NA	NA	NA	NA	NA	4448212	5704537.5	4908445.5
"P79522"	1342725.5	1210511.8	1804113.6	NA	NA	NA	NA	NA	NA
"P80075"	NA	NA	NA	29054452	39720196	30748044	NA	NA	NA
"P80217"	56017296	55401220	51814560	76809872	82504776	80372424	18154654	18840038	21234102
"P80297"	NA	5608432	1802931.2	NA	NA	NA	NA	NA	NA
"P80303"	90770032	91077512	93627784	34939788	35171696	36690668	27764968	29699570	28202804
"P80723"	320579360	308784672	314209152	745655810	778443970	770765760	469766880	479709056	525644928
"P81605"	NA	NA	NA	NA	NA	NA	NA	NA	NA
"P82094"	7658082.5	5515056	7695288	5420362.5	8785775	7519718.5	NA	NA	5077707.5
"P82650"	9023074	7811371	6083259	4414407	7114215.5	6871277.5	7729508	6875012	8323261.5
"P82663"	7221642.5	7112424	7597745	NA	9541242	NA	11713067	12132102	13968580
"P82664"	19543548	23701102	22650414	11066218	NA	NA	18073854	16093596	17111138
"P82673"	13112793	13336434	14208880	5757016.5	8672769	9696029	12323500	9822120	10975359
"P82675"	12540770	16563142	23219664	12691501	11367707	14132122	16913556	18978766	21497830
"P82909"	18026308	17538024	18718372	23981590	21656806	23551414	17920278	17193318	18167180
"P82912"	12690148	9284283	12259310	8349064.5	7617242	11157361	5598211.5	11889564	10072652
"P82914"	9124426	8918015	8675006	7387400.5	7166322	5077659.5	8894089	10069587	6927629.5
"P82921"	1723926.6	NA	3823204.8	2104427.8	1903900.5	3262206	NA	NA	NA
"P82930"	11451489	11111748	12702946	10405173	8410969	5774430	11697167	11064550	11619945
"P82932"	12580795	12308137	11392802	13477427	8444655	15842138	8532172	9938449	11979155
"P82933"	12105789	15098361	11434792	8887942	10987903	10726859	12612587	12310287	12724805
"P82970"	7430037	11627997	12366777	1961909	NA	NA	NA	NA	NA
"P82979"	100139120	111672536	108204472	75650680	71535744	72735040	71371288	71027304	70951144
"P83111"	16080364	17703892	16678879	65147080	65446544	68939848	47032424	49540452	46237460
"P83436"	3743944	7740987	3762663	5502705.5	9529389	9061500	5811091	4748179	5319563.5
"P83731"	259636768	263901696	263336880	224962176	208381424	231014352	232479488	241038752	232627744
"P83876"	4259486	2592919.2	3664606.8	NA	NA	586180.2	2050493.1	2357536.5	4211764
"P83881"	267680768	261720960	260367552	243847824	228014832	234803936	253227184	232912272	219493040
"P83916"	26594238	26879396	25566982	20393956	31178336	13435586	12512303	14015272	13499270
"P84022"	3408340.8	3391578.8	3431233	NA	NA	NA	NA	NA	NA
"P84077"	302019072	281057216	272863840	442291456	423285408	428297440	410480960	384352672	388304640
"P84085"	40232448	36176208	25563780	35261288	30257650	35831416	28304936	33010326	34507300
"P84090"	456636480	459704448	458453984	388987072	349040416	365372960	296672064	314511968	326100160
"P84095"	117305824	116541200	107332152	240671776	222921056	245282464	131984712	126394744	136820992
"P84098"	370052064	381374944	375630272	381792704	372308960	333625024	365165152	330240864	386131008
"P84103"	506341184	497868128	455003744	355286080	315373664	322882784	300711392	293788000	284617056
"P84157"	NA	NA	5938338	15008121	18242658	7855166	8410090	9421595	8713867
"P84243"	302554272	339627520	128143432	849729280	174323584	225173728	127632232	8524889	14553167
"P85037"	11860151	10115991	11128217	NA	4675690.5	6540921.5	4828068	8161708	5957412.5
"P86397"	NA	NA	NA	NA	NA	NA	NA	NA	NA
"P86790"	5278875.5	4182320.5	7483330.5	9196968	14682952	11864481	6793593.5	7975253.5	5300940.5
"P98066"	NA	NA	NA	NA	5294203	5924737	NA	NA	NA
"P98082"	32064656	33288194	30951406	19689132	17748196	18234182	47400784	45412596	46344248
"P98161"	34453524	36022596	40902680	46120936	39371980	40299652	60258656	53686112	46348292
"P98170"	8941507	7912514.5	17469704	13012757	NA	11657789	5841421.5	17540584	6288706.5
"P98171"	35542424	37854064	39885556	26904838	27221672	22258452	30258964	30579036	31170340
"P98175"	15786380	14872561	15041719	8762043	8197459	9203390	8743732	7240154	7919726
"P98179"	285088672	319281216	316199136	137273056	132531472	130621312	57098780	66009500	57928852
"P98194"	4826390	3767433.5	3441557.2	6432624	5567746.5	8841018	3577323.2	4653877.5	6201562.5
"P98196"	4091015	4514486.5	NA	6781381.5	2455646.8	3405487.5	NA	NA	2624161
"P99999"	200785792	228279312	196114560	80406312	61437540	74508624	150746624	143176672	165496960
"Q00013"	17300744	18460764	17233250	10584924	11705537	12746675	10355314	13988353	7978477.5
"Q00059"	35857232	43011508	48812496	31598488	27717482	30836780	31395046	35835956	33259528
"Q00169"	10826837	7535627	9600544	12825728	13074829	14606944	14468906	13516663	14660872
"Q00325"	392880928	420431712	442143296	541556670	547161660	605340740	644008900	580632130	591916670
"Q00341"	95874440	100688376	97830344	44385828	42675884	45686396	74762256	76658528	72269800
"Q00403"	15117448	19593400	17625036	16725193	17266948	18347144	5539714	4864321.5	6362817
"Q00534"	80553768	79504144	79199400	25806302	26950306	26006738	24486724	23384732	23290412
"Q00535"	11328108	10738443	11495933	9638282	10356701	10724719	14177180	13534587	14606743
"Q00536"	NA	NA	NA	NA	NA	NA	NA	NA	NA
"Q00537"	NA	2635203.8	4506964.5	14845164	11638042	10391706	9994989	6645045.5	4336323.5
"Q00577"	36296924	34218468	34853364	44545276	50763356	46208152	41772540	43087588	40875088
"Q00610"	329908064	321482976	320336704	414788576	402051776	400934624	455370368	465157568	451697664
"Q00613"	16424994	13044356	11011858	9368279	8520694	8317467	4367970	NA	7459085.5
"Q00653"	24536336	23562056	23379198	64796284	59170560	59556716	25493638	27368536	26973970
"Q00688"	75488648	73394816	72049216	57666060	55740332	52833496	56240196	57445848	58770808
"Q00722"	15165752	13818625	16114456	15134744	17342224	15810934	42130356	37858016	42750184
"Q00765"	10348365	15450358	16178495	22170746	25317290	23323130	41943756	40751236	40075296
"Q00796"	35758168	34547628	32404060	30077146	28978432	31256208	27542478	30090092	31575356
"Q00839"	2051032320	2021854210	2085710980	1193189760	1270263680	1138691710	1073743490	1038198400	1063596670
"Q00978"	6910059	8849543	7701506.5	16158756	15568976	16345279	NA	NA	NA
"Q01081"	138837728	129630432	128860928	92122488	86144072	88444832	54149004	61409788	66835368
"Q01082"	17257288	14940172	16057959	11713088	12864366	15932351	19485144	19147840	20196290
"Q01085"	38347952	42401308	47051924	31111560	33053678	27165812	28756308	28774022	28289086
"Q01094"	NA	NA	NA	NA	NA	NA	NA	NA	NA
"Q01105"	315889216	301477184	316941216	239729408	177675888	240632560	214744000	215029808	205988944
"Q01130"	238831424	229351200	236698240	164022864	170504560	164665296	153615184	146983360	133090696
"Q01167"	NA	NA	NA	NA	NA	NA	NA	NA	NA
"Q01196"	6561347.5	5726685	5789306.5	NA	NA	2624051.2	NA	NA	NA
"Q01201"	11737626	8206754.5	10968493	16358802	16068885	16206535	2768249	NA	4594397
"Q01415"	10120269	9122989	9088616	9482764	7788099	5394945.5	13010273	11488898	13572581
"Q01432"	15065034	11448715	11077233	74044840	73202128	69319224	46770220	45436068	45986692
"Q01433"	7076082	13928791	6666002.5	14054334	14291000	13692181	28489252	28199734	31273414
"Q01459"	8312336	19873092	27316002	NA	NA	NA	NA	NA	NA
"Q01469"	2663435260	2727773950	2905093380	2702008830	2650539520	2782617860	4072032260	4253295870	3943587070
"Q01518"	14962311200	15944132600	15528419300	17902213100	17543516200	16927369200	16409945100	17376309200	16263553000
"Q01543"	6760219	8027347.5	9150817	NA	NA	NA	NA	NA	4540454
"Q01581"	82624856	76676784	71027288	22270906	22727320	19524612	18158444	18498258	23590964
"Q01628"	63600436	67506920	62225748	116006048	111705184	128483032	NA	NA	NA
"Q01650"	32925270	31940044	30741352	49979284	45784700	47469528	50122380	45454772	50490824
"Q01658"	53797188	52604432	49959884	40529848	36527260	37039060	37783096	38731824	43205900
"Q01780"	13438791	13116216	13222549	4983698.5	6903090	6015065.5	5517560.5	9190591	6994693
"Q01804"	15583037	15048043	14271909	19050088	19390180	20907740	18265858	17514576	17848794
"Q01813"	66840908	71242936	71593280	84358000	85973936	88100336	128628648	128131952	126763464
"Q01826"	25654754	26108266	25474272	NA	NA	NA	NA	NA	NA
"Q01844"	134282864	135899696	131437840	94346760	89818808	88113624	78013936	81326400	80060848
"Q01968"	NA	NA	NA	NA	NA	NA	NA	NA	NA
"Q01970"	20717654	23497426	22309936	22164186	24825974	25749336	25960816	28518366	28649790
"Q02040"	4438584	6297416.5	6576167.5	11973431	6460741	NA	NA	10413644	NA
"Q02083"	NA	NA	NA	NA	NA	NA	NA	NA	NA
"Q02127"	10833898	13716173	12135388	6643546.5	6268910.5	8086032.5	8469246	12087278	8530413
"Q02218"	22509202	19435758	20285836	39952640	40164596	39304484	37092660	36683712	36839984
"Q02224"	NA	NA	NA	NA	NA	NA	NA	NA	NA
"Q02241"	NA	NA	NA	NA	NA	NA	NA	NA	NA
"Q02252"	7023815.5	9740339	10373921	6253516	4807471.5	NA	4486956	NA	2821573
"Q02318"	NA	NA	NA	NA	NA	NA	NA	NA	NA
"Q02338"	2046658.9	4280642	6534699	2430475.2	5591115	1659406.9	3675609.2	3063900.2	3042280.5
"Q02388"	798372.75	5484900	NA	4513201.5	7752006	3974823.8	4430200.5	5733784.5	6910718
"Q02447"	12544493	13058166	11127766	9440978	8000092	9676700	5736672	5152172	4906959
"Q02543"	276543488	288423680	280913920	370713344	383837408	388510848	366517632	363293920	368213024
"Q02750"	28743556	29603140	29146492	59405120	50998852	51736704	52353540	53023276	47313292
"Q02790"	34958576	39460836	37115312	33267126	34243888	32368868	39725840	41065832	41680996
"Q02809"	14523391	13142856	12864769	13562717	13957140	12894762	18515140	15720922	19633262
"Q02818"	25094824	25016066	22415558	39399980	37812616	39094036	23897556	24708304	22524898
"Q02878"	465782208	409417120	411247648	382432928	293198496	293804512	372960512	378475968	362924448
"Q02880"	39592216	38563096	39854416	14236605	13649590	14018532	17014878	16597236	17620734
"Q02978"	66755056	65685444	63286544	94365664	106450568	94628352	103140296	108146336	109090872
"Q03060"	NA	NA	NA	11194874	15945558	5358999	NA	NA	NA
"Q03111"	5812383.5	NA	5942868.5	NA	NA	NA	NA	NA	NA
"Q03113"	NA	NA	NA	NA	NA	NA	NA	NA	NA
"Q03135"	NA	NA	NA	NA	6849962.5	NA	16159646	13429038	18044336
"Q03154"	20181654	20735872	20568364	15311827	19292228	15950604	23859536	25283174	24673080
"Q03164"	NA	NA	NA	NA	NA	NA	NA	NA	NA
"Q03169"	29462138	22482894	25319532	110366720	108810536	98781144	20510326	43864376	23750508
"Q03188"	7375719.5	4791550.5	6819588.5	NA	NA	NA	NA	NA	NA
"Q03252"	74405904	73944176	76276848	67187248	65450284	63794528	57775468	60004676	57972880
"Q03405"	85919528	80612528	86067224	371240544	347476032	403641280	179344464	164287488	168958480
"Q03426"	NA	9152555	6033873	6412409	NA	NA	NA	NA	NA
"Q03518"	50948560	51754052	58336752	376702016	395428928	390952960	78398608	73626496	79774616
"Q03519"	18047068	16612220	17285698	91831376	93661928	90669928	29756776	31249454	31844794
"Q03701"	25435946	24806282	25350182	12681032	14785845	15158158	21323618	18762556	18691180
"Q04206"	33331260	35193576	33633832	48459460	51839492	48139004	15422711	20387834	20507690
"Q04323"	59571888	66978180	59959188	48534400	59154368	57604744	50029460	47681868	46171848
"Q04446"	39294656	37121420	37048328	49840140	46513484	43329348	50698404	55305140	52136696
"Q04637"	294224864	290606816	294225856	262475488	247892064	268392272	283809600	287194304	269341760
"Q04721"	9317551	15390077	7391292	10734066	10856740	11526303	9129253	9189465	10692216
"Q04726"	12692405	10315211	16354682	8847303	9694913	7149017.5	6127299.5	4064100	5058039.5
"Q04727"	NA	NA	10656872	NA	NA	7579639	NA	NA	NA
"Q04760"	890541950	924975230	883474370	634013950	612863940	573946750	521649568	577369280	521567104
"Q04837"	149792432	137288128	145253856	153465296	130112856	129380056	115536392	118012472	119520792
"Q04864"	17218456	17784582	18379868	15858924	11713960	15300171	8500054	9934933	9833936
"Q04917"	184840080	185154096	179348848	163730432	140162704	140975840	114290152	119271072	118336936
"Q04941"	46836372	44103104	48383848	75980624	65563172	76654288	63604548	74111200	72297760
"Q05048"	53653120	66054208	79953720	59731312	45271340	64773412	59815300	52423200	51406536
"Q05084"	NA	NA	NA	NA	NA	NA	NA	NA	NA
"Q05086"	15532565	17078192	18189326	17342404	17597152	20963850	22118764	24975918	18299646
"Q05193"	4067279.2	7941917	6376562.5	12829573	3399475	NA	9009201	5961650.5	4371445
"Q05209"	39035696	36365412	38284276	82888320	81823776	83335936	76701928	75431392	79545184
"Q05397"	NA	1649826.1	1822814.9	3258972.8	5605308	4784533	3880548.5	6124271.5	2909662
"Q05519"	59248732	57774404	51682248	37350892	38787248	31960618	39499900	36372092	33223194
"Q05639"	121862144	107064024	91917528	80491048	84985312	80192160	68488784	80628576	71505720
"Q05655"	24717576	27344020	24486186	14535865	18530942	18288018	8536187	9330002	10285991
"Q05823"	6922724.5	2476488.8	7759530	7046664	6467091.5	6710875.5	5838718.5	6830984.5	7199229.5
"Q05932"	4916333.5	3348797	3627579.2	3411533	1485244.4	2872088	1406623.2	2022557	1677312.4
"Q05D32"	9833797	9068458	9226670	NA	NA	3868266.5	NA	NA	NA
"Q06033"	NA	NA	NA	5019665.5	10425011	NA	6499604	NA	NA
"Q06124"	18211262	18864390	20899378	18409120	21998514	20634092	23903550	25236890	26328260
"Q06136"	NA	2894201.8	NA	11937876	8857034	11494383	8164486	8016358.5	8994932
"Q06187"	45163820	40706012	41366936	50155308	48204824	48133816	24227530	24482660	24584448
"Q06190"	NA	NA	NA	NA	NA	NA	NA	NA	NA
"Q06203"	9774249	9294894	7055957.5	3803304.5	46908476	NA	6603581.5	10539635	11785712
"Q06210"	46017012	47309712	45858916	90616192	79162216	89862056	89236272	88472480	84913008
"Q06265"	13170781	13774475	9632527	8258587	10840288	6371128	7881212.5	8114282.5	6105914.5
"Q06278"	NA	NA	NA	NA	NA	NA	NA	NA	NA
"Q06323"	210584064	209331712	213328240	295871104	262671424	262534080	200235200	198502720	182096832
"Q06330"	10099554	10782609	12437786	10793184	12601280	11613857	12394603	13184242	11689103
"Q06413"	13146249	11574742	11203123	NA	NA	NA	NA	NA	NA
"Q06481"	9448305	5393570.5	2515836.2	16470921	3591020.8	7689306.5	9817316	11725482	8128341.5
"Q06546"	13946353	12872113	12048650	8018349	9150908	7543864.5	5022419.5	7397320.5	5313939.5
"Q06547"	5630036	5905601.5	10194513	NA	8419709	8491272	NA	NA	8423850
"Q06587"	21551530	17012882	14606746	9926144	9367040	8542288	5796846.5	9578265	6914788.5
"Q06787"	9694833	8722506	10399533	9164091	12740586	9479622	5688611	7812740	4940965
"Q06830"	975788610	966349060	1049854080	931700610	921254080	972781700	1107577730	1076958080	1076342140
"Q07002"	NA	NA	NA	NA	NA	NA	NA	NA	NA
"Q07020"	372674240	341138880	353226848	337924800	336650528	314718016	354463904	355180320	345295104
"Q07021"	241239856	239948576	238734176	207549120	217879536	204639888	230407968	221146384	233666496
"Q07065"	26112774	26721512	24656212	120467688	113776512	120421000	39016192	39517656	38364316
"Q07157"	NA	NA	NA	12337608	10310565	10133018	NA	NA	NA
"Q07325"	NA	NA	NA	12675777	10852427	12750255	NA	NA	NA
"Q07352"	13734753	13097296	14230078	9969649	11200924	12578283	11802020	13245034	12489764
"Q07666"	224439456	236234688	252769360	162007312	160054928	162546464	171904976	183506928	164267280
"Q07812"	27503268	29203400	27142504	29136230	33114046	33076246	31473636	30588512	31078602
"Q07817"	NA	14370657	16498498	NA	6647500	NA	NA	28518792	NA
"Q07820"	6278708	7043177.5	5554555	8384421.5	10285659	7251140.5	NA	NA	5144120.5
"Q07866"	157222080	139020192	143002704	160538144	158297968	168398656	149249920	140084928	146278336
"Q07889"	NA	NA	NA	NA	NA	NA	NA	NA	NA
"Q07912"	NA	NA	NA	NA	NA	NA	NA	NA	NA
"Q07954"	NA	NA	NA	NA	NA	NA	NA	NA	NA
"Q07955"	258354736	261076960	249507328	176386016	166678784	163867376	161449088	165905856	153332448
"Q07960"	79217504	79687672	81177472	70791304	74158464	72003840	78089096	76465664	75979040
"Q08116"	17120630	19375952	21332726	5544545.5	6525997	5297003.5	6589835	6905398	6654831
"Q08170"	148051216	178991360	174308320	93375512	91371032	89917544	95408144	86238400	89732944
"Q08209"	39650296	37575260	43020376	23128592	26097278	25219508	20408770	20670764	19712788
"Q08211"	230277488	227817408	225478368	173244512	173246304	178315520	181920624	185616384	179157600
"Q08257"	17499684	14876823	20042118	16692359	15483862	19171720	14023486	16298842	15056160
"Q08334"	NA	3202296.2	NA	NA	NA	1797378.6	NA	NA	NA
"Q08357"	8985476	9782602	11108167	8856755	13469385	13092961	31382950	28453192	31433526
"Q08378"	28899170	22247794	21701784	14864299	11919048	7985400.5	15201362	13420390	14113973
"Q08379"	19096650	19941134	18321304	20238320	20298202	21652852	14928515	14785307	17344492
"Q08380"	NA	NA	NA	17141178	17415318	16360576	NA	NA	NA
"Q08426"	7054280	6485293.5	4653146.5	4339246	5481655.5	5551499.5	3653717.8	3389785.8	4202680
"Q08623"	16266192	12463281	13242966	83620976	9661731	43640552	19042900	10083863	NA
"Q08722"	22737666	20567540	25618464	52061712	42873524	52077348	25919604	28574540	24757624
"Q08752"	27147100	23670194	26782054	22602690	22363908	25901476	21986412	23141538	21818448
"Q08945"	82311656	79300000	86090696	37598912	35524096	37043440	39104920	41492256	39972872
"Q08AD1"	NA	2705089.2	3219426.8	4784744	5101909.5	7312951.5	6527543	5750115.5	4876878.5
"Q08AE8"	NA	NA	NA	NA	NA	NA	NA	NA	NA
"Q08AF3"	NA	NA	NA	19306142	19211872	16555127	6453966.5	6897925	8741440
"Q08AG7"	12053459	9823918	17003744	NA	10076316	NA	NA	NA	NA
"Q08AM6"	26698192	26563774	29256948	47148068	49723440	48534952	79124144	84053048	78816248
"Q08J23"	37715664	36320156	39521952	39593452	40644392	39546276	34730676	34044828	36542372
"Q09028"	374169376	355942304	366258752	123100776	126770064	127938864	96595448	99202520	102880496
"Q09161"	28922938	27111304	29333256	17037840	20588790	18761530	18830590	22910518	19971826
"Q09472"	18311376	15015264	16432925	16628675	7765831.5	13962293	NA	NA	3550148.8
"Q09666"	314006208	323704960	327510752	178663360	166580320	176298832	182567872	188732224	178496704
"Q0IIM8"	NA	NA	NA	NA	5541013.5	5268260	3787507.2	5109976	2695594.2
"Q0JRZ9"	13463431	8461795	12345874	12623303	11155226	15140096	11828544	7602698	5982858.5
"Q0P6H9"	NA	NA	NA	2988367	3346542.5	1039163.7	NA	NA	NA
"Q0PNE2"	NA	NA	NA	NA	NA	NA	NA	NA	NA
"Q0VD83"	61362892	60069628	61923748	60856568	58123012	61171252	67538472	68740480	67464704
"Q0VDD8"	NA	NA	NA	NA	NA	NA	NA	NA	NA
"Q0VDF9"	13000876	16237328	13236049	10874030	12152649	12434447	14843180	13468906	16535064
"Q0VDG4"	4890296.5	10028533	5190737	4135356.2	NA	2124232.5	NA	NA	3118546.8
"Q0VGL1"	31218464	27908034	28410350	22098408	19516312	20805962	38997500	28543374	20996918
"Q10469"	8570047	8690419	9843743	5990437.5	6907124	7357318	5126142	4852456	4017884.8
"Q10471"	9653275	8676702	10196648	18126084	20105856	21369998	16562558	17982580	17793466
"Q10472"	NA	NA	NA	NA	NA	NA	NA	NA	NA
"Q10567"	26918728	22887590	25967294	34381848	31452114	32437972	36311544	36239956	34939392
"Q10570"	14482117	11920451	13716780	8157889	10354326	7549294	9161508	10580900	11105145
"Q10588"	51861396	48639396	53918896	33403498	38230512	38038912	26819858	25594378	25963824
"Q10589"	30348754	39135076	33698552	36586656	24964390	25947652	8454501	7924847.5	9091649
"Q10713"	25832392	23267466	28961468	30610340	21857816	31538180	32377164	33325886	29204116
"Q11201"	NA	NA	NA	NA	NA	NA	NA	NA	NA
"Q12765"	NA	NA	NA	NA	NA	NA	NA	NA	NA
"Q12768"	12649491	12982016	13834897	15749399	16702964	17555994	17721104	19057686	16509135
"Q12769"	14108838	14828459	13480506	12964969	13328182	15200264	9749650	10787619	11974491
"Q12788"	13489121	11849008	13055166	6628742	7093617	8415331	11312610	10741453	12015232
"Q12789"	12687564	12460680	11108350	8448219	6566357.5	17219768	19535468	13611288	8692743
"Q12792"	19007042	19078024	20441922	35504048	36961464	37637796	25915572	30154384	27839350
"Q12797"	20412588	14709637	16845720	50750664	53487556	50377668	62995288	71584256	68376280
"Q12800"	21681012	24224060	23293578	13842451	12752203	15448223	17036748	17267234	13541828
"Q12802"	7335518	2029022	3358860.8	8794891	9297388	8374791	4120129.5	7048699.5	4384542
"Q12824"	26673714	31558122	30744926	5298141.5	NA	13379966	NA	NA	12781061
"Q12830"	1901840.9	4212362.5	5468507.5	NA	NA	2303580	NA	NA	NA
"Q12834"	4332197	NA	10222347	NA	NA	NA	NA	NA	NA
"Q12846"	25833784	23680162	23383362	32801092	29675548	35972612	24054844	28453992	26308226
"Q12849"	18194714	13769368	15671300	17249874	22485770	13641539	8710401	10359400	13574709
"Q12870"	NA	13654198	NA	NA	NA	2736637.8	NA	NA	9839027
"Q12872"	4216469	8556163	6197634.5	NA	NA	2989671	NA	5003344.5	NA
"Q12874"	51362756	52473104	55579900	28464900	27283980	29959602	33338330	33636980	32313712
"Q12882"	8826235	6085147	5829179.5	NA	NA	3723185.5	6318189	5755157	7325722.5
"Q12884"	NA	NA	NA	NA	NA	NA	NA	NA	NA
"Q12888"	13460346	14358596	14356804	12396881	12138172	12831593	8529206	8093602.5	7716608.5
"Q12893"	NA	NA	NA	12936952	36468096	NA	10828423	NA	25116096
"Q12894"	NA	NA	NA	NA	NA	NA	NA	NA	NA
"Q12899"	NA	NA	NA	NA	84566080	NA	61686344	NA	NA
"Q12904"	76503944	77885656	77366728	50171452	51608296	54215116	61221112	60437492	60390532
"Q12905"	124526296	107809568	106739352	109943424	119693280	121764912	124370368	115870216	126519904
"Q12906"	131009728	140088848	134044960	102543816	104039824	101834136	122633784	127389200	119697136
"Q12907"	108895144	107116040	112119592	104336864	95412064	102258568	73243064	75445256	62656432
"Q12912"	10302798	8279301.5	12370874	4812181.5	5865485.5	5780901	7004503.5	5285396	6398667
"Q12913"	13882488	13470161	13727009	17120864	18567232	20463166	10790889	12462204	11747902
"Q12926"	NA	NA	NA	NA	NA	NA	NA	NA	NA
"Q12929"	5840769.5	7792606	7923279	NA	NA	NA	5876725	5564238	5460925.5
"Q12931"	77124952	72738760	78628232	66567032	71387920	67595112	96329560	97527608	97365336
"Q12933"	8096037	7486672.5	8315160.5	5864859	8355311	4769101	7537887.5	6874490.5	5614173
"Q12959"	NA	NA	NA	NA	NA	NA	NA	NA	NA
"Q12962"	23845120	19479870	21499340	12124751	8683795	9549024	5752963	9277322	9335212
"Q12965"	46729824	48457580	48034252	60555188	62128224	61123688	54982920	56863020	58651892
"Q12968"	9664254	10282751	NA	NA	NA	NA	NA	NA	NA
"Q12972"	26396408	27077726	29496960	19810304	19793308	20703594	20359516	17609342	17988472
"Q12974"	10993779	11987655	10522135	8224297	8636339	8779830	4414580	9583769	8968580
"Q12979"	10505420	9345823	13252627	16256749	14285239	14865375	14989350	15220812	14771351
"Q12981"	9870124	9660432	9214134	12246432	7258990	12278106	10210950	10469130	11963394
"Q12982"	2157024.2	4675225	2350110.8	15812649	3356527.8	NA	NA	6018681.5	NA
"Q12986"	8202229	8354851	9605748	12238137	NA	NA	4548564	NA	NA
"Q12996"	18180600	17801340	16054523	14650364	16488644	15217287	17266776	15371029	14587346
"Q13011"	137510848	150285520	148070960	107130320	93500016	103698424	89727048	92056000	87291168
"Q13033"	11816736	9151417	9206863	11509089	7976766.5	12019427	10373645	9218448	9291434
"Q13042"	12529173	11103261	9200502	5006951.5	9168003	7335487.5	NA	NA	8139371
"Q13043"	23257140	24588756	23107090	25011940	25655990	22774688	21083782	22177942	20439006
"Q13045"	30505794	28687860	30784126	33201046	30195460	31328036	35904308	34648188	33446688
"Q13049"	NA	NA	NA	NA	NA	NA	NA	NA	NA
"Q13057"	38992576	37625380	37532116	37990460	37362064	35441712	40466988	39000324	42088448
"Q13075"	6863712.5	3256847	NA	NA	NA	1037194.9	NA	NA	924517.5
"Q13077"	8285702.5	9438172	6978039.5	20150334	21750546	20044084	7373590	7699172	9715677
"Q13084"	7591291	8297596.5	5941951.5	7806484	9474984	5094440	9223611	10463100	8763550
"Q13085"	10437382	9002306	10198370	6169692	4705162.5	8595798	7381279.5	5707956	7514927.5
"Q13094"	30453380	33760336	33724988	53833868	53482000	53197452	21785920	23094094	23761160
"Q13098"	17563344	18197308	20550662	17992390	14230693	16899390	18650386	18346020	15357281
"Q13107"	15050400	13870215	11212301	10972985	9998200	3526272.8	8414857	8462265	8911775
"Q13111"	NA	NA	NA	NA	NA	NA	NA	NA	NA
"Q13112"	NA	4204144	3450259.5	NA	NA	NA	NA	NA	NA
"Q13114"	7833517	NA	NA	8450516	8020407.5	8507060	NA	NA	NA
"Q13123"	12753101	14558784	13909867	7788660.5	7522586	9153550	8518768	10524790	9381747
"Q13129"	14290729	17219820	15082039	13827468	8437261	8787570	NA	NA	6407346
"Q13131"	9750675	9525508	8130456	12178854	14185308	12080962	7708530	13940670	9856202
"Q13136"	19990080	24424014	23803768	17804944	24883496	14994974	17379996	19236626	17823916
"Q13137"	3554451	2535899.2	3645938.2	4830762	7097095.5	7657734.5	NA	NA	NA
"Q13144"	22631216	21097972	20116932	25187608	25281692	26763714	28954580	27686286	31380862
"Q13148"	77824856	73023288	74541512	57308612	59798392	56944488	50093804	49906676	53835644
"Q13151"	156972160	164415392	172250512	107969568	121075848	103372448	82470544	92738744	103374904
"Q13153"	11908839	15048152	13093341	4680955.5	6327051	NA	4416667.5	3899425.8	5733367.5
"Q13155"	74578408	66572020	72507264	65055700	64899608	69963800	74462784	75513736	71416880
"Q13158"	3875598.2	2713952	3018272	7879419.5	8243803	6965400.5	5468493.5	NA	4321882
"Q13162"	97614024	103963944	94343896	88276160	90400392	90702104	80444904	74969272	81611208
"Q13164"	NA	NA	NA	NA	NA	NA	NA	NA	NA
"Q13177"	122990856	126110688	130485800	99595424	105557224	112416400	112170568	110745952	114411744
"Q13185"	239913248	238000272	258821200	126834288	126362232	119068760	89297184	86220864	87716168
"Q13188"	5860167	6838359.5	7754310.5	12868452	15742009	13733483	1012985.5	2060105.1	NA
"Q13190"	13344400	12786870	13040182	22760830	25675534	22457590	20314958	21062296	20685972
"Q13191"	7520032	7599900.5	NA	28758816	10618721	14640740	7351661.5	7042322	5341092
"Q13200"	99572048	103552280	102802864	116274248	117621456	123816136	124816320	127799704	127312224
"Q13206"	9889913	10641875	6714690.5	NA	4043823.2	4563575.5	6297469.5	11880434	6070078
"Q13217"	37136428	37130604	35962092	47606292	53565720	48101928	52555760	53921964	50791096
"Q13231"	NA	NA	NA	NA	NA	NA	3440434.8	NA	3026962.2
"Q13232"	29816800	27797126	28282208	26807022	24170322	23385960	18500202	18459000	16400095
"Q13242"	60192216	63492080	69757552	36891064	33562392	37541104	37808408	38358432	37486500
"Q13243"	213931488	235420032	242258976	110419552	113732896	117342344	100221984	104046712	88351384
"Q13247"	129232448	140411264	135666064	54332856	51369824	52129028	67048160	58245172	63603004
"Q13257"	12536430	13707134	11894012	NA	NA	NA	NA	NA	NA
"Q13261"	NA	NA	NA	6521576.5	7231156	7556847.5	NA	NA	NA
"Q13263"	208598176	215374128	208397040	83284504	85145168	95134984	103128128	106274264	109459144
"Q13277"	7669133.5	14798555	10204030	15411767	11155245	14742172	11210173	15210800	10662120
"Q13283"	87216656	100063680	99690848	64031712	61092824	64428024	49090468	53458964	54703660
"Q13287"	32812522	35672324	32109222	35542700	31212628	31237720	16685057	12316128	8171351.5
"Q13303"	32246396	33047190	31423168	54229132	47841176	49282024	61741472	65173136	66958880
"Q13310"	275392192	276614592	288805184	222809216	218163120	223552592	193960480	196107120	201581680
"Q13315"	4250540	2761321	3340354.2	NA	3308979.2	1665043.9	967477.3	837098.6	2106859.8
"Q13325"	7165168.5	7008416	7058211.5	39480696	46143524	34387740	3245972.5	NA	NA
"Q13330"	8219385	9317575	9492705	NA	NA	2012916.9	2806657.5	2759489.8	2181955.5
"Q13347"	128661176	138563792	140780416	90882776	86929368	89978176	80475744	84353512	72688528
"Q13356"	NA	NA	NA	NA	NA	NA	NA	NA	NA
"Q13362"	7999166	10534528	10972938	6759918	7701155	10645703	5736543	NA	5352836
"Q13363"	43307048	45519288	43571592	23612814	22463966	22073536	27596812	30887684	26362942
"Q13370"	5233019	5758831	2707493.5	NA	NA	NA	4979638.5	2855667.5	NA
"Q13371"	NA	NA	NA	NA	NA	NA	NA	NA	NA
"Q13395"	2658480.8	3412277.8	2238779	NA	NA	NA	NA	NA	NA
"Q13404"	93689704	99533624	101510760	102496792	100955464	94563608	111969440	109909528	105228992
"Q13405"	25277074	29619948	22840632	17990608	16753738	19249236	22841650	22144656	24956960
"Q13409"	59749352	59336236	57521064	74392760	71886376	68164040	75309384	72396616	75385192
"Q13416"	2772099.8	3145101.2	NA	NA	NA	NA	NA	NA	NA
"Q13418"	30503572	31702450	33385636	63992064	67791632	65207760	67133504	66377624	68965896
"Q13422"	9244121	7466307.5	6435436	NA	NA	NA	NA	NA	NA
"Q13423"	51826596	53200052	55415044	51389380	45093360	54066492	52804216	51612276	54629472
"Q13425"	NA	NA	NA	NA	NA	NA	NA	NA	NA
"Q13426"	11097183	9432365	10835130	11144357	10600868	9912074	8581222	7768787.5	9085277
"Q13427"	14317643	13368247	12804111	8430433	10812321	12465758	7419100.5	9992362	9253496
"Q13428"	28192818	26355542	27360052	22834354	21770138	22148818	27810682	25433828	19450164
"Q13432"	1456971.4	2042349.1	NA	4659639.5	2836314	3179124.2	8089280	NA	7187771.5
"Q13435"	108124880	107306872	110564616	58619748	56171428	61224272	60556304	60838168	60129552
"Q13438"	26724246	27292240	22600848	22577266	26216716	NA	25460104	20766998	23377630
"Q13439"	4057579.5	1901740	NA	NA	650094.5	NA	NA	2577196.5	916827.6
"Q13442"	50563772	60330168	50897852	41831092	47224944	49153128	52607180	50942176	54080828
"Q13443"	15773833	11994131	15314402	14830025	15508005	11767738	8499980	5539278.5	6177120.5
"Q13445"	7649811	7255145	7488126.5	4332136	6453927.5	5735946.5	5589022	9030906	7444179.5
"Q13451"	58298792	65348580	58765920	43452212	41834744	44438520	31312956	29841974	27055676
"Q13454"	NA	NA	NA	NA	NA	NA	NA	NA	NA
"Q13459"	37729140	35989264	36751244	60341892	61089504	58904776	59460220	64761136	64418192
"Q13464"	12437936	13559408	12764838	12314328	12563959	13492870	16050556	15328835	15746329
"Q13469"	NA	NA	NA	NA	NA	NA	NA	NA	NA
"Q13485"	5450646.5	5032233	6589901.5	NA	4970915	NA	NA	NA	NA
"Q13488"	38790000	40296936	38285152	85962752	78620768	82081480	99507856	93404216	95151240
"Q13492"	37615280	37987080	35350252	49564752	49743216	52057312	69699384	74071080	76658888
"Q13496"	3866541.8	2233785.8	5453992	1135538.1	2945107.2	2313929.8	NA	2879098.2	1907186.8
"Q13501"	191685920	203877104	209966848	57327804	57341928	59850768	34989940	38908328	36374564
"Q13503"	2116091	1520950.8	1667430.9	1907620.8	NA	2039188.1	NA	NA	NA
"Q13505"	13210853	16707140	12248461	18001788	15420399	16513052	19424088	18907880	15871239
"Q13506"	NA	NA	NA	NA	NA	NA	NA	NA	NA
"Q13509"	14053666	24315654	10829464	12147003	11712427	9885348	16091393	12421334	13363884
"Q13510"	23710636	25306296	19721036	33520964	25568248	27872742	38973932	40859156	37508476
"Q13516"	NA	NA	NA	2642246.2	2608083.8	NA	NA	NA	NA
"Q13523"	8815287	12642176	8848433	9443793	7482023.5	11509051	9163335	8694703	8375165.5
"Q13526"	39168744	38756356	36881864	22153856	21980774	23116792	23588252	27364268	22945844
"Q13541"	61665888	52704872	65837856	47626624	76761536	64249036	65173648	69418240	79119984
"Q13542"	23864680	29340390	27165264	NA	8697776	NA	18448976	20265674	20901168
"Q13546"	NA	NA	NA	7930935.5	7131707.5	6526406	NA	NA	NA
"Q13547"	62054196	72722408	76049440	37944728	47019928	43486652	34085368	28874524	33512018
"Q13554"	38674968	42821804	21617206	20301630	27105664	19076690	49718980	29929124	25788866
"Q13555"	7144172	4715701.5	3977197.8	3829928.8	5016519	8404676	4834652	4772902.5	10773809
"Q13557"	100168008	104522512	106592832	108032848	109373872	107039712	119851600	116492328	102280384
"Q13561"	68036776	71841240	66116464	81695768	82698712	83016168	81878192	82994720	79507504
"Q13564"	29297020	30060016	25849658	27005636	32459058	30195694	25524644	26967556	30258798
"Q13568"	25378300	25289402	24007456	48581968	44200748	48894204	16244709	16246316	18282846
"Q13571"	36270876	41990612	39390272	NA	14107728	NA	NA	NA	NA
"Q13572"	NA	NA	NA	NA	NA	NA	NA	NA	NA
"Q13573"	37770932	33579256	33414768	19893426	20442750	21697222	16885806	19414572	19145174
"Q13574"	13531901	13679558	10303328	11444821	11484282	10392594	11991197	14688131	12243161
"Q13576"	7212884	7178613	5732620.5	30360976	33350974	30411556	17868192	16472956	19712318
"Q13586"	14524674	15187236	14851889	12131476	14789603	11412270	8111735.5	6140002.5	7183370.5
"Q13595"	50583100	54801588	48931492	48397024	49056384	54133308	21420516	28607018	40018224
"Q13596"	16080525	20615282	17872006	22954568	23797494	26245956	23717072	23836814	23035444
"Q13601"	50447776	49604388	46722156	28761198	30068690	31862030	31652186	34302684	34922872
"Q13608"	NA	NA	NA	NA	NA	NA	NA	NA	NA
"Q13610"	18441912	16353938	18970104	6358517.5	7256862	10333217	8669697	6734754	6476430
"Q13615"	NA	NA	NA	NA	NA	NA	NA	NA	NA
"Q13616"	21497494	22581730	20832422	28010130	26430050	30113756	17953176	19365684	17353308
"Q13617"	18986296	20217008	17611446	26466848	27877542	28401672	22283658	22277922	23815138
"Q13618"	15200943	14287523	14845492	11403514	10426967	11882436	13129165	16091204	17855368
"Q13619"	18193138	19186150	18262292	14045048	14790104	13434118	13508288	12847871	14413623
"Q13620"	40737324	35084116	43687088	26947272	24496866	23407950	NA	27138534	27402236
"Q13625"	NA	NA	NA	NA	NA	NA	NA	NA	NA
"Q13627"	NA	NA	NA	NA	NA	NA	NA	NA	NA
"Q13630"	43495200	44056632	42061988	50959920	51794532	48642476	52349968	52977800	48992792
"Q13636"	20588372	21486522	18129764	40945628	42661036	43740276	55617136	56158948	57736168
"Q13637"	50896392	57544624	52227820	59791728	58922504	57367036	44362216	44251196	42113932
"Q13641"	NA	NA	NA	5804805.5	5719510.5	4220604	NA	NA	NA
"Q13642"	7101758	8979554	10265393	6410201	9156608	7351617	16774161	15931945	18096410
"Q13643"	4881372.5	6679032.5	7152500.5	5460004.5	4399211.5	4896444	4984118	8451917	6906449.5
"Q13670"	NA	NA	NA	NA	NA	NA	NA	NA	NA
"Q13671"	905210.5	2031416.4	1870724.8	4958799.5	5112764	3556357.2	3936938	977981.25	3215047.5
"Q13685"	9746956	10960197	9036564	14126474	11496353	9789162	6467557	9303317	9069774
"Q13686"	NA	NA	NA	NA	NA	NA	NA	NA	NA
"Q13724"	30193402	26710894	23082320	43981948	46516760	43729772	46286696	50625352	49263012
"Q13740"	80576432	77738480	85916912	160355136	173200336	160457104	207258384	223086864	225589664
"Q13761"	9725397	5801855	6646511.5	9809414	6794878	8214009.5	NA	NA	NA
"Q13769"	15329493	13252883	11952406	11843209	12730701	11441310	10765688	11365262	12351331
"Q13794"	NA	NA	NA	NA	NA	NA	NA	NA	NA
"Q13795"	NA	NA	1602370.6	4431330	3218960.2	NA	1811511.4	NA	3286673.2
"Q13813"	25023152	25319180	24903504	14269598	14237058	13936115	21261408	22136626	21148394
"Q13823"	10848757	4742802	13206773	NA	4371232	2368337	NA	NA	4342190
"Q13825"	NA	NA	NA	NA	NA	NA	3402103.8	5134090.5	1800877.6
"Q13838"	247929696	230013920	252142496	215552176	205253936	215675232	215859456	208095424	205223616
"Q13867"	49613292	55024964	50749712	44894396	46430216	45392252	42345848	41483660	44401108
"Q13868"	16993438	14507939	16305803	9756282	12446996	13252968	9929389	9919739	10281472
"Q13884"	51696548	45141056	53704768	88625880	99652616	94795360	100372800	95983832	88880024
"Q13885"	13899291	22622892	NA	24262074	20274212	21919452	9653312	NA	10012473
"Q13888"	NA	4359125.5	4563076.5	NA	11070594	NA	9028548	NA	NA
"Q13895"	20922114	19071428	21506216	5412207	5251587	10801862	8078635.5	5795996	7655535
"Q13901"	7834185.5	5801049	NA	NA	NA	NA	NA	NA	NA
"Q13905"	5647322.5	8526163	15533790	NA	NA	14354877	15536829	15105261	12786819
"Q13907"	36257860	36193076	35670668	24416408	25636550	24780580	27048740	25758828	22755658
"Q13948"	2795446.8	3309007	3400595.5	NA	NA	1430340.6	NA	NA	1315507
"Q13950"	11231112	13674414	13002206	6472591.5	12255120	9593653	4458824	6069141	2189795.5
"Q13951"	48892940	52978584	57439384	26675932	24018280	23339212	20839170	20609900	19128020
"Q13952"	15838759	16780326	11755345	8956941	5781000	8226872.5	6900628	6307431.5	6528129
"Q14004"	3301204	2542168.8	2789970.8	NA	NA	1774207	NA	NA	NA
"Q14005"	57262428	16697722	27369662	12810949	14013032	1952306.8	NA	9851087	NA
"Q14008"	22301976	21948124	24348976	13435920	17113204	16039952	19357590	20731936	18711286
"Q14011"	65059816	65068944	62007164	46308944	42658036	38666148	25606308	33136434	29648524
"Q14012"	22516158	23263896	23408784	29360250	28405076	25846900	42940408	44064952	40814920
"Q14019"	630827200	669429890	635902980	624743360	642818620	533237024	673682750	627342140	613495170
"Q14055"	21828350	20970328	22128338	5586084	NA	NA	NA	NA	NA
"Q14061"	104992096	127675168	106556216	118689496	114924176	123557200	99126048	89568744	87637272
"Q14103"	809797820	781735360	841210370	589004160	612366140	607843900	550743360	525909568	509535488
"Q14108"	92320592	96552984	104110512	163042544	157575136	159733536	91857624	103080624	94303064
"Q14114"	NA	NA	NA	NA	NA	NA	NA	NA	NA
"Q14116"	24464708	18910722	24336856	15550440	26248278	16020835	17627530	8853042	14107102
"Q14118"	NA	NA	NA	NA	NA	NA	NA	NA	NA
"Q14135"	NA	NA	NA	NA	NA	NA	NA	NA	NA
"Q14137"	39850944	40294912	44195824	22402138	21572398	19899346	22700692	21892334	23302826
"Q14139"	10457257	10994911	10982621	7741652.5	6739466	8235743	9103698	8720954	9903974
"Q14141"	69272728	69498736	69755760	50678696	44850376	50096188	44065324	42498340	38804648
"Q14145"	3997716	5724923	10620913	6625723.5	8791176	9205777	NA	NA	5448503.5
"Q14146"	5390955	NA	5780387.5	NA	NA	NA	NA	NA	NA
"Q14147"	NA	NA	NA	NA	NA	NA	NA	NA	NA
"Q14149"	15470978	13832765	15655241	12875875	11636536	17631408	4906923.5	NA	4381802
"Q14151"	26455370	28137258	30484930	14482568	15903462	17149750	14232501	14523489	12840930
"Q14152"	96608376	91462112	96405376	71675936	71253408	71628624	58266940	58069764	52760544
"Q14155"	16285353	16459639	13778076	15723462	17583098	15111363	18120628	16418504	16830826
"Q14156"	7916249.5	3514996	1753483	5284134.5	6174932.5	5063459.5	NA	NA	2470826.2
"Q14157"	69908424	76066896	78362208	53001048	49722016	48348368	54913848	52848360	54973336
"Q14160"	6887780	6434426	6250410.5	NA	7945877	6337562.5	4501821	4728388.5	3682051.5
"Q14161"	18297040	20757672	19489118	17152962	16501470	18215842	12115014	9705216	12801155
"Q14164"	NA	NA	NA	NA	NA	NA	NA	NA	NA
"Q14165"	93208064	84254720	90467304	103858400	100024680	111069872	102510144	112249584	102543912
"Q14166"	51712440	53472868	50971308	56010872	58608460	58013704	69803864	69785304	74488176
"Q14181"	NA	NA	NA	NA	NA	NA	NA	NA	NA
"Q14185"	NA	NA	NA	NA	NA	NA	NA	NA	NA
"Q14186"	7135159.5	5086560	5361821	NA	NA	NA	NA	NA	NA
"Q14191"	NA	NA	NA	NA	NA	NA	NA	NA	NA
"Q14192"	4844803	4322873.5	5753181.5	NA	NA	NA	NA	NA	NA
"Q14195"	NA	NA	NA	NA	NA	NA	27265396	29902836	28092800
"Q14197"	8503702	6940371	8026108.5	NA	NA	NA	4359479	3151115.5	6540880
"Q14202"	7262776	20025238	16213127	NA	NA	NA	NA	NA	NA
"Q14203"	39112368	37468460	42463612	57769996	54879716	56680416	61027416	59684240	60828992
"Q14204"	83328088	84530416	88242888	117753664	122275288	114910248	125095816	125121400	124794232
"Q14213"	6535085	6889863.5	6322166.5	12859755	13772567	12346372	NA	NA	NA
"Q14232"	22114598	23856052	24375718	25336774	23961774	22483274	27097962	26971070	27218844
"Q14240"	55889284	66142288	60281424	86853632	89959488	85172712	80127088	83843120	87671376
"Q14241"	1100345.4	7028952.5	NA	NA	4351312	5046539	4356531.5	14353918	5765749
"Q14242"	6257661.5	4507512.5	3437941.5	NA	NA	NA	NA	NA	NA
"Q14244"	NA	NA	NA	NA	NA	NA	NA	NA	NA
"Q14247"	NA	NA	NA	42969016	40817120	41923644	46640664	50707200	47774656
"Q14254"	9680156	13887666	14952884	12919291	17753004	15947580	20894086	18807404	14785544
"Q14257"	10325868	11353343	14644200	11550170	10349479	11661537	9600370	11248220	12184022
"Q14258"	72310912	75365744	74469472	84721480	80174136	86673904	48463200	49029376	48127176
"Q14289"	21867594	19910156	22764266	37423996	38205472	35326600	33702500	31846080	32060318
"Q14315"	NA	NA	NA	NA	NA	NA	NA	NA	NA
"Q14318"	28988262	30015334	32290840	31963968	32420854	34213820	25526602	26015048	26249476
"Q14320"	35332800	32599612	40607804	NA	4497678	10869290	6641997.5	11935296	10076525
"Q14331"	26792512	33360426	27762494	12512860	19747882	14903424	NA	16782684	NA
"Q14344"	23248182	22763828	20954654	36702228	36480028	35639624	22979768	24236102	23555754
"Q14353"	32550600	30121618	35664276	23637626	20473690	23534476	22968824	16818922	18826978
"Q14376"	8360196	7402121	6192227	10216696	13807502	9631116	18074150	17179702	15490936
"Q14444"	147174544	151261824	158833056	81192088	84457776	87301824	66285072	66213056	64130160
"Q14457"	NA	NA	NA	NA	NA	7161136.5	NA	5703832.5	NA
"Q14493"	5520933.5	1493771.9	8345487.5	NA	NA	NA	NA	NA	NA
"Q14498"	70666744	74530520	69305856	44201672	40584680	38078492	46014936	45548880	46377140
"Q14517"	NA	NA	NA	NA	NA	NA	NA	NA	NA
"Q14520"	NA	NA	NA	7976866	11178109	12537599	18490682	NA	15181383
"Q14534"	28879374	32198672	25763168	36748720	39073420	41266528	46323508	48614964	47857648
"Q14554"	26256384	25898832	27217764	22986476	25111470	21107602	21751232	19739050	20070808
"Q14558"	9023864	8380206.5	8759793	11465732	12151330	12587397	13199959	13336831	12728406
"Q14562"	5734248.5	5532951	2930146.2	NA	NA	1042974.94	NA	NA	2811777.5
"Q14566"	113514400	112678280	108877368	10634557	13257774	16493906	4032224.5	NA	NA
"Q14568"	NA	NA	NA	NA	NA	NA	NA	NA	NA
"Q14571"	NA	3967613	3723586.5	6513773.5	8165419.5	6971703.5	6675898.5	8018258	9047257
"Q14573"	NA	NA	NA	NA	NA	NA	NA	NA	NA
"Q14586"	NA	NA	NA	3512577	3132408	3476249.5	NA	NA	NA
"Q14596"	NA	NA	NA	NA	NA	NA	NA	NA	NA
"Q14624"	NA	1838844.2	NA	6734660.5	8209308.5	6096278	NA	NA	NA
"Q14643"	18137608	16920966	16260399	18085354	17115084	18019820	16996948	18283128	18846392
"Q14644"	NA	1464210.9	1893142.2	NA	NA	NA	NA	NA	NA
"Q14651"	NA	NA	NA	NA	NA	NA	10277101	10576162	NA
"Q14653"	19009946	20361676	20042490	17668246	21632172	18291756	19719660	19799198	19156906
"Q14657"	NA	NA	26214420	NA	14401350	NA	NA	14757108	13206433
"Q14667"	NA	NA	NA	NA	NA	NA	NA	NA	NA
"Q14669"	12950978	12832089	12725965	10249282	11906959	9862396	7255697	7493182.5	6448024
"Q14671"	25560092	22781036	23716496	24781198	22238872	19119518	16709028	23632274	15289885
"Q14676"	14645580	8035121.5	8795871	NA	NA	NA	NA	NA	NA
"Q14677"	94411016	102591216	112038960	47347200	45516632	48064012	57711440	57810556	55341812
"Q14678"	23450132	17671580	23970086	6478900.5	13965278	28883492	NA	NA	NA
"Q14683"	44010036	43367360	39607744	20476230	22769984	21961544	13717709	15593299	16680185
"Q14684"	10511772	14862026	10950774	4993372	5455196	5329165	9211569	11982015	10617789
"Q14687"	NA	NA	NA	NA	NA	NA	NA	NA	NA
"Q14689"	NA	NA	12703566	2634163.5	12296044	14944661	25112784	3001771.8	NA
"Q14690"	14182406	13867107	14831967	8119244.5	8035902.5	9759562	11216709	11993139	10666265
"Q14692"	5461394	4204786	5296856	NA	NA	2637126.2	NA	3674989.5	NA
"Q14693"	NA	NA	NA	NA	7066327	NA	NA	NA	5694936
"Q14694"	17361692	17032130	19512936	10116084	8501158	10620599	7358692	8900299	9339936
"Q14696"	50710484	48748896	48333636	48975836	42938628	43792160	46264192	53047224	46606520
"Q14697"	200665712	209853376	211235136	186264736	177636464	186729648	168804560	177300816	169341456
"Q14699"	7238659.5	NA	NA	41192680	44309280	42967780	50174812	49314580	47429340
"Q14728"	16502048	18477558	17359718	23529448	26437704	23933498	24670184	26561754	27623606
"Q14738"	20128798	22031464	24550628	19290150	21886926	20169950	19984558	19811898	22551846
"Q14739"	57137460	56277632	59146040	38342260	38505780	39468564	55331792	53924488	52596188
"Q14746"	8660255	9022713	9491094	10440797	10830186	7242012.5	7983437.5	5352249	9606591
"Q14764"	70724320	79453576	75329256	172774272	159974224	171280960	87075352	88103264	87110568
"Q14765"	NA	NA	NA	NA	NA	NA	NA	NA	NA
"Q14774"	NA	7033973.5	5184261	6296744	6686653.5	3918236.8	NA	NA	NA
"Q14789"	9808470	10790795	8974576	14368876	11244535	14342457	10110300	10647500	10742932
"Q14790"	11136509	11126983	10345315	19341472	31927976	23822388	5864655	8997716	8726224
"Q147X3"	5804466.5	5610668.5	5663862.5	9738178	8109678.5	7065751.5	8220790.5	7681109	8213934
"Q14814"	38489864	41575592	40130980	18185964	19264928	14697049	18902640	18064962	15747646
"Q14839"	51869844	50975296	52000204	20934440	20750304	19463494	20946546	23759670	20200372
"Q14847"	371879936	352120672	369990848	704582020	665453180	759083710	891900480	920502340	894376380
"Q14849"	5729519.5	3384788.5	6710594.5	NA	NA	NA	NA	NA	NA
"Q14865"	NA	NA	NA	NA	NA	NA	NA	NA	NA
"Q14872"	6689922	8902097	8717336	8829349	9807715	11470141	NA	NA	6888680
"Q14914"	18868114	15935078	17376398	22988386	21190642	27170380	23216986	21428526	28407984
"Q14919"	19961980	29463082	29288798	29879074	25000894	22314186	23491962	28662532	24690470
"Q14956"	62292100	58869004	52630700	74434544	74834640	59716180	81938224	55825280	101971952
"Q14964"	2487245.5	NA	NA	NA	6939829.5	11311304	NA	1495328.9	9072883
"Q14966"	11833995	12153670	12162476	8643969	11205465	10217800	6319021.5	5663231	7828342
"Q14974"	145565440	138067616	145604560	165922384	169706368	160350992	164368736	166824496	167839808
"Q14978"	59808308	59620196	52322532	23204402	14751866	15261260	22428328	23558152	22012268
"Q14980"	74170984	68316192	67048968	21155858	23896784	22321930	15626885	16201280	19475894
"Q14997"	4845112.5	4010278.5	4881388.5	6397934.5	5590694	7889098.5	5777056	5634532	5618992
"Q14999"	NA	NA	NA	NA	NA	NA	NA	NA	NA
"Q14BN4"	NA	1975798.8	1338075.8	NA	NA	NA	3175097.2	NA	4889528.5
"Q14C86"	22056300	23830240	25478874	22996292	26286114	25166792	28509768	29769812	29892862
"Q14CW9"	NA	1707655.4	NA	NA	NA	NA	NA	NA	4890134
"Q14CX7"	4443592	4960915	4002099.8	6198621	8518101	8593005	8518288	8594659	8806783
"Q15003"	23849670	19413890	20788350	NA	NA	NA	NA	NA	NA
"Q15005"	38294020	44344976	50155800	83905416	76688912	76689424	69149184	65671956	72080152
"Q15006"	21042490	13931917	16334657	27205442	26892058	17829468	24396938	24335148	22645978
"Q15007"	24150300	24403330	20426752	23783962	21281040	15952196	15121800	17280002	17507932
"Q15008"	69361952	69728888	69030704	91086496	92730224	88213216	91997336	91984632	86647024
"Q15011"	NA	NA	NA	NA	NA	NA	NA	NA	NA
"Q15013"	NA	1346344.6	1400148.4	NA	NA	NA	NA	NA	NA
"Q15014"	5607401.5	8863163	5320914.5	NA	NA	NA	3394523.8	NA	NA
"Q15018"	27127110	24644372	23904824	20772342	20332344	23912846	29441610	25568246	26351118
"Q15019"	87837240	91531232	87518472	70897200	79681112	66646664	67624568	67457728	70194712
"Q15020"	30584442	31416710	27807934	23295650	23275298	26128338	29552148	27076828	25398212
"Q15021"	10743144	7642281.5	6882916	2217823.5	1625841.9	2617458.5	1301120.6	1262017.1	1092514.9
"Q15022"	10169750	7970813	12310834	6294386.5	NA	NA	3344423.5	NA	NA
"Q15024"	22024698	20970306	18253614	14402380	12569937	10693600	14864222	14026509	15278470
"Q15025"	NA	1387197.2	953538.1	NA	NA	NA	NA	NA	NA
"Q15029"	55255572	59619900	55557772	38935620	36068976	36956728	32208420	32620196	33390412
"Q15031"	4298652.5	6346668.5	6759978	6045070.5	5475923	7533952.5	7884182	6657793	7078799
"Q15032"	NA	NA	NA	NA	NA	NA	NA	NA	NA
"Q15036"	8132805.5	7776719	7638099	9473602	8080324.5	8265570.5	5383900	4769461.5	5710835.5
"Q15038"	NA	NA	NA	NA	NA	NA	NA	NA	NA
"Q15041"	26529634	NA	NA	29524824	32287122	34631160	41894896	42361324	34883932
"Q15042"	21085612	19286150	17692846	23312148	22582136	23095562	18340918	19023548	19281652
"Q15043"	NA	NA	NA	16936600	18728232	17587736	NA	NA	NA
"Q15046"	114260376	118278304	117753736	138238192	139760576	133459272	99736872	103267224	101970768
"Q15047"	2756712	NA	1352043.4	NA	NA	NA	NA	NA	NA
"Q15048"	900738.56	NA	1299544	NA	NA	NA	1135396.9	NA	1399499.4
"Q15050"	30541720	31587256	33542736	13116694	17521162	15074000	21645554	21428300	23443458
"Q15052"	19726852	17252954	17369438	11439030	11540970	10769274	9289311	7981188	9087585
"Q15054"	12509280	10087270	11121187	NA	NA	4342944	NA	NA	NA
"Q15056"	190570816	214409296	227818192	202227280	180003744	172662688	164343680	168476112	158161376
"Q15057"	30052462	27537782	29214164	20867518	25127166	28258046	23912618	28739524	23029450
"Q15058"	NA	NA	NA	NA	NA	NA	NA	NA	NA
"Q15059"	3884051.5	4940037.5	NA	NA	NA	NA	NA	NA	NA
"Q15061"	14838334	15030689	15388589	7846583	4743868	7209455.5	10930019	9361971	8342515.5
"Q15067"	23813394	19655184	23726656	38882344	37234812	36738108	43183692	48442532	48409532
"Q15070"	8753582	6038141.5	6026984	6369210.5	6657874.5	5785600	7620472	7307188.5	7187063
"Q15075"	23755398	23930700	24325512	30671626	32894828	32770940	40203720	38652880	41674600
"Q15080"	20432776	19977826	19245534	19925496	21200288	21590866	11298248	15025869	13956871
"Q15084"	658038210	653229890	621734270	656601410	738930370	682696450	589519230	654778180	656865220
"Q15102"	37964184	36298052	41803348	32550782	30474428	31194034	27632534	28048378	29218394
"Q15118"	NA	NA	NA	NA	NA	NA	NA	NA	NA
"Q15120"	3522934.8	NA	NA	NA	NA	NA	NA	NA	4053342.2
"Q15121"	113011728	112077424	114058968	304232480	320550720	308848064	448929408	457718752	458851360
"Q15125"	67082052	63734968	62165248	70913976	71072184	66570096	80381704	78075912	81806776
"Q15126"	15768054	15927886	17077684	8228850.5	7733434	9639711	6773954	9684627	11301852
"Q15149"	59558348	57798000	57401900	84966432	85194096	86819864	75596208	76131824	76437536
"Q15154"	50333400	48995356	50413840	12897909	11078646	12808631	16697519	16841924	16935712
"Q15155"	7573107	7496999	NA	NA	NA	NA	14105239	21699772	5720704
"Q15165"	NA	NA	9326710	7190059	23523384	NA	NA	7092200	26949916
"Q15172"	15162672	16901974	16189776	11444911	10455379	12301727	15349942	16915746	16205702
"Q15173"	NA	NA	NA	NA	NA	2772816.5	NA	1440782.2	NA
"Q15181"	135044880	127155456	131733136	134808848	131816352	143772688	101171840	102008288	94637104
"Q15185"	388201760	396792864	407033024	246867888	242443456	262692448	237172160	257719408	257376128
"Q15208"	2960848	9950354	9799470	8146625	11131199	10302405	6711909	6230721	2399787.2
"Q15233"	288271008	316063392	339577280	192756256	198788528	218841088	200172480	182633632	202543264
"Q15257"	16030126	20685646	20784782	23922200	27893440	25361084	23072808	22416716	23084408
"Q15262"	NA	NA	NA	7693174.5	4920749	5387355	4853265	4188767	5210110
"Q15269"	9002628	7743479	8311813	5726640	3460417	3778229.5	5079560	5179096.5	5816608
"Q15274"	50215536	51452372	55332784	56684100	56001948	54383096	58629400	69227256	69786752
"Q15276"	3546391	4824357.5	4789434.5	NA	NA	2101230.5	5620181.5	5986238	3375331.5
"Q15283"	NA	NA	NA	3093272.2	9131376	6978640.5	NA	2821921	6036036
"Q15286"	23958712	20939174	23318106	34534276	32090548	32361472	29654956	30703048	33216508
"Q15287"	85938600	86222632	83746672	65715852	68089184	61907524	57580824	56368016	64693788
"Q15291"	6792399.5	5083642	7348461.5	6440417.5	6045909	3965376.8	2000329.2	4709238.5	3824896.5
"Q15293"	66845512	70247344	72502280	89010504	84082480	81615840	85104392	89028816	78599176
"Q15311"	NA	NA	NA	34524692	NA	NA	14344200	NA	NA
"Q15345"	NA	NA	NA	NA	NA	NA	NA	NA	NA
"Q15361"	NA	NA	NA	NA	NA	NA	NA	NA	NA
"Q15363"	70744848	53861828	52843168	90042544	67598720	94341832	86684616	56028100	107429288
"Q15365"	385828544	397606528	392239520	438649152	434737824	426943264	365750400	361102432	371052992
"Q15366"	250564048	246588272	254473504	179743152	181143216	172338768	166627136	157588448	168317280
"Q15369"	87426192	98495792	104512136	93618128	99998672	101238152	122767696	127207896	130393016
"Q15370"	112910032	106330272	110924168	88975904	79048360	73306512	108659976	110160056	105038280
"Q15382"	41816444	44108252	44139760	39233540	42117240	51450028	55425128	50968124	52542404
"Q15386"	12600417	11813495	10983661	9797928	11699485	13666346	14280352	12829896	11339985
"Q15388"	62417004	67182008	62008916	51608616	41259156	51295392	53105052	50849060	46075424
"Q15392"	18460500	14095287	17205660	25413288	23559256	25992254	31456118	30394446	30405306
"Q15393"	102593408	104914544	105104592	64740152	66663820	65504372	74582896	73894912	68405496
"Q15397"	16133227	16474661	16733854	8415969	9804300	6297317	10377732	9316177	10555767
"Q15398"	NA	NA	NA	NA	NA	NA	NA	NA	NA
"Q15404"	36951648	34681088	27297846	60740392	56567840	47718148	42076220	43176056	42109000
"Q15417"	5158501	5545709	5672221	NA	NA	NA	NA	NA	NA
"Q15418"	57575852	52419556	55736560	49114376	52115332	46779916	77619752	80932136	76715352
"Q15424"	129771784	137897056	135430448	87822768	80583104	83199136	80949152	79869888	90960800
"Q15427"	78947904	57280032	58073176	66016000	58420104	40254136	26899364	27955646	37577996
"Q15428"	23906854	31075762	30980276	16670022	19209556	17004480	23162880	19168046	19053490
"Q15435"	22141102	26515736	30066580	23609346	20995066	24246574	32141418	31094380	29290924
"Q15436"	12646440	10920192	8897618	20876428	30503032	15186097	18706792	26263776	27733968
"Q15437"	51824684	53294696	52838096	63522792	60325488	59680648	64931864	68351824	70945568
"Q15438"	4242307	8684281	7135225	12302876	12080365	13758036	10191269	8071153.5	10966062
"Q15459"	93379032	91603496	95958688	43612680	42051456	47334636	49501040	46111404	48344048
"Q15464"	NA	NA	NA	NA	NA	NA	NA	NA	NA
"Q15477"	11855960	12299925	9356036	10406021	12615015	9171467	11785990	10798444	12295041
"Q15527"	NA	4286611.5	1991543	NA	NA	NA	NA	NA	NA
"Q15528"	594195.3	NA	NA	NA	NA	1273118.6	NA	NA	NA
"Q15532"	13965108	13583969	13250932	10968635	9628194	9391348	NA	6434369.5	6718273
"Q15542"	NA	NA	NA	NA	NA	NA	NA	NA	NA
"Q15545"	8113929	6040003	5020093.5	5604157	NA	3923522.5	2275081	NA	6965441
"Q15554"	5911553	6909013.5	6322705	1053839.6	3753614.8	4724320	2499341.2	2774907	4408808.5
"Q15555"	23268292	22801474	21363212	13319785	14924769	10563267	13104113	11441377	13910903
"Q15582"	3137471	2879114.8	2308879.8	9650176	6870967.5	8846473	4061641.8	7532441.5	5376790
"Q15596"	NA	1688091.4	2530603.2	NA	NA	NA	NA	NA	NA
"Q15628"	13129382	10374274	11355088	22800238	17381180	21709804	14696372	21542752	11512131
"Q15629"	35477920	36045684	34912788	51170748	70907312	63016104	52545100	51940760	53448224
"Q15631"	53129532	48445948	43896960	41709468	42706712	40494336	42986604	41743624	40270856
"Q15633"	4836938.5	4313041.5	6507157	NA	14753851	NA	3575585	NA	NA
"Q15637"	118597720	117879928	126448824	63491980	53890376	54488472	51725980	49512412	47019076
"Q15642"	8669302	7319441.5	6988148.5	22345654	17756266	16080444	16178506	18245486	17023032
"Q15643"	7193398.5	6614006.5	6814138	7186733.5	9603411	5803674.5	5715488.5	9730761	7342227
"Q15645"	6058120	6722455.5	7917029	NA	NA	NA	NA	NA	3861579.8
"Q15646"	10072053	9478527	8169592.5	98909648	101308248	106702496	NA	NA	NA
"Q15648"	5026440	5494469.5	4626366.5	NA	NA	5703323.5	NA	4614581.5	NA
"Q15650"	14604956	13169444	11131691	8821005	15382652	14224581	9285709	10231941	14440267
"Q15651"	798966080	876295680	872750140	574180160	808330430	586630850	298672256	252753152	360679840
"Q15652"	10651108	10464552	9540040	NA	NA	NA	NA	NA	NA
"Q15653"	NA	3502169.5	6675306.5	NA	2265709.8	3038267.2	NA	NA	NA
"Q15654"	48868488	51650508	50993744	33920060	37297828	36994248	25686980	26556664	23889992
"Q15691"	219993632	224028592	206863296	192481440	193124272	187147264	153897600	148825856	159471888
"Q15714"	28786966	25895008	30385274	98717912	105119800	115447416	136818304	123353736	140807008
"Q15717"	124837128	126203184	134465264	60888408	59288780	58661188	78878168	82996840	84030168
"Q15738"	14406288	15965738	16944960	24413592	25419190	23285520	27482140	25635820	27873554
"Q15742"	21081164	22141044	20830024	8216960	8176326.5	6400725.5	1511984.4	NA	4420648.5
"Q15746"	NA	NA	NA	10815295	10134413	13192577	12367857	12683815	12776612
"Q15750"	8761017	11403034	10637321	9179366	8413046	8649828	12679576	10186507	9297478
"Q15751"	NA	NA	NA	NA	NA	NA	NA	NA	NA
"Q15758"	31161842	31751176	28845898	41265340	47613124	44020580	51596692	49694228	50789764
"Q15762"	NA	NA	NA	NA	NA	NA	NA	NA	NA
"Q15785"	28906746	31326438	32884758	27007014	30037752	31411592	35019524	32167878	34523232
"Q15796"	6884566	7141646	7249497	3038061.8	3102801.2	1654062.6	2126830.2	1351321.9	2215634
"Q15800"	17476332	17135184	18026562	3780865.2	NA	5079024	22544994	20800928	20192870
"Q15813"	37196252	36186976	38919076	24627914	25478676	22395858	24034992	23786340	25285400
"Q15814"	11514128	10770040	14430133	7924390	6095711.5	9221713	9616029	NA	5188477
"Q15819"	143409248	139623328	156684864	132668440	114444616	126549576	142050752	141402016	134005056
"Q15833"	90395320	93046592	88994688	80038880	89182416	80478416	83954456	75627992	80411600
"Q15836"	46611092	56839364	70501792	70014728	54571928	47490556	70009352	76502208	69450176
"Q15843"	57168068	34890208	33625436	87357344	31060952	59967584	55381856	66644744	53261112
"Q15853"	7779657	7848182	5528350.5	5654754.5	NA	5458223	5651853	NA	5748060
"Q15904"	33550416	27399218	29714292	21114392	21416088	18856432	26417100	31514802	23288392
"Q15906"	NA	4269609	4294891	NA	NA	NA	NA	NA	NA
"Q15907"	148545920	140340768	134924864	190607936	163911440	194164544	186262432	180681792	178112832
"Q15910"	11073404	11305930	11290879	NA	6008390	NA	2534085.8	4889332.5	NA
"Q15942"	319415424	313658656	316706240	438791680	388375968	418237888	406168640	415370976	403635744
"Q16134"	5488999	3463667.5	5422262	6435587	8860452	9916427	9224371	6190698.5	7739912.5
"Q16143"	NA	NA	NA	18160126	16853346	22758270	48278944	52634008	46555640
"Q16181"	86016432	90427984	92287600	74195152	74749064	83968352	74858192	82393408	78399304
"Q16186"	89373640	101570168	104917712	97299600	108105680	108052512	109283280	99330096	97648848
"Q16204"	22514582	24279990	23646772	14057412	22736720	20285744	16604047	16478974	19566044
"Q16222"	11074667	12980568	9648576	12167491	12828661	8389139	10222670	6530454	8896416
"Q16254"	11376761	13261181	6860975	NA	NA	NA	NA	NA	NA
"Q16270"	NA	NA	NA	NA	NA	NA	NA	NA	NA
"Q16342"	NA	NA	NA	NA	NA	NA	NA	NA	NA
"Q16352"	9013837	10695495	9318670	53584768	49574744	45829248	17697232	20358446	21986742
"Q16401"	9938733	11095261	10575725	12590075	12234318	14054797	12888743	12119474	13654621
"Q16512"	44863220	43700320	44787456	40201848	41910596	39724452	27329048	30177538	27765538
"Q16513"	3795826.8	3657899.5	NA	NA	5896088	4270454.5	NA	NA	NA
"Q16514"	2813629.2	3219650.2	2478395.5	NA	NA	NA	NA	NA	NA
"Q16531"	64137308	66561632	67570864	53548568	51113744	50852628	51838072	52293816	52610632
"Q16537"	10926234	8623796	8359926	7214961	7019395	9611261	10998291	8087208.5	10449547
"Q16539"	21815468	24731770	24320502	23346090	25816848	25415382	30612224	28195880	29036516
"Q16540"	14804072	13024371	14013729	11290518	13164570	12022881	15159943	13837391	14912498
"Q16543"	162195888	184046592	174619248	155649552	169870832	162444224	200294080	186007680	195016032
"Q16548"	3435437.2	NA	NA	NA	6328093.5	NA	NA	NA	6567920.5
"Q16555"	336344704	320346496	307790784	412114368	384709216	416032960	482251200	500522752	539755330
"Q16563"	45839480	51163760	42271744	51884844	58802716	61790192	38066476	35792860	39963540
"Q16576"	126691096	125720496	110536952	35893536	35893148	36342000	32025936	29358408	35044088
"Q16594"	7099519	NA	1983102.9	NA	NA	NA	NA	NA	NA
"Q16595"	19964798	16521444	NA	NA	4332724.5	NA	NA	NA	NA
"Q16610"	18571544	19211210	17082598	10737532	8131561	10164283	5762650	5304536	NA
"Q16611"	12770864	15340421	13782206	44543976	49656796	47385524	36886928	34157236	37288080
"Q16626"	NA	NA	NA	NA	NA	NA	NA	NA	NA
"Q16629"	181041520	179708992	187093680	148166288	129291200	136074480	121936984	127747752	118221256
"Q16630"	61174384	67404936	68089856	39370624	39784304	47945332	38479536	38107512	38774360
"Q16637"	12453537	13756182	13349847	3620714.8	9599534	7767257	8038268.5	7121772	8007021.5
"Q16643"	13388431	12882188	12462203	17943524	21285824	22183526	71965312	74791224	79094768
"Q16644"	7410681	8183733.5	9070554	7331872.5	11886227	12235936	18942048	19527152	16092459
"Q16649"	NA	NA	NA	NA	NA	NA	NA	NA	NA
"Q16656"	6913379	6839724.5	5085627	NA	NA	4636544.5	NA	NA	NA
"Q16658"	221998080	223779040	222614944	307858464	322446528	304836544	407646624	401014016	422557216
"Q16666"	70942016	68609176	69008528	183830048	167588496	174884608	57096516	55970652	57379828
"Q16698"	110718328	104173312	113740616	183435376	177494848	185736864	203790128	210543600	203093152
"Q16706"	6840160.5	6222182.5	5515661.5	5036769.5	7600560.5	NA	3934477	5199619	6215718
"Q16718"	31534080	34518264	41468600	21160794	23540970	19802760	27123918	29168818	29486004
"Q16719"	56957880	61054784	52894800	145779504	161297040	149414336	84921672	83718272	89253464
"Q16739"	NA	NA	NA	NA	NA	NA	2423555.2	NA	2689957.2
"Q16740"	24227692	25308844	24032944	41002200	41571372	43296976	37960608	45667452	50396636
"Q16762"	19969934	16152009	18871420	15528688	17337800	15404553	17274332	15979896	17978634
"Q16763"	NA	NA	NA	NA	NA	NA	NA	NA	NA
"Q16774"	12467485	14500452	11826660	21523654	18361308	22049122	13989033	14724871	11683282
"Q16775"	20657362	21243070	20678482	23309888	28762726	24942784	31787780	33386284	28590138
"Q16777"	19315922900	19392632800	17526816800	10886480900	10187428900	7565174300	8511374300	8490458600	5920313300
"Q16795"	14155887	15285618	14221960	16685316	18255898	19268576	17273768	17835296	18213718
"Q16799"	48097436	47053436	45587796	61498352	57795464	55538944	68434568	70275752	76010864
"Q16822"	22028592	21024364	23222884	48294140	47782060	50481924	58220940	59702308	56304532
"Q16828"	2172683.8	2556729.8	1538421.6	2195030.5	NA	NA	NA	NA	1501393.6
"Q16831"	17707600	13807509	18868744	189617856	172470352	183872576	225212416	231241120	208987968
"Q16836"	352326016	328666560	307794048	362609856	268747808	300966720	271036224	302654528	269369824
"Q16850"	19716100	16751887	20609874	NA	NA	NA	NA	NA	NA
"Q16851"	77225672	76177832	77315360	71925288	70272800	73070672	63723848	63135128	63373736
"Q16854"	6736604.5	NA	5415256.5	8615687	8405617	7114542.5	5254256.5	6320078	5524846
"Q16864"	54370804	54824852	48068472	53577088	52015436	55841380	63763968	54086672	56144200
"Q16873"	23666686	15816126	17310172	11865523	12701227	10837500	NA	NA	NA
"Q16875"	10022489	15624410	12856195	17417464	14954899	23438930	10454689	10468585	37813384
"Q16877"	4659119.5	2951971	3083613.2	12053013	11656562	15656804	10095759	10540288	9834012
"Q16881"	100534912	97965768	94126704	104033496	112276784	103441200	115916752	124098616	121304536
"Q16891"	98192344	97866688	96205744	108831360	103756176	112780624	113728576	116579400	118248696
"Q17R31"	NA	NA	NA	NA	NA	NA	NA	NA	NA
"Q17RN3"	NA	NA	NA	NA	NA	NA	NA	NA	NA
"Q17RY0"	NA	2285279.2	NA	4282907	5758736	6017226	6974734	5918777.5	5730547
"Q1ED39"	NA	NA	NA	NA	NA	NA	NA	NA	NA
"Q1KMD3"	68849904	75988320	75615264	64406408	67660464	65026808	73791088	70721072	71930832
"Q27J81"	26028820	23373684	24987968	36944600	38869472	37129072	34646836	36383844	35042564
"Q29RF7"	46290920	46214240	42423560	24518540	20709194	20340664	18256618	20937060	17417386
"Q2KHT3"	8677692	6169717.5	13279337	5258685.5	NA	NA	14930467	8353349.5	13531427
"Q2M1Z3"	5022116	3048656.2	3477982.2	NA	NA	NA	NA	NA	NA
"Q2M296"	NA	NA	NA	NA	NA	NA	NA	NA	NA
"Q2M2I8"	24706516	25276552	24545718	24144680	21878188	21101216	27096198	27280930	27497382
"Q2M389"	20951094	20651606	16982738	22614462	23183886	20335486	17238500	18426626	19645000
"Q2M3G4"	NA	NA	NA	NA	NA	NA	NA	NA	NA
"Q2NL82"	9605993	11354111	9948726	8851382	NA	9447211	8956971	6559846.5	8820781
"Q2PPJ7"	NA	3246315	4649729.5	NA	NA	NA	NA	NA	NA
"Q2PZI1"	NA	NA	NA	NA	NA	NA	NA	NA	NA
"Q2TAA2"	26785004	24178366	23298826	17636560	20021180	13066277	18203142	16608125	21588650
"Q2TAA5"	NA	5441177	4781452	5873887	14228279	NA	4342384.5	3520906.8	7758226.5
"Q2TAL8"	5276736	4118509.5	5122054.5	2746287.2	2569480.8	2585466	3529244.8	2511047.2	2494476.2
"Q2TAM9"	NA	NA	NA	NA	NA	NA	NA	NA	NA
"Q2TAY7"	20587694	23263982	23030358	14801568	18234502	18761476	17763036	18974506	16763225
"Q2TAZ0"	NA	NA	NA	NA	4600130.5	NA	3102831.8	4698926.5	NA
"Q2TB10"	NA	NA	14413662	NA	17509086	NA	4898144.5	NA	NA
"Q2VPB7"	1364667.9	1371548.8	1027679.4	3111038.5	2791090.8	1301816.4	NA	NA	1505276.8
"Q2VPK5"	NA	NA	NA	NA	5071681.5	NA	5356490	4168918.2	5490663.5
"Q30154"	3306752.8	NA	4454491.5	26721306	20836934	19333246	NA	NA	NA
"Q32MZ4"	117121424	112967328	109232232	110852736	112934400	110000016	139805600	145761408	138808176
"Q32NB8"	NA	NA	NA	NA	NA	475965.25	989500.7	2162509.5	NA
"Q32P28"	50522876	52953336	53656524	26992360	22584844	23756942	34181752	32664364	34712288
"Q32P41"	6180912.5	4726499	5262500	NA	6849914.5	10299732	8315393	8075685.5	7236530.5
"Q32P44"	12809561	9805010	14993367	17587642	18331580	16281434	24250538	23592034	20278548
"Q330K2"	NA	NA	NA	NA	NA	NA	NA	NA	NA
"Q3B726"	8975472	10251801	8791092	NA	NA	NA	NA	NA	NA
"Q3KQU3"	36800104	35358744	37798356	25363252	24993138	28351618	28225316	28014106	25048386
"Q3KQV9"	18233942	15305703	18838042	29570462	29925026	27115120	31323960	33356390	32087022
"Q3KRA6"	NA	9532044	5340356	NA	7498166	5343036	7576732.5	NA	7061862
"Q3KRA9"	1221633.6	NA	1140219	NA	NA	NA	NA	NA	NA
"Q3LXA3"	17455678	16840976	17036420	15066560	15204739	13315397	14925267	12634448	13636613
"Q3MHD2"	52732624	55168924	49609488	37187184	44355440	44319272	30054866	31645750	29162508
"Q3MII6"	NA	NA	NA	NA	NA	NA	NA	NA	NA
"Q3MIP1"	NA	NA	NA	NA	NA	698200.94	272743.25	197881.47	NA
"Q3SXM5"	907001.2	1624476.5	2067988.9	5665966	5908526	4695462	4767162.5	4165349	5114556
"Q3SY69"	26050284	27540106	26868504	25276380	25346042	25081412	29088878	28363358	28943330
"Q3V6T2"	24514990	24492490	23371902	16269598	16486581	16486479	15582069	16682034	15523953
"Q3YBR2"	NA	NA	NA	NA	NA	NA	NA	NA	NA
"Q3YEC7"	27494212	29580552	24515582	21290388	22710024	20191850	21165376	20055786	23448350
"Q3ZAQ7"	11683102	18606432	20084702	10836570	NA	7064710	11117518	NA	4297131
"Q3ZCM7"	7212779	11223517	NA	NA	NA	NA	NA	NA	NA
"Q3ZCQ8"	26209346	25885538	25173692	28242016	28332428	26813746	33704272	31329372	32978172
"Q3ZCW2"	NA	NA	NA	NA	NA	NA	NA	NA	NA
"Q460N5"	8094040	5239911	7935001.5	20732872	22120606	17046168	3034826.8	2043424.1	1789298.1
"Q496Y0"	NA	NA	NA	NA	NA	NA	NA	NA	NA
"Q49A26"	24409506	25994040	25653714	17628780	17816568	18200134	19547448	18145346	20461406
"Q49AN0"	NA	NA	NA	NA	NA	NA	NA	NA	NA
"Q49AR2"	NA	NA	NA	NA	NA	NA	NA	NA	NA
"Q49B96"	NA	NA	NA	NA	NA	NA	NA	NA	NA
"Q4ADV7"	1632227.5	829439	506585.03	1701130.2	1510574.9	2601420.5	1075292.8	1374489.2	856889.5
"Q4G0F5"	17123114	18975272	15049427	13187326	10103754	15655644	16331927	15086591	14563622
"Q4G0I0"	9833284	8338973.5	5213599	7944419.5	10238917	13117843	9635337	7042853.5	14000762
"Q4G0J3"	20924392	19170592	22727388	13635096	16270274	16765669	12415735	13815094	14618129
"Q4G0N4"	13534949	12172520	12977479	13341909	14699903	14968392	12295049	7814060.5	12741889
"Q4G176"	4766669.5	6549755.5	6721456	9667998	9586230	8428600	8471523	8283513.5	8040608
"Q4KMP7"	14932135	15837103	17605704	18753958	19144736	17959812	18150412	19166226	19336194
"Q4KMQ1"	7622618.5	7002610.5	7374389	11313757	NA	NA	6422205	10770124	8342912
"Q4KMQ2"	24812632	25526534	20129476	21689330	20804460	21947594	26551868	23957892	29034568
"Q4KWH8"	35813488	37754544	33084998	35941660	27750294	34129128	36487200	37188948	29653436
"Q4LE39"	1521153.5	2137671	2962341.2	NA	1134530.8	NA	NA	NA	NA
"Q4V328"	42596284	38761016	35235788	39501992	44924204	43618048	37484324	42976772	39340012
"Q4V339"	NA	NA	6435484	NA	NA	NA	NA	4277375.5	NA
"Q4VC31"	22380470	21026040	19987948	17595366	16428497	14410346	17232456	18743046	21599996
"Q4ZIN3"	NA	NA	NA	NA	4888464	NA	NA	NA	1238233
"Q52LJ0"	38782744	42430332	40310508	27934364	24609194	23055920	23546156	25539550	22751310
"Q53EL6"	4799600	4939114.5	7484996	10573413	3725599	NA	2807557.2	NA	NA
"Q53EP0"	7941499	11266833	9957512	7740740.5	3861470.8	8953266	3855910	10631873	3539613.8
"Q53ET0"	14667990	11652556	12855587	9808569	17498764	11544563	9392204	9551583	8796082
"Q53EU6"	15706940	14747163	14755001	11868443	12939577	12488956	12564326	9874659	12656122
"Q53F19"	8772209	7367968	9553110	7536834	8033869	6821994	7851302.5	5005641.5	7951180
"Q53FT3"	7132851	NA	NA	NA	NA	NA	NA	2827203.8	3856747.5
"Q53FV1"	8386746	8239625	5664582	12182728	11470627	13273752	5551638	6897225.5	NA
"Q53G44"	4886568	3464178.2	4591058	24270790	25470692	29228704	NA	NA	NA
"Q53GL0"	4631653.5	4845614	4136320.2	12552942	12875699	12057969	1785047.8	1595625.9	973533.94
"Q53GL7"	17947106	16979696	14210500	36072996	28856976	30349726	NA	11040537	11290816
"Q53GQ0"	97784848	109398952	114409688	122523304	134256384	125148792	134664816	127649720	123593464
"Q53GS7"	NA	NA	NA	NA	NA	NA	NA	NA	NA
"Q53GS9"	21740006	21597884	19499426	17188412	16027676	13695330	16086638	12489952	16391892
"Q53H12"	20170286	26387198	24341678	14417701	24903342	28347886	22682808	27584494	30357392
"Q53H47"	NA	NA	NA	NA	NA	NA	NA	NA	NA
"Q53H80"	1481665.5	711029.1	1441441.2	NA	NA	NA	NA	NA	NA
"Q53H82"	55394636	58700276	59389304	40991624	42989480	44149840	42122928	41566656	42741480
"Q53H96"	22391214	21992934	27236848	19892496	21212388	24137610	28025248	25095592	22208568
"Q53HC5"	NA	NA	1537668	NA	NA	NA	729125.3	NA	NA
"Q53HC9"	11101818	11689912	11873971	8359924.5	11832237	11610616	11868773	11853927	12260434
"Q53QZ3"	19519596	19097484	18971224	9550313	9290297	9146779	7077252	8022109	5622679.5
"Q53S08"	10871688	13613240	14539342	20433654	21886306	27759502	16262930	16048180	3582172
"Q53T59"	13560765	13933061	15430527	13259258	14264994	12836107	11269629	11960106	11037838
"Q53TN4"	NA	NA	NA	NA	NA	NA	NA	NA	NA
"Q562E7"	4172845.5	4879333	5443691.5	5424057	7338221	4817696	2737800	4357345.5	4178959.8
"Q562R1"	11366935	13539349	53470404	60766452	65538404	29074236	22273680	41778408	28955098
"Q567U6"	28539634	23467380	29502522	27521480	28544752	25207772	30197478	29718880	31911160
"Q56UQ5"	NA	NA	NA	NA	NA	NA	NA	NA	NA
"Q56VL3"	4112751.5	4599594.5	3396848.8	6043084.5	5125828	5966146	NA	NA	NA
"Q587I9"	5301588.5	2048914.2	NA	NA	NA	NA	2316437	NA	NA
"Q58A45"	NA	4361348	5292397	NA	NA	NA	NA	NA	NA
"Q58FF6"	179447728	141362128	209799936	137256976	130699848	112539632	121145176	164009568	149590768
"Q58FF7"	NA	NA	NA	NA	NA	NA	NA	NA	NA
"Q58FG1"	NA	14028540	16673922	NA	5623751.5	7718357	8029755.5	10204833	4304136.5
"Q58WW2"	NA	2152813.5	2274566.2	NA	NA	NA	NA	NA	NA
"Q5BJD5"	53265660	37768564	28525776	42832504	32323514	43634952	43504612	42732080	31561430
"Q5BJF2"	7057773.5	9089819	10039173	6890824.5	8244069	8232643.5	8443092	9780916	6425483.5
"Q5BJF6"	NA	NA	NA	NA	NA	NA	NA	NA	NA
"Q5BJH2"	8828456	6593544	7381197	5614296	4581493.5	7084891	3715965.5	NA	NA
"Q5BJH7"	9672377	11434599	7845428	15229539	15657805	12812607	11044652	9527285	12995125
"Q5BKT4"	NA	NA	NA	NA	NA	NA	NA	NA	NA
"Q5BKU9"	NA	NA	NA	NA	NA	NA	NA	NA	NA
"Q5BKZ1"	20150196	18824216	19125946	15135016	12674301	14712816	11053464	12156911	12322306
"Q5C9Z4"	3433999.2	6966165	4304704.5	NA	NA	NA	5278122	4577000.5	4657824
"Q5EBM0"	27777858	25560926	24430306	133503024	136215264	99539840	9721747	9712551	8063445.5
"Q5EG05"	NA	NA	NA	11683400	10224872	NA	NA	NA	NA
"Q5F1R6"	8759209	11462668	14641785	6751936.5	NA	NA	NA	NA	NA
"Q5GJ75"	NA	NA	NA	3842714.8	NA	NA	9394762	8608333	10171002
"Q5GLZ8"	23908044	18428900	21299748	59908260	63575992	60449000	31582456	32391174	32282654
"Q5H8A4"	NA	3519914.2	3362167.8	NA	NA	NA	NA	2846016.8	NA
"Q5H9R7"	21276604	20069732	22001992	16772044	15683907	16892198	17214846	18616788	16950266
"Q5H9U9"	13964309	14682138	13916450	14432613	15223945	15169443	7912898	10516031	8367903
"Q5HYI7"	783416.75	3639847	NA	NA	2030710.8	NA	2144539.8	NA	NA
"Q5HYI8"	12303584	10380771	10763214	9540875	9308547	8484931	8766277	7645606	9472164
"Q5HYJ3"	6765777.5	6251869	6380391.5	NA	5127112	6653702.5	NA	NA	NA
"Q5HYK3"	7450451	7248138.5	10019573	4483083	3201068.8	4508985	3936272	3517947	5422872
"Q5J8M3"	16738291	12487388	13439635	19910078	21087078	15941563	17058130	17707114	26376388
"Q5JPE7"	38865864	37967292	36020392	48302676	46173352	44127000	51873192	52501512	53378876
"Q5JPH6"	7139372.5	NA	9867311	7461358.5	12747310	12318710	9818553	11295434	5052656
"Q5JPI3"	5456763.5	1672335	5933082.5	1676536.2	4800764.5	NA	NA	NA	NA
"Q5JPI9"	NA	NA	NA	NA	NA	NA	NA	NA	NA
"Q5JRA6"	16879640	18723774	18109876	19484692	22647882	17552440	16014179	18652494	15707853
"Q5JRX3"	21764020	25215440	23521772	29753474	34140152	29891722	35594360	33914556	35969292
"Q5JS37"	NA	NA	4063788.2	7656545	6874213	3810120	NA	3348892.2	4021931.2
"Q5JS54"	NA	NA	10355107	NA	NA	5024920	NA	NA	5697732
"Q5JSH3"	7525936.5	5993970.5	6533732.5	10355722	10184608	6311275.5	6909509	8352807.5	7623434
"Q5JSL3"	18066910	14187716	15427735	14644765	17288440	14565046	12191173	12679832	13340193
"Q5JSP0"	15727849	15926749	14315661	14185601	13856984	10900681	11317925	8663175	6351239
"Q5JSZ5"	NA	NA	NA	NA	NA	NA	NA	NA	NA
"Q5JTD0"	8514709	9831016	7200253	6915714.5	7477060.5	7272392	6424930.5	6447005	5922309.5
"Q5JTH9"	19642888	19706680	21352046	11901563	13535392	13414886	19038532	19339284	17711766
"Q5JTJ3"	46834876	48918352	49051876	34883288	36370260	41718808	37226244	39560860	33273244
"Q5JTV8"	90962352	91947432	86764368	104576568	98504488	99697624	76441512	73633216	70248704
"Q5JTZ9"	33472414	32240780	31643802	24974566	28573752	25999986	35833508	37458116	36818484
"Q5JU69"	7336180.5	5762738.5	7437938.5	11005634	10913781	9023023	7711649.5	7999486.5	6667169
"Q5JU85"	NA	NA	NA	NA	NA	NA	NA	NA	NA
"Q5JUQ0"	NA	NA	NA	NA	NA	NA	NA	NA	NA
"Q5JVF3"	9156660	9086431	9234886	7593864.5	8301677.5	5574651	3985589.5	3091006.2	6499689
"Q5JWF2"	35818068	36870816	34557776	18837434	20346894	25131618	13475739	14276339	11721046
"Q5K4L6"	8046452	6837776	8241095	11955541	11621081	11107740	16147553	16563908	14928552
"Q5K651"	18694622	18300498	14975919	47461868	51343772	49643388	13174842	11387950	12776003
"Q5M775"	6848536	5279998	4158919.2	NA	NA	NA	NA	NA	NA
"Q5MIZ7"	11364503	7279913	10741290	NA	NA	NA	NA	NA	NA
"Q5MNZ6"	NA	NA	NA	NA	3734560	3688897.5	3952526.8	NA	NA
"Q5MNZ9"	NA	NA	NA	14725385	14880658	16047243	NA	5100038.5	5968273
"Q5NDL2"	2206439.8	2130751.2	2085035.9	3526470.2	3783672.8	3275889.8	3167877.2	2056946.9	NA
"Q5PRF9"	4618151	4120166.5	5300669	3695647.8	NA	11031976	6361461.5	7381781	7057029.5
"Q5QJE6"	13220983	12738379	14229826	7102765	NA	9757532	12558519	6840481.5	7893475.5
"Q5QP82"	NA	NA	NA	NA	NA	NA	NA	NA	NA
"Q5R372"	24000340	23683072	23827642	13134605	14086961	15367705	18490258	19475068	18424070
"Q5R3I4"	3878308.8	3266263.8	3299013	5734599	9648365	NA	3347368.8	3163790.5	2730495
"Q5R3K3"	NA	NA	NA	20596266	19200700	20750354	NA	NA	NA
"Q5RI15"	42730936	39203980	41150180	46678612	49691632	52369468	41485888	45620828	43450244
"Q5RKV6"	11649380	9524879	11438157	11702814	6694280	7463304.5	6979599.5	5961969.5	7936413.5
"Q5S007"	NA	NA	NA	NA	NA	NA	NA	NA	NA
"Q5SGD2"	NA	NA	NA	NA	NA	NA	NA	NA	NA
"Q5SNT2"	NA	NA	2687766.2	2131466.8	2667953	NA	3061749.2	2620572.5	1850775.8
"Q5SNV9"	40346208	NA	38980264	13466824	12900242	11115386	18051166	17726272	15067977
"Q5SRE5"	17801072	19099748	18318880	15560215	16973872	13211897	10433000	6249841	11953952
"Q5SSJ5"	161055744	166142208	171016560	98712424	98663296	97070848	90357008	87448864	82146312
"Q5SW79"	60992960	59033256	60793388	54004692	50300804	54700064	47351936	48097872	45561524
"Q5SW96"	1159107.5	NA	NA	NA	NA	NA	2378090.5	NA	NA
"Q5SWX8"	5475703.5	2918174.8	NA	6764309	5405854.5	NA	NA	NA	7904800
"Q5SXM8"	NA	NA	NA	NA	NA	NA	NA	NA	NA
"Q5SY16"	3713983.2	3262724.5	2805792.2	NA	1291348.9	9675605	8310142.5	5219235	5718110.5
"Q5SZL2"	NA	NA	NA	NA	NA	NA	NA	NA	NA
"Q5T011"	NA	NA	904580.5	1808845	2318773.2	NA	657786.7	982033.94	1213093.1
"Q5T013"	15340992	16326702	17456906	14000898	12442651	13476397	10547436	12208941	11981512
"Q5T0D9"	6075273	NA	6840072.5	NA	NA	NA	7718637	8883359	5568286.5
"Q5T0F9"	14755911	14407071	14699511	20587152	19253404	19473214	16140692	16841100	15476222
"Q5T160"	7406684	3776811.5	4740233.5	8589906	8482282	9981937	8928055	8961889	6847852.5
"Q5T1C6"	1574640.6	1571571.5	NA	NA	1451654.5	NA	3883078.2	4509724.5	4324388
"Q5T1M5"	22956934	23362592	22813396	28580964	27833508	28179972	33391006	32123858	31156906
"Q5T1R4"	8896299	6502919	5240045	NA	3879968.8	2283388	3023224	3279859.8	5688417.5
"Q5T1V6"	3725688.5	4141168	3413283	NA	NA	NA	NA	NA	NA
"Q5T200"	8269345	8213710	9418742	6389144.5	7763280	5670523	3089879.8	5104727	4540705.5
"Q5T280"	10409409	9480861	3037340.5	NA	NA	NA	NA	5401914.5	4777998.5
"Q5T2E6"	3107722.8	2711129.8	2774573.5	3761322.8	5285331.5	NA	NA	3246136.5	4071632
"Q5T3F8"	NA	4708421.5	12049966	4374495.5	4487200	3764618.5	3634531.2	5750792.5	3462423
"Q5T3I0"	6440553.5	6331793	6157212	NA	NA	NA	2202947	3181925	NA
"Q5T3J3"	5715513	7003191	7513199	NA	6046945	NA	NA	NA	NA
"Q5T440"	8891864	8530426	7728502.5	10348697	7822813.5	8643217	4140700	5994663	6502238
"Q5T447"	2545398.2	5430120	3661987.5	NA	4520122	NA	3591982.8	2392596	3894299.5
"Q5T4S7"	16987280	16470340	15148346	22912418	22488538	22169508	24796566	24689162	24608744
"Q5T5C0"	NA	NA	NA	NA	NA	NA	5375264.5	7153167.5	NA
"Q5T5Y3"	13100005	19609176	20625938	13085887	14016688	13306928	9720802	10653288	12885588
"Q5T653"	24079086	23267200	21808378	16418615	15079344	18982464	24741794	25124070	21024360
"Q5T6F2"	21032800	17941204	14660770	NA	6072632.5	NA	4850930.5	5758788.5	6540351.5
"Q5T6J7"	NA	3446107	3715087.5	NA	NA	3025946.8	4087532.8	NA	4084558.8
"Q5T6V5"	8695329	9980039	9117552	12347337	11025581	10411912	12439483	11614614	12390226
"Q5T7V8"	NA	NA	NA	6224205.5	6033112	5973237.5	NA	2110585.2	NA
"Q5T8D3"	NA	1690528	NA	2619480.5	8691788	9616870	3456342	NA	3216663.8
"Q5T8P6"	10562942	12629226	12317282	8719122	9326814	11507070	9077363	8613978	9757436
"Q5T9A4"	11053529	13477244	17986912	13714427	14016156	NA	16667284	13686472	16765232
"Q5TA45"	3484221.2	5720983.5	5194038	3979609	3829842.5	4493981.5	2669044.8	3182099	2324666
"Q5TAQ9"	12499893	14003183	15174530	11836308	7866329.5	NA	13699902	20566536	18009684
"Q5TBA9"	2085584.4	2075110.5	2153490.5	NA	NA	NA	NA	NA	NA
"Q5TBB1"	42123172	40547132	43120156	12776664	9387481	12879244	5329793	12730975	NA
"Q5TBK1"	NA	NA	NA	NA	NA	NA	NA	NA	NA
"Q5TC82"	1739304.4	1092526.2	1246218.8	NA	3539044.2	NA	NA	NA	1956264.5
"Q5TC84"	14532669	15968825	12524592	27142782	23868852	24317674	12652004	13280291	12200764
"Q5TCS8"	NA	NA	NA	NA	NA	NA	NA	NA	NA
"Q5TDH0"	30425926	30418496	31225416	36414432	36155952	42019416	41117872	43417064	36719504
"Q5TEC6"	2064364930	1945549060	1948326020	1637040770	1189257220	1123669630	1298916860	1300192770	1121799550
"Q5TEJ8"	12694153	11253645	12925164	34723808	38770564	33437888	13189193	11669573	11819303
"Q5TFE4"	12296524	13293504	13643848	2957698	11224016	6010602	4251529	8934411	3314730.5
"Q5TFQ8"	NA	NA	NA	NA	NA	NA	NA	NA	NA
"Q5TGZ0"	NA	9103297	6909350.5	9308883	5653955	NA	13624325	11610974	9718800
"Q5THK1"	NA	NA	NA	NA	NA	NA	NA	NA	NA
"Q5TKA1"	3218290.8	2532797	2946067.5	NA	NA	NA	NA	NA	NA
"Q5U3C3"	4562452.5	6481072	3487766.2	2569470.5	6948773.5	2361510.2	5565928.5	2239397.8	2186854.8
"Q5U4P2"	1948580.6	1531633.4	2372858.5	NA	NA	NA	479799.38	827632.9	321925.97
"Q5U5X0"	47416044	55412772	49888536	18841530	24163548	24110168	24313294	34110844	22950920
"Q5UCC4"	NA	7193561	10021007	7509885	NA	8051089.5	NA	14515366	8698665
"Q5UIP0"	7276541.5	7589672	7452124.5	NA	NA	NA	NA	NA	NA
"Q5VIR6"	4405999	3610089.8	2376644.8	5330340.5	4438217.5	2746901	3748567.2	2190073.8	4887900.5
"Q5VSL9"	10302258	NA	5668504	10221276	6845474	17426094	15186851	14756175	13719161
"Q5VST6"	1720120.5	798580.4	NA	NA	NA	NA	NA	NA	NA
"Q5VT52"	10045842	9874276	11282793	8679336	9733489	10757234	8709151	9228149	9049213
"Q5VTB9"	NA	NA	NA	NA	NA	NA	NA	NA	NA
"Q5VTE6"	NA	NA	NA	NA	NA	NA	NA	NA	NA
"Q5VTL8"	11908156	11350795	9362483	8398494	10288654	8939605	12935427	10932851	9500252
"Q5VTQ0"	NA	5537396	1940836.2	10528145	11766352	11283033	16791804	14269377	13611084
"Q5VTR2"	22623684	23990702	26747268	14515254	10219363	12242667	9189322	11615669	5789460
"Q5VU43"	NA	NA	NA	NA	NA	NA	NA	NA	NA
"Q5VUA4"	4825415	4583747.5	3016970.5	4370383	NA	NA	NA	NA	NA
"Q5VUM1"	NA	NA	NA	NA	NA	NA	NA	NA	NA
"Q5VV41"	NA	NA	NA	NA	NA	NA	NA	NA	NA
"Q5VV52"	4265484	6041638	9183015	NA	NA	NA	NA	NA	2758545
"Q5VVQ6"	NA	NA	NA	NA	NA	NA	NA	NA	NA
"Q5VW32"	53121548	51191988	52761848	52610572	48733604	52389868	44150168	44153272	42635940
"Q5VW36"	NA	NA	1729821.6	NA	NA	NA	2563589.2	NA	NA
"Q5VW38"	NA	NA	NA	NA	12557523	12177700	6896553.5	7438020	6323487.5
"Q5VWC8"	1236534.8	1687143.6	1085648.2	1526867.5	924395.4	1062974.6	913160.94	NA	NA
"Q5VWK0"	NA	NA	NA	NA	NA	NA	NA	NA	NA
"Q5VWQ0"	NA	NA	NA	NA	NA	NA	NA	NA	NA
"Q5VWZ2"	28607872	32628638	32561742	31908608	34966780	31622170	32434718	37315788	32226414
"Q5VXU9"	NA	NA	NA	NA	NA	NA	NA	NA	NA
"Q5VYK3"	11121510	10957688	11308243	16941738	17889590	17894716	17775152	17749718	17841374
"Q5VYS8"	8639429	10193906	8226571.5	10545081	12367393	12476116	8755794	9668819	7988771
"Q5VYY1"	NA	NA	NA	30114922	28530964	26456792	NA	NA	NA
"Q5VZ89"	6721286.5	5241037.5	5096037	5410827.5	2588129.2	4693300	7779485	7485589	8100162.5
"Q5VZE5"	2317202.8	NA	NA	NA	NA	9564703	12738364	25214442	9596754
"Q5VZL5"	6734460	8127148	7440441.5	NA	NA	NA	NA	NA	NA
"Q5VZM2"	NA	NA	NA	1525605.1	NA	NA	338430.34	NA	NA
"Q5VZP5"	NA	NA	NA	NA	NA	NA	NA	NA	NA
"Q5W0V3"	NA	NA	2673054.2	NA	4431112	2340614.5	2202120.8	5349028.5	5138268.5
"Q5W111"	5596876.5	5336602.5	4650813.5	NA	NA	5147976.5	6614148	7828602	6190245
"Q5XKP0"	9638854	6120370.5	7734818	23376830	23271862	13702083	6014646.5	7404202	14516181
"Q5XPI4"	NA	NA	NA	NA	NA	NA	NA	NA	NA
"Q5ZPR3"	39550476	33564292	39675548	41533608	39297360	37895088	43211124	44304480	42789156
"Q629K1"	NA	NA	NA	NA	NA	NA	NA	NA	NA
"Q63HN8"	22574916	23834838	22349090	47536100	47024796	49194744	16588543	14964226	16553997
"Q63ZY3"	12148475	10623986	3711412	9211019	8602692	7686305	5034350.5	8559566	6312569
"Q641Q2"	19110288	19877714	22812852	22295004	27670500	20889504	17737812	17870926	18393430
"Q643R3"	2189175.5	8481762	NA	NA	NA	NA	NA	4377251.5	4460254
"Q658Y4"	9789681	10450230	11335161	13010403	18608168	14843292	18200890	14585445	13992990
"Q66GS9"	NA	NA	NA	NA	NA	NA	NA	NA	NA
"Q66K14"	12540172	12784942	14786419	18153790	17827028	19108254	20686124	20494658	20235830
"Q66K74"	30568830	30906552	30001692	85720408	86713808	78348144	82712000	85839824	83517400
"Q66LE6"	NA	2279582	NA	NA	NA	NA	NA	2178158.8	NA
"Q66PJ3"	11400228	9384705	8873393	NA	NA	NA	NA	2953131.5	2340916.2
"Q676U5"	2589438.5	3952881	2965107.5	6579777	5261070.5	4426050	4264586.5	7362923.5	5912994.5
"Q684P5"	NA	NA	NA	NA	NA	NA	NA	NA	NA
"Q68CP4"	16002216	12545858	14355633	NA	NA	NA	NA	NA	7183635
"Q68CP9"	4586168.5	5278495.5	NA	NA	NA	NA	NA	NA	NA
"Q68CQ4"	NA	NA	NA	NA	NA	NA	NA	NA	NA
"Q68CQ7"	NA	NA	NA	NA	NA	NA	NA	NA	NA
"Q68CZ2"	75751976	70506400	72881080	109773744	113710336	113093928	90568464	87704568	92201152
"Q68CZ6"	NA	NA	NA	NA	NA	NA	NA	NA	NA
"Q68D91"	NA	NA	NA	NA	NA	NA	NA	NA	NA
"Q68DH5"	NA	NA	2855983.2	NA	NA	NA	1268244.4	NA	1469020.1
"Q68DK2"	NA	NA	NA	NA	NA	NA	NA	NA	NA
"Q68DK7"	2249697	5449460	5019275.5	NA	NA	NA	NA	NA	NA
"Q68DQ2"	NA	NA	NA	NA	NA	NA	NA	NA	NA
"Q68E01"	14468589	14912947	13491723	8569130	11053387	8314391.5	4642152.5	2373061.8	7927466
"Q68EM7"	58741648	58983620	55491900	29817750	28564596	28119962	26892504	30622310	30699664
"Q69YN2"	11695090	12885174	12650508	NA	7163206.5	5676760.5	NA	4834001.5	NA
"Q69YN4"	13011456	12036368	12192773	11421743	10851322	6816054	8211778.5	7564670	8420608
"Q69YQ0"	NA	NA	5694418.5	NA	6711705	NA	NA	NA	NA
"Q69YW2"	NA	NA	NA	NA	NA	NA	NA	NA	NA
"Q6AI08"	NA	NA	NA	NA	11028639	NA	12216462	NA	NA
"Q6BCY4"	10059313	8546041	7185466.5	21039504	23407838	21266516	10850535	9351991	11724275
"Q6BDS2"	3521641.2	5802746	4491057	NA	5919394.5	NA	NA	NA	NA
"Q6DD87"	NA	744378.56	4386414.5	NA	NA	NA	NA	NA	NA
"Q6DD88"	49819308	51482036	54214836	61485836	60532424	61502404	49210660	49794732	45736440
"Q6DKI1"	19130054	21728512	21027248	12244668	11604208	9250055	10061045	11501918	15019887
"Q6DKJ4"	4926709.5	3748528.5	6240335.5	4035143	5370570.5	5477779	4273655	6143816	4595761.5
"Q6DKK2"	NA	NA	NA	NA	NA	2281675.2	2981885	NA	2761213.5
"Q6DN03"	2058665220	2138063100	2148103680	1102428420	880058370	1084519810	910040130	905162880	782129150
"Q6EEV4"	13394216	13621888	13235551	NA	NA	9594482	9185829	10032946	8780156
"Q6FI81"	23933012	23968198	25880254	14047348	12517542	11434179	15414843	15679169	14477341
"Q6FIF0"	10351452	11539628	11709544	11228560	12988886	12485005	7268397	6028701.5	6121257.5
"Q6GMV2"	2743952.5	4977855.5	4230040	2536840.5	5152129	3402706	4556342	4604333.5	7402996
"Q6GMV3"	20854124	16051617	20241282	14729158	18077960	18039832	11168045	13480821	16177333
"Q6GPH4"	NA	NA	NA	NA	NA	NA	NA	NA	NA
"Q6GQQ9"	NA	2154674	2773824.8	11447372	16472836	9360967	2900799.5	7795782	8102801.5
"Q6GTX8"	34426424	46789992	43464376	28720784	29291664	31041448	17611842	26607258	12407931
"Q6I9Y2"	20318144	19547886	22736958	13079500	9198442	10201303	11991595	13074659	9430007
"Q6IA69"	9947688	10130698	7801300.5	10069800	8592480	9151164	12139156	11101140	9711947
"Q6IA86"	5588948	3555629	5298736.5	NA	NA	NA	NA	NA	7641138
"Q6IAA8"	54038688	64394480	51519036	55640884	61102480	57536592	62324084	60975596	67276920
"Q6IAN0"	11424684	NA	10744697	10190824	13171148	10799539	8607895	7705058	10969991
"Q6IBS0"	117115808	109923088	106121816	145601072	131694824	139628832	168601680	172116304	178154176
"Q6IBW4"	5594173	5839108.5	5628041.5	NA	NA	NA	NA	NA	NA
"Q6IC98"	9296961	8031732	6877562	4508928	9504420	4027202.5	6752680.5	5965835.5	7066162
"Q6ICB0"	NA	7522479.5	NA	9409662	9085254	NA	NA	3508104	1771692.1
"Q6ICG6"	NA	NA	3592498.5	NA	NA	NA	14160248	132416584	7181174.5
"Q6ICL3"	17232088	6485224	9117521	12483449	11799833	10407236	14063208	5264705.5	7417850
"Q6IN84"	NA	NA	NA	NA	NA	NA	NA	NA	NA
"Q6IN85"	6424837.5	5649845.5	6297212.5	5271118	7256122	4655358.5	6363919	5196724.5	5500286
"Q6IPR1"	NA	NA	NA	NA	NA	NA	NA	NA	NA
"Q6IQ22"	NA	NA	NA	10278155	11588247	13085028	7298931.5	6211419	4899117
"Q6IQ49"	8622808	9874634	7204252	6980177.5	2919306.2	6273185	7848357	7215593	5576500
"Q6JBY9"	50626268	51858788	60065436	27079990	21840078	22885286	4893080	NA	12080516
"Q6JQN1"	3839561	3351237.5	2058207.2	1651115.8	NA	NA	2247323.5	NA	3678705.2
"Q6KC79"	14740586	6347448	6601347	61068244	69430520	4634686.5	5490017.5	3287985.2	2974353
"Q6KCM7"	NA	2723141.2	NA	NA	4709294	8079346.5	NA	2478380.8	NA
"Q6L8Q7"	17703682	19269836	18022408	15872926	16077202	18100654	22700688	23580760	19482502
"Q6N043"	NA	NA	NA	NA	NA	NA	NA	NA	NA
"Q6N069"	NA	2485485	2618395	3274307	4925942	1671967.9	2818056.2	2131918.8	3864760
"Q6N075"	NA	NA	NA	NA	NA	NA	NA	NA	NA
"Q6NSI4"	4098212	3255811.5	4241205.5	NA	NA	NA	NA	1491472.9	NA
"Q6NTF9"	NA	NA	NA	15652137	NA	17049304	22327236	NA	17613090
"Q6NUK1"	45334716	46290372	44791180	74943864	77438784	81092408	70289856	68802096	70502848
"Q6NUK4"	10900352	8180969.5	NA	19410612	NA	NA	NA	NA	NA
"Q6NUM9"	NA	NA	NA	NA	NA	NA	NA	NA	NA
"Q6NUQ1"	15229622	13852137	NA	NA	NA	11513481	NA	NA	4838996
"Q6NUQ4"	8401031	9146087	8956483	6844099	7433158	7954439	8777420	11532328	9155828
"Q6NUT3"	NA	NA	NA	7642567	6905230.5	7102325.5	11651551	9909784	8213142
"Q6NVY1"	10557487	9879681	9007328	9667608	12990860	13327847	13006202	12969869	15008056
"Q6NW29"	6216405.5	9395050	7362809	5786019	4358088.5	NA	2456307.2	5172857	6295331
"Q6NW34"	NA	NA	NA	NA	NA	NA	NA	NA	NA
"Q6NXE6"	13333314	11996732	12031802	10377307	9409187	9292651	6986557	7069749.5	6315178.5
"Q6NXR4"	NA	NA	NA	NA	NA	NA	NA	NA	NA
"Q6NXT1"	NA	NA	NA	NA	4335316	NA	5425149	4968275.5	5611423.5
"Q6NXT4"	1948985.2	2097176	1154837.8	4360780.5	4644919	1470087.1	NA	NA	3260259.2
"Q6NXT6"	3988524.2	5843766	4387457.5	4972347.5	5906846.5	NA	8598896	7365302.5	12045711
"Q6NYC1"	8375032	9120571	9557862	13221928	13469161	12238121	10778825	9031543	12057453
"Q6NYC8"	14534328	14006000	13193677	35827116	35249236	32105060	27586834	24849644	25403820
"Q6NZ67"	12853568	14147577	14321261	8510752	7771006	7134986.5	9563556	8282246	8515950
"Q6NZY4"	30987822	37268944	29291494	19311968	29376388	21738800	16136614	11666558	8314798
"Q6P087"	2369499	2143574	2269211.2	NA	NA	NA	NA	NA	NA
"Q6P158"	NA	NA	NA	NA	NA	NA	NA	NA	NA
"Q6P161"	8315686.5	8817963	8110543.5	8869808	NA	NA	3713364	6018553	6212103
"Q6P1A2"	NA	4224092.5	4581161	7579319	6422265.5	7901407.5	1022615	3432028.2	3719578.5
"Q6P1J9"	24697446	26569666	24932364	15445857	11065429	14377639	12800537	14476875	9447550
"Q6P1K2"	NA	NA	NA	NA	NA	NA	NA	NA	NA
"Q6P1L8"	11410957	11189562	11224016	7413320	7376587	7762236.5	7641504	7619089.5	8316997
"Q6P1M0"	27429714	NA	3212739.5	9338086	9602823	9632179	15260137	14670564	17245460
"Q6P1N0"	5850349	6705505.5	6244741	9853598	9753612	9192716	7626413	9787162	5851892.5
"Q6P1N9"	56927532	59856076	51329288	44225292	50458060	44032364	49835544	50280772	54940944
"Q6P1Q0"	NA	NA	NA	NA	NA	NA	NA	NA	NA
"Q6P1Q9"	NA	7837092.5	6822039	NA	NA	NA	NA	NA	NA
"Q6P1X5"	NA	NA	NA	NA	NA	NA	NA	NA	NA
"Q6P1X6"	10854283	11789189	14807602	10896831	14793358	14311543	13893843	16944294	9759796
"Q6P2C8"	16261452	12893436	18335852	4133441.8	26410166	130010952	23067806	NA	1208374.1
"Q6P2E9"	35340804	37785152	35255584	24552160	22262594	24675856	27366798	27287430	26535700
"Q6P2H3"	NA	NA	NA	NA	NA	NA	NA	NA	NA
"Q6P2P2"	NA	NA	NA	NA	NA	NA	NA	NA	NA
"Q6P2Q9"	48647532	52614444	51662688	41724036	39657096	42304032	41620340	41325076	41455520
"Q6P3S6"	NA	NA	NA	NA	NA	NA	NA	NA	NA
"Q6P3W7"	15370837	14839900	14786417	14105597	14292883	16144006	11859321	13873181	12974651
"Q6P3X3"	1317871.1	2513084	2653805.2	NA	2183606.8	NA	NA	NA	2226836.8
"Q6P444"	NA	NA	NA	NA	NA	NA	NA	NA	NA
"Q6P4A7"	7298073	9429800	11489522	15954994	NA	NA	12610775	12193526	NA
"Q6P4E1"	NA	NA	6940161.5	NA	NA	NA	NA	NA	933439.9
"Q6P4Q7"	NA	NA	NA	NA	NA	NA	NA	NA	NA
"Q6P4R8"	5482791.5	1634555.4	NA	4518498.5	7193449	5626084.5	6879700.5	11145775	6466351
"Q6P587"	8855121	9838230	13042465	19255970	23111920	11200874	21945764	26894596	23909092
"Q6P589"	28856800	26199524	23461306	24229522	18010470	22527968	11274220	10559107	13461236
"Q6P6C2"	4928562	3790121.8	3384457	NA	1028532.75	NA	NA	NA	NA
"Q6P996"	23933564	24381518	26248752	22947850	25395222	22415344	30300108	31883716	30846118
"Q6P9B6"	NA	NA	NA	8337131.5	7663373.5	5274632	6967575	7264525.5	3312353.2
"Q6P9B9"	3239621.5	2290796.5	2528080	NA	NA	NA	NA	NA	NA
"Q6P9F7"	NA	NA	NA	NA	NA	NA	1609335.8	NA	2339603
"Q6PCB5"	1745311.1	2973831.2	2425567.5	NA	NA	NA	NA	NA	NA
"Q6PCB7"	4758123.5	4777290.5	3959262	6362896	7062494.5	4554516.5	5493776	5756533.5	5779283
"Q6PCB8"	9778410	8391993	NA	3539333	NA	NA	NA	6287481.5	2192573
"Q6PCE3"	NA	NA	NA	NA	NA	NA	NA	NA	NA
"Q6PCT2"	NA	NA	NA	NA	NA	NA	NA	NA	NA
"Q6PD62"	6963667.5	5066060	4554322	6249233	10454470	6761132.5	NA	NA	2660373.5
"Q6PD74"	15396385	29139248	19284782	14070432	24636132	24629336	18092192	14427539	22890276
"Q6PGP7"	8108486.5	5619688.5	8025638.5	6748723.5	7445525	7862942.5	7656214.5	7251844	8513012
"Q6PI47"	NA	NA	NA	NA	NA	NA	NA	NA	NA
"Q6PI48"	34760184	37425100	36313476	31176258	34108684	31638460	31686566	33768372	28979384
"Q6PI73"	NA	NA	NA	NA	NA	NA	NA	NA	NA
"Q6PI78"	NA	3923021.8	3504803.2	7379514	8409349	5889679	9019795	8072040	7629564.5
"Q6PI98"	NA	NA	NA	NA	NA	NA	NA	NA	NA
"Q6PIJ6"	NA	NA	NA	NA	NA	NA	NA	NA	NA
"Q6PIU2"	12065948	11448893	9762991	18787612	17584410	18993088	23792584	22693158	21205862
"Q6PIW4"	NA	NA	NA	NA	NA	NA	NA	NA	NA
"Q6PJ69"	3863916.2	NA	NA	NA	NA	NA	4250129	NA	NA
"Q6PJF5"	NA	NA	NA	10371800	9516108	12256555	11486947	9864104	11271385
"Q6PJG2"	6220165.5	7904377.5	6639704.5	4790467	NA	NA	1024288	NA	NA
"Q6PJG6"	4690792.5	4790893.5	3907374.5	NA	NA	NA	1474336.9	NA	NA
"Q6PJI9"	NA	NA	NA	NA	NA	NA	NA	NA	NA
"Q6PJT7"	15894202	17340816	16708907	7123505.5	12695550	8503999	12823158	12899398	13183009
"Q6PJW8"	8602002	NA	NA	NA	NA	NA	4506190	NA	NA
"Q6PK04"	NA	NA	NA	NA	NA	NA	NA	NA	NA
"Q6PK18"	4578475.5	5906941	2715478.2	3178610.5	NA	NA	NA	NA	NA
"Q6PKC3"	NA	NA	NA	NA	NA	NA	NA	NA	NA
"Q6PKG0"	41198384	40207684	41317236	22351790	25333064	22801796	30758950	26821908	28925206
"Q6PL18"	NA	4047771	5104372.5	NA	NA	NA	NA	NA	NA
"Q6PL24"	7739779	3665810.2	6999084.5	9842301	NA	7731350	7940046	8195338.5	NA
"Q6PML9"	NA	NA	NA	NA	NA	NA	NA	NA	NA
"Q6QNY0"	NA	NA	NA	3155229.2	7114555.5	NA	7262604.5	1979405.8	NA
"Q6QNY1"	12762829	10681981	15521622	11198824	11146378	11361760	7452978	9430775	7886690
"Q6R327"	4640460.5	1831027.6	3831290.5	3084766.5	4231708.5	6131696.5	NA	8236137.5	8120197.5
"Q6RFH5"	10040854	7607647.5	9292894	5478109	NA	NA	6904949	6781128	NA
"Q6RW13"	39571680	23878192	32283936	35968636	43371392	34394820	29242078	28157652	27828428
"Q6SPF0"	NA	NA	NA	NA	NA	NA	NA	NA	NA
"Q6UB35"	20788326	22586996	20319186	18074120	19651862	17708620	23288008	24809086	28182918
"Q6ULP2"	8428806	5716196	8052778	7825728.5	NA	6263884.5	7641906	7683266.5	3178267.5
"Q6UN15"	64003500	61115752	60153100	27978058	30445530	30431532	34477040	31681046	31618372
"Q6UUV9"	7001543.5	6415591	7615003	3201296.8	NA	NA	NA	12898475	4541670.5
"Q6UW02"	14112837	6716490	6783486.5	9829478	8319952.5	11293541	5964721.5	10586903	7109552.5
"Q6UW68"	21032082	21366560	24038848	30470614	30919290	31844548	37624224	30196268	35664168
"Q6UWD8"	1305803.2	2176827.5	2425653	NA	NA	NA	NA	NA	NA
"Q6UWE0"	NA	NA	6690747.5	NA	NA	NA	NA	18142508	5370733.5
"Q6UWP2"	NA	NA	NA	NA	NA	NA	NA	NA	NA
"Q6UWP7"	NA	6646639.5	3430098.8	NA	6012798	NA	NA	4369105.5	NA
"Q6UWU4"	NA	NA	NA	NA	NA	NA	NA	NA	NA
"Q6UWZ7"	NA	NA	NA	NA	NA	6927488.5	NA	NA	1782673.4
"Q6UX04"	12453360	13422241	13507205	5480169	6932507	4458545.5	4263238.5	4793171	6086320
"Q6UX53"	62371272	69469160	67934152	59257848	66504268	62864784	109660960	106751040	113366584
"Q6UX65"	13872043	14125800	13268252	NA	NA	10276896	4919250.5	NA	5665640.5
"Q6UX71"	NA	NA	NA	NA	NA	NA	NA	NA	NA
"Q6UX98"	NA	NA	NA	5781827.5	9632354	7418616.5	NA	9101228	7117154
"Q6UXH1"	18542340	21026490	17744220	18600996	14828332	16535333	18447324	16838274	21077636
"Q6UXN9"	15999172	17037144	14459089	18570452	17309520	16903024	13219408	9610664	11992704
"Q6UXT9"	NA	NA	NA	NA	NA	NA	NA	NA	NA
"Q6UXV4"	11447493	13766431	11607520	15703561	17254578	16523049	18204138	19536668	20703354
"Q6V1X1"	NA	NA	NA	NA	NA	NA	NA	NA	NA
"Q6VN20"	3291381.5	2837272.2	3070635.2	6123163	6030516.5	5663628	3188657.5	4292595.5	9854604
"Q6VY07"	NA	4159432.5	NA	2522400.8	2907272.5	NA	2662760.2	3865712	2773471.8
"Q6WCQ1"	NA	NA	1121467.8	NA	NA	4171419.5	4428334.5	3899549	NA
"Q6WKZ4"	13289238	17776942	12850017	8603883	13668572	16128019	13637918	18182094	7986362
"Q6XQN6"	147663776	138206272	137143728	143435600	140998832	142594624	126269384	125504624	132147288
"Q6XZF7"	NA	NA	1889861.1	NA	NA	NA	NA	4636534	NA
"Q6Y1H2"	NA	NA	NA	NA	5314030	NA	7413130	NA	6843305.5
"Q6Y288"	4504756	2137648.5	2938283	5388984.5	3098520	2192178	1185799.5	1009031.44	4587354
"Q6Y7W6"	39836724	34009008	40055528	26175250	29487482	26246548	29192392	27960144	28125072
"Q6YBV0"	NA	NA	NA	NA	NA	NA	NA	1107696.5	2288082.5
"Q6YHK3"	36959844	37881016	35020536	11085324	11704261	9026274	14620195	15765775	14734147
"Q6YHU6"	1527108.9	655994.5	1365718.9	10721646	6859854.5	NA	382169.53	2833810.2	5808333.5
"Q6YN16"	20613492	19197624	19330680	18771030	21254802	22585498	19061942	17666904	18863036
"Q6YP21"	21150714	19989764	21816760	29666092	30445078	30107866	23493858	25148558	23077516
"Q6ZMG9"	8303234	5953295.5	6269411	NA	2488202.5	4366551	4646640	4293409.5	4164109.5
"Q6ZMI0"	5418870.5	4234499.5	4979044	7627586	8505839	7613495.5	5132094.5	6801074	4914858.5
"Q6ZMT1"	NA	NA	NA	NA	NA	NA	NA	NA	NA
"Q6ZMZ3"	9024603	7162893.5	6037462	NA	NA	2832177	4072953	7380711.5	4311711.5
"Q6ZN55"	NA	NA	NA	NA	NA	NA	NA	NA	NA
"Q6ZNA5"	NA	NA	NA	NA	NA	NA	NA	NA	NA
"Q6ZNB6"	NA	NA	NA	NA	NA	NA	NA	NA	NA
"Q6ZNJ1"	3064102.5	3031048	4189801.5	2936372.2	1728232.1	4963044	2056340	5098875.5	4409280.5
"Q6ZNW5"	7460944.5	5077860.5	3525973.8	NA	5924143	7168361	3893550	7753279	11952382
"Q6ZQX7"	9296036	7839034.5	7693064.5	NA	NA	2831831	NA	NA	NA
"Q6ZRP7"	4103076	3633982.8	3454246.2	NA	NA	NA	3308125.2	1076421.4	3619156.5
"Q6ZRQ5"	NA	NA	NA	NA	NA	NA	NA	NA	NA
"Q6ZRS2"	5744340.5	4661492	3844070.5	NA	3923544.5	NA	NA	1818799.9	NA
"Q6ZRV2"	5071199.5	5081016	4074699.5	9485381	10611012	8283406.5	7575451	9302042	8730440
"Q6ZS11"	3439533	NA	2601336	NA	NA	NA	NA	3649822	691411.75
"Q6ZS17"	NA	NA	NA	NA	NA	NA	NA	NA	NA
"Q6ZS81"	40083896	37894672	38379324	114221584	108967424	107319448	213600048	200418208	208616192
"Q6ZSJ8"	10213491	11486091	9815662	5498590	NA	1848975.2	2850931	NA	NA
"Q6ZSR9"	36003360	32379386	29751526	25635510	28901660	28746940	29217996	27781638	31527810
"Q6ZSZ5"	2930146.2	4619008	3270268	NA	NA	NA	NA	NA	NA
"Q6ZT12"	NA	NA	NA	NA	NA	NA	NA	NA	NA
"Q6ZT21"	6334734	NA	7305522	8825205	10272997	7783777	7878436	7845016.5	8937819
"Q6ZTN6"	NA	NA	NA	NA	NA	NA	1454455.6	2151854.5	NA
"Q6ZUJ8"	NA	NA	2656753.8	NA	NA	5291593.5	NA	NA	NA
"Q6ZUM4"	8560532	9499631	8535480	11711665	12263603	12716829	9576310	10235091	7080804
"Q6ZUT1"	2708914.5	3825030.2	NA	NA	NA	NA	NA	NA	NA
"Q6ZV70"	4088342.8	3054538.5	7766662.5	NA	NA	NA	NA	NA	NA
"Q6ZVK8"	6046233.5	5407502	4769239.5	7116367	6870019	4710254	6347091	5878496	7425531.5
"Q6ZW49"	NA	NA	NA	NA	NA	NA	NA	NA	NA
"Q6ZXV5"	NA	NA	NA	NA	NA	NA	NA	NA	NA
"Q6ZYL4"	NA	NA	NA	NA	NA	NA	NA	NA	NA
"Q702N8"	7512681.5	3891178.2	8368695	219390800	167763872	203709472	38489708	36481088	37902428
"Q709C8"	19236550	17298098	18168638	10000960	13639896	11587835	14032350	15023651	17378218
"Q70CQ2"	NA	NA	NA	6801282.5	NA	NA	NA	NA	3393038.8
"Q70E73"	NA	NA	NA	NA	NA	NA	NA	NA	NA
"Q70IA6"	2261410.5	6551224.5	4174308.8	6036104	4955762.5	4679675	5994762	9702415	6000726.5
"Q70J99"	7185551	5519234.5	2912309	NA	6902983.5	NA	NA	2743606.5	4135671.5
"Q70UQ0"	12765501	9193090	8128025	11578230	9673183	10925059	11276566	11944448	12509992
"Q712K3"	11146289	11760790	12835461	11042475	10657175	12136843	12635256	11731836	11466504
"Q71DI3"	87024664	111474976	126102752	471908224	79771424	149273888	59788740	57176488	45399068
"Q71RC2"	8296614	9353866	12736976	NA	NA	NA	NA	18626662	1767567
"Q71RG4"	NA	NA	NA	NA	NA	NA	NA	NA	NA
"Q71SY5"	NA	NA	NA	4451604	5100375	NA	NA	NA	NA
"Q71U36"	41039828	35297108	47991500	52462536	46014052	40101072	25404158	30202800	29455172
"Q71UM5"	58780948	54171404	49600468	55238540	34465488	42946772	52173096	42581740	35648028
"Q75N03"	NA	NA	NA	NA	NA	NA	NA	NA	NA
"Q75QN2"	NA	3349174	2797523.2	NA	NA	10123398	NA	9884946	NA
"Q76FK4"	NA	NA	NA	NA	NA	NA	NA	NA	NA
"Q76L83"	NA	NA	NA	NA	NA	NA	NA	NA	NA
"Q7KYR7"	4575624	4627372	NA	NA	4988690	NA	NA	7013264	NA
"Q7KZ85"	26408840	28991260	30918586	22034628	22089264	25999326	19259982	23506706	18443142
"Q7KZF4"	99721656	101630952	98877760	113278256	117675544	111862072	139939328	143515200	135981840
"Q7KZI7"	13890442	15339725	15572675	18893776	19522318	20078642	16081516	17932688	15941627
"Q7L014"	36548444	36798364	35553816	23444424	20116044	21582884	23514772	23120600	23510890
"Q7L0Y3"	28394872	31245928	29172160	26189290	25174366	26193932	28803036	28315958	27745652
"Q7L1Q6"	79918592	77004904	80601248	78967664	75189200	79061448	90737808	95395528	84426656
"Q7L1T6"	7308212.5	6804485	5130228.5	14219630	15842640	17938676	7866471.5	8597942	6878522
"Q7L1V2"	3537399.8	2712544.2	1688831.4	3785766.5	5211810.5	3201888.5	959072.3	2381645.8	4242507.5
"Q7L266"	NA	NA	NA	NA	NA	NA	NA	NA	NA
"Q7L273"	3295373	5797987.5	4357395	NA	NA	10724439	2111331.8	5943903.5	NA
"Q7L2E3"	12027156	11772169	13568622	11740910	13609460	7781841.5	12515047	9886122	11524480
"Q7L2H7"	77053936	78255400	78431184	56104480	66881484	60963836	53445276	51813632	52603724
"Q7L2J0"	11907120	12500320	11075540	7682411.5	4305380	8314081.5	11574252	7985433	10722076
"Q7L3B6"	NA	NA	NA	12782647	NA	NA	17155310	16109847	11141279
"Q7L3T8"	2595819	1623169.2	1392097.9	1652042.8	2635881.8	3437277.2	2875962.2	2351428.8	2168221
"Q7L4I2"	10321084	14559488	10389103	7378292.5	8124035	5916903	14370724	8501451	14673118
"Q7L513"	NA	NA	NA	8553322	11973984	11219043	31411624	33704564	25777616
"Q7L523"	32569552	33673952	31774696	47207976	47037064	45735372	39090836	34043484	37582228
"Q7L576"	43698784	43970020	48159768	69084304	67011452	68274296	76449248	77941064	74891248
"Q7L591"	20204174	19514886	19153562	24154518	22337322	27239836	26750800	21222704	23715798
"Q7L5D6"	8169859.5	6392862	4614681.5	13259725	8621323	10668934	9489195	8658328	11018532
"Q7L5N1"	16925588	15292747	15209911	16732532	15039989	14220487	17624078	17821162	18993964
"Q7L5N7"	40191724	38945080	38499612	32673550	34885764	29629406	27339326	25673048	27827866
"Q7L5Y1"	2400288.2	NA	1421692.1	2645212.8	4218239.5	2321448.2	2971250.5	NA	3134628.8
"Q7L5Y9"	6546437.5	7625118.5	8068087	5689870	7237706.5	5811988	NA	4513867	3505346
"Q7L775"	NA	NA	NA	NA	NA	NA	NA	NA	NA
"Q7L7X3"	NA	6809993.5	2734061.2	6461050	9719493	5615822	4683932	3286922	NA
"Q7L8L6"	NA	NA	NA	NA	NA	NA	6297186	4891282	NA
"Q7L9B9"	1404007.9	NA	NA	NA	NA	NA	4081754.5	2839426.5	3032409.8
"Q7L9L4"	1399191.8	2579791	1715288.6	2895047	3115312.8	3900882.5	1889336	3464358.2	2693618.2
"Q7LBC6"	21890156	24216072	20905932	9941346	8836085	7434147.5	7036315.5	10126821	7900953.5
"Q7LBR1"	9982025	NA	9078452	19435544	15158737	16960280	29281490	23336410	27545484
"Q7LDG7"	8225830	11068892	11178575	3897148	13035603	7033242.5	NA	NA	NA
"Q7LFL8"	NA	NA	NA	NA	NA	NA	NA	NA	NA
"Q7LG56"	7286084	3648353.5	3678534.8	5395098.5	4049871.8	2428128.2	NA	2993876.8	4736093
"Q7LGA3"	25034234	27274582	28337846	33749536	28412358	35924628	26240068	27739542	24268412
"Q7RTP0"	3675637.2	5251517	NA	NA	NA	NA	6443514.5	7386486.5	7529479
"Q7RTP6"	NA	NA	NA	NA	NA	NA	NA	NA	NA
"Q7RTV0"	64040640	80251832	73205832	35187844	32309424	28446502	42327600	35113668	34720864
"Q7Z2E3"	NA	NA	NA	NA	NA	NA	NA	NA	NA
"Q7Z2H8"	3412689.8	5056230	3530784.8	NA	NA	1711900.1	3141987.2	3292205	NA
"Q7Z2K6"	42785960	42897676	42369808	46657788	47373904	42646424	59961316	65159884	59011048
"Q7Z2T5"	26627078	22737800	24612726	28925864	24930554	29401288	18752774	18097206	17609062
"Q7Z2W4"	45807572	46239812	44026968	82051600	76745304	77874664	31410050	31408238	34080496
"Q7Z2W9"	8474860	8232804.5	8927145	6894484	8040886.5	2921460.5	8639461	8256611.5	5866066
"Q7Z2Z2"	8890586	8135050	7249105	14045162	15448692	14646897	10441392	11280523	12766665
"Q7Z392"	10638221	11291446	8283108	10828567	10039380	9058520	9386445	8690744	7428184.5
"Q7Z3B3"	NA	NA	NA	NA	NA	NA	NA	NA	NA
"Q7Z3B4"	31018824	34628644	32087106	21555174	20417708	20626498	21720456	16360551	17969400
"Q7Z3C6"	3647987.2	2640351.8	1471764.1	NA	NA	1767815	6356559	5628842.5	6044194
"Q7Z3D6"	7652532.5	6437079.5	9166647	8887628	9037236	8832355	10661425	10824912	13801018
"Q7Z3E5"	8811582	7236598	8637095	10753247	12010352	10216823	12002437	12944290	12496101
"Q7Z3J2"	7693686.5	10465921	8385391.5	8676390	9231099	8215492.5	10216537	8952648	9361857
"Q7Z3J3"	NA	NA	NA	NA	NA	NA	NA	NA	NA
"Q7Z3K3"	15057546	12712577	13361165	6996093	4131347.2	12027758	5547460	3239922.8	6029040.5
"Q7Z3T8"	7241652	8510033	6518972.5	8951327	13060871	9545040	5052235	6947140.5	7030973.5
"Q7Z3U7"	5044209.5	4148351.5	4084210.5	4539557.5	4633123	5859281	3624953.8	NA	3253164.8
"Q7Z401"	7024281	7379027	7353179.5	NA	NA	NA	NA	NA	NA
"Q7Z406"	7422022	7140448	NA	7697997	4888447	7352066	8361683	10391372	6464292
"Q7Z417"	34403852	29677034	32648676	25895330	28515576	24739486	24838046	21963580	23978108
"Q7Z422"	20583210	16390634	15904409	11109123	14768664	13687902	14833946	14791123	12495493
"Q7Z434"	20116186	18181580	22044442	28122544	25170122	25384412	22599644	24135262	23616836
"Q7Z460"	NA	NA	3770242.2	1933171.5	NA	NA	NA	NA	NA
"Q7Z478"	8375028.5	8241839	7466739	5714407	NA	5418943	NA	9921677	5587246.5
"Q7Z4F1"	NA	NA	NA	NA	NA	NA	NA	NA	NA
"Q7Z4G1"	7178862	7585234.5	11171611	4098939.8	8200228	10357375	NA	9226962	7571817.5
"Q7Z4G4"	4174879.8	2239785.8	4009353.2	2498218.5	3117730.2	2499973.2	4185065	2335309	3240205.2
"Q7Z4H3"	28105598	35493388	35781460	20066752	18491882	23231716	21071716	21345654	21343064
"Q7Z4H7"	3643165.2	3149862	4495951.5	4609454	NA	3554949.2	4797176	4598359.5	5317637
"Q7Z4H8"	6145734.5	5697269.5	7445651.5	7790556	7941127.5	6163516.5	5254577	4547769.5	NA
"Q7Z4Q2"	12401477	11833016	11901958	8198911.5	8714611	7257427.5	6708011	8193470.5	10050886
"Q7Z4R8"	33623796	31757844	27164706	24459398	22229280	21899806	15698099	17094358	18431688
"Q7Z4V5"	135400368	151430048	130971184	98901552	95931672	101200152	99806472	94279720	94279128
"Q7Z4W1"	59721288	50151868	60591268	48794220	46896540	45636784	39646100	42255028	41928580
"Q7Z569"	5076995.5	4121991.2	7408061	6809829	5374476.5	3497075.2	NA	5467876	5226905.5
"Q7Z5G4"	4251280	4460357	2904041.5	5521303	10786249	8265529	7206355.5	10065014	11006471
"Q7Z5K2"	7741312	7761620	8139427.5	3890825	4417479.5	2899210.8	1991537.6	3498378.5	2936502
"Q7Z5L9"	51389664	49692176	45048864	28432752	28033594	35336820	16069782	19005644	15902758
"Q7Z5Q1"	5542947.5	9961677	15326565	7290661	13434837	13448218	16782860	17182326	14791584
"Q7Z5R6"	61324800	56660452	60279408	46213976	44995116	46920132	88908240	92196544	84773992
"Q7Z698"	NA	NA	NA	NA	NA	NA	5194051	7684087	5706860
"Q7Z699"	NA	NA	NA	NA	NA	NA	NA	NA	NA
"Q7Z6B0"	NA	NA	NA	1549697.8	NA	1545267.9	NA	NA	NA
"Q7Z6E9"	9861583	10321229	9241868	13592326	11506895	8678489	9923061	7723107	8846765
"Q7Z6I6"	28019952	25509578	25026028	33116714	26169162	29716992	21701542	20514740	21068452
"Q7Z6I8"	NA	NA	NA	NA	NA	NA	NA	NA	NA
"Q7Z6J0"	52380624	NA	71730648	NA	63920072	71934808	5671077	NA	72924832
"Q7Z6J4"	NA	NA	NA	NA	NA	NA	NA	NA	NA
"Q7Z6K5"	NA	NA	NA	NA	NA	NA	NA	NA	NA
"Q7Z6M1"	NA	NA	NA	NA	NA	NA	NA	NA	NA
"Q7Z6M3"	NA	NA	NA	NA	NA	NA	NA	NA	NA
"Q7Z6M4"	NA	NA	NA	NA	NA	NA	NA	NA	NA
"Q7Z6P3"	6995879.5	10645592	6297686	NA	2340433	NA	NA	NA	NA
"Q7Z6Z7"	36793072	37144916	34613884	31604284	32521760	31444464	30438034	28930596	31549500
"Q7Z739"	45053172	45441144	42671848	32282988	26149328	32251576	34528124	35339088	33052536
"Q7Z7A3"	4494665	7568355.5	5190607	4892382	NA	NA	5760760	NA	NA
"Q7Z7A4"	8674921	7542092.5	10776702	3509731.8	5520115.5	3923616.5	4857873	5391311	5308429
"Q7Z7C8"	NA	NA	NA	NA	NA	NA	NA	NA	NA
"Q7Z7E8"	12916434	12195943	12100404	17304414	21087876	19144618	9670817	12450188	11953143
"Q7Z7F0"	NA	NA	NA	NA	NA	NA	NA	NA	NA
"Q7Z7F7"	8573695	9294605	10684691	6848023	6185416	7777845.5	8539335	5841538	7045538.5
"Q7Z7G8"	NA	NA	NA	NA	NA	NA	NA	NA	NA
"Q7Z7H5"	13462340	19600516	16651610	27971460	24521160	23852210	30225076	31723118	29626846
"Q7Z7H8"	8681302	6975873	5291423.5	8423682	NA	8849135	4731888	5941723.5	7545303
"Q7Z7K0"	20596290	22795400	18513738	18202490	20566148	19984382	20134344	20984422	20706788
"Q7Z7K6"	9684429	7797018.5	8743950	6368397.5	4672066.5	6086249	4492307	3675022.2	4470085.5
"Q7Z7L1"	4213044	5038829	4625504	3538814.2	5589570.5	6737623	NA	NA	NA
"Q7Z7M8"	NA	NA	NA	NA	NA	NA	NA	NA	NA
"Q7Z7N9"	18881224	28906786	16190930	NA	8382493	NA	9725886	7939858.5	13589392
"Q86SE9"	NA	NA	NA	NA	NA	NA	NA	NA	NA
"Q86SF2"	NA	6640947	NA	NA	NA	NA	NA	NA	5857272
"Q86SQ7"	5322635.5	5060415.5	4884737.5	NA	NA	NA	NA	NA	NA
"Q86SQ9"	NA	3365319.5	NA	4900116.5	5257915	4414113.5	NA	NA	2346230.5
"Q86SX6"	36451620	46216312	40714212	26511944	24335486	28779194	44269056	37593576	35520164
"Q86SZ2"	4972521.5	5032246	6628528	6427154.5	9136733	6388562	6978156	8299822.5	4862669
"Q86T03"	7651533.5	7213169.5	9591900	8790173	12698585	12793325	12059375	10764377	10022310
"Q86TB9"	10988040	10038232	9073710	13332816	13659194	10359486	9226975	6902744.5	8109883.5
"Q86TI0"	1815096.4	NA	834200.8	3750763.8	3968186.2	4479244	1842157.9	NA	NA
"Q86TI2"	20256248	18507060	18468752	25084468	26375974	26866902	29702348	31765828	31134432
"Q86TJ2"	NA	NA	NA	NA	NA	NA	NA	NA	NA
"Q86TM6"	NA	7099651.5	3501507.8	8027952	8291814	7800840.5	10920305	12636599	12625465
"Q86TP1"	NA	2560677	4642732.5	6476399	NA	5012056	NA	5107965	NA
"Q86TS9"	12898002	16976206	14111417	3208960	7799622.5	7967305	8933483	7487767.5	8585683
"Q86TU7"	12997564	12193606	12431384	9858568	10116525	9479617	12594163	11647246	12653089
"Q86TX2"	14098869	17999216	13478200	29695262	23232840	28374740	23095702	25717158	20698598
"Q86U28"	NA	NA	NA	NA	NA	NA	NA	NA	NA
"Q86U38"	7037366.5	6737127.5	6135103.5	6710497.5	8140388.5	3724395.8	6843103	8512231	9550676
"Q86U42"	118580088	121969800	124759744	68737896	70153808	75488968	57532156	62448952	65739384
"Q86U44"	9010858	8455842	9331271	5060993	3112178	2885772	4729485	5288247.5	4154433.2
"Q86U70"	NA	NA	NA	NA	NA	NA	NA	NA	NA
"Q86U86"	9386751	3628489.2	9772582	NA	NA	NA	NA	NA	NA
"Q86U90"	11243594	11106381	10238426	7868299.5	6539742	10884672	8787313	8086088.5	8429588
"Q86UA1"	5780604.5	10667142	5536136.5	NA	NA	5286787	NA	NA	NA
"Q86UB9"	NA	NA	NA	NA	NA	NA	NA	NA	NA
"Q86UE4"	104323120	107329800	103483424	85016736	84019464	85869816	105557416	108977400	104621744
"Q86UE8"	4231163.5	6064546.5	7180113	5067611	6564110	7445116.5	NA	NA	NA
"Q86UK7"	5454574.5	7433868.5	7329279	7283017.5	5018779.5	2382758.2	5788984.5	5389613	7112037.5
"Q86UL3"	5518326	3768616.8	2669648.5	NA	942452.56	NA	2213105.5	2779795.2	3090095
"Q86UP2"	30688638	27599952	29141684	31343238	28314366	29356532	30820366	31241488	32412562
"Q86UT6"	7042761.5	6593411.5	7234278.5	5745715.5	7614919.5	6402363.5	5285469.5	4482291	6365408
"Q86UU1"	8970413	8156449.5	8424383	NA	NA	NA	NA	NA	NA
"Q86UV5"	26610614	23725472	25331756	NA	NA	NA	NA	NA	NA
"Q86UX6"	NA	8164658	4608887.5	NA	NA	NA	6111723	NA	7979704
"Q86UX7"	237483936	233071168	238363616	410163360	397904064	408750560	521664800	536449920	528617888
"Q86UY6"	NA	NA	387945.66	NA	NA	NA	NA	919255.75	NA
"Q86UY8"	6101393	7142502.5	5142960	7310117.5	4706147.5	6635624.5	5009638.5	6312062.5	4564894.5
"Q86V21"	13365535	13158425	16786620	12179539	10202544	12185611	12534925	13808807	NA
"Q86V48"	16036122	12006710	12508893	NA	9320645	8374352	5244270	4587408	7270408.5
"Q86V81"	137757184	163348160	152545920	88304832	101956784	97990488	78365048	83120624	92322280
"Q86V88"	5607349	3853909.5	5848379	NA	NA	NA	NA	NA	NA
"Q86VD7"	NA	NA	NA	NA	NA	NA	NA	NA	NA
"Q86VM9"	23039032	25657288	23513366	16080587	19250152	18808862	16893306	16826382	13822179
"Q86VN1"	13014336	13906137	16876720	11975787	14170264	12043436	13261919	12227497	12704714
"Q86VP1"	5080862.5	4811161	4129356.8	3446512	4103037.8	NA	2547187	1443166.6	1723707.8
"Q86VP3"	NA	NA	NA	NA	NA	NA	NA	NA	NA
"Q86VP6"	72832816	73822960	72559216	80754416	89033104	87959736	94739880	91305912	95064656
"Q86VQ1"	NA	NA	NA	NA	NA	NA	NA	NA	NA
"Q86VR2"	11627424	7402554	13412232	19978074	23910742	20008082	15279737	21229888	21992774
"Q86VS8"	9882379	6842198.5	12165843	5416825	9254572	11150455	6699352	8221314.5	5496937
"Q86VU5"	NA	NA	NA	NA	NA	NA	NA	NA	NA
"Q86VW0"	NA	NA	NA	NA	NA	NA	NA	NA	NA
"Q86VX2"	NA	NA	NA	NA	2507549.5	NA	3231865.5	2873553.5	NA
"Q86VY4"	12412858	11202652	11447618	9488529	3847776.2	NA	9045205	10343329	10063267
"Q86W33"	NA	NA	NA	1314302.5	NA	747714.06	NA	288453.88	NA
"Q86W42"	12985273	12830477	13211588	12158082	12617750	11786683	10255875	11004751	11742582
"Q86W50"	4467863.5	11456296	1750448.6	NA	NA	NA	9076599	6776212	NA
"Q86W92"	19366830	17455888	17754852	10644430	10344062	14808674	18758586	18065646	18982816
"Q86WA8"	NA	NA	NA	NA	NA	NA	1946083.1	1924147.1	NA
"Q86WB0"	14248504	15750002	13708425	NA	9262007	9839353	7316896.5	NA	NA
"Q86WC4"	10841800	15132615	12325086	9499958	14834476	16747846	12464951	12592823	12608229
"Q86WI3"	NA	NA	NA	2105878.8	2787959.2	1180111	NA	NA	NA
"Q86WJ1"	11787055	14012588	10742044	NA	NA	NA	NA	NA	NA
"Q86WN1"	NA	3708336.8	NA	16498584	15585828	15838384	9817469	10789190	9548782
"Q86WQ0"	1323562.9	1374638.1	NA	NA	NA	NA	NA	NA	NA
"Q86WR0"	7722868	10776933	10686765	3381538.8	4279277.5	3920075.2	NA	7278480.5	2676153
"Q86WU2"	NA	NA	NA	NA	NA	NA	NA	NA	NA
"Q86WV6"	21354694	23517710	22211482	8708897	11628751	10014859	6363617	4686599	6063753
"Q86WW8"	NA	NA	NA	NA	NA	NA	NA	NA	NA
"Q86WX3"	7555651	9693186	9288728	6841668	12838271	5902085.5	7187851.5	4169414.2	2476597
"Q86X10"	NA	NA	NA	NA	NA	NA	NA	NA	NA
"Q86X52"	5021573	NA	NA	4253031.5	NA	NA	4833301	NA	NA
"Q86X53"	4717450.5	3743453.2	NA	NA	NA	NA	NA	NA	NA
"Q86X55"	14173721	14862052	14275375	17463804	16999618	16149081	16795236	15698818	16385978
"Q86X76"	17080474	16423658	17971792	27733306	28435090	28468828	25522150	29742846	31146352
"Q86X83"	6808232.5	6013938	5994425.5	5460096	7823533.5	7696424.5	7116720.5	7041436.5	6829219
"Q86XA9"	NA	NA	NA	NA	NA	NA	NA	NA	NA
"Q86XI2"	5864635.5	5318340	3997543	NA	NA	NA	NA	NA	NA
"Q86XL3"	10287414	10735486	8391959	13185746	9270055	7858993.5	9265226	10571858	6920275.5
"Q86XP1"	NA	NA	NA	NA	NA	NA	NA	NA	NA
"Q86XP3"	62010540	68427168	70653288	28521720	33871912	34793828	28718784	30761706	33133012
"Q86Y07"	4241442	NA	2426546.2	NA	5116363.5	NA	NA	NA	NA
"Q86Y37"	NA	NA	NA	NA	NA	NA	NA	NA	NA
"Q86Y39"	14208267	12781658	16475991	14343574	10394632	9934076	10131283	14069566	15376916
"Q86Y46"	NA	NA	NA	NA	NA	NA	NA	NA	NA
"Q86Y56"	6374744.5	6826421.5	5006071	3894244.2	4928654	4373182	6137502.5	5349961.5	6644917.5
"Q86Y79"	NA	NA	NA	NA	NA	NA	NA	NA	NA
"Q86Y82"	35255488	32364330	32740640	89176864	76271480	87351296	71924096	74243856	76136088
"Q86YB8"	6538115.5	2954859.2	4269946.5	13275836	10568604	11070137	7971587.5	9154023	8474575
"Q86YC3"	NA	NA	NA	NA	NA	NA	NA	NA	NA
"Q86YH6"	NA	NA	2165418	NA	NA	NA	2176673.2	2543768.2	469704.03
"Q86YM7"	NA	NA	5538610.5	3550083.8	3822224.8	NA	6173573	7843026.5	5864920
"Q86YN1"	NA	915286	903867.3	2042202.1	2085470	1055794.5	946250.2	1294558.2	2107301.2
"Q86YP4"	15627262	14158611	15563948	13884797	NA	NA	NA	NA	9412588
"Q86YQ8"	10479300	13741435	10156640	13490930	16841220	16768998	7219796	NA	7710032.5
"Q86YR5"	NA	NA	NA	NA	NA	NA	NA	NA	NA
"Q86YS6"	NA	2422282.5	5267597.5	16101835	15428846	14327966	7489579.5	6199395.5	8371669
"Q86YS7"	NA	NA	NA	NA	NA	NA	NA	NA	NA
"Q86YV0"	NA	5411183	4967336	17443382	9061285	9871674	5150628.5	6083416.5	8071973
"Q86YV5"	2932253.8	3909402.5	3367274.2	NA	NA	NA	3221358.5	3545561.5	3582768.8
"Q86YV9"	3051394.5	1745501	1286872.2	4796974.5	5657804.5	3492700.5	2241921.5	NA	NA
"Q8IU60"	NA	NA	NA	NA	2619721.8	17918944	NA	NA	NA
"Q8IU81"	6237934.5	5063820	4378357	NA	3617159.5	1598713.4	NA	NA	NA
"Q8IU85"	3148653.2	4919197.5	NA	NA	NA	NA	NA	NA	NA
"Q8IUC6"	NA	NA	NA	NA	NA	NA	NA	NA	NA
"Q8IUD2"	NA	NA	NA	NA	NA	NA	NA	NA	NA
"Q8IUE6"	147623808	248276688	184032528	228995840	213564656	245850736	56039968	66019668	31820106
"Q8IUF1"	18786132	15789333	19805450	12231288	14674607	9389553	11738789	12921775	11867606
"Q8IUF8"	1003019.56	1159141.2	NA	NA	NA	NA	NA	NA	NA
"Q8IUH3"	NA	NA	NA	NA	NA	NA	NA	NA	NA
"Q8IUH4"	NA	NA	4023917.2	3663338.8	NA	NA	NA	NA	NA
"Q8IUI8"	NA	5701377.5	NA	6805156	9067508	7978348	7755734	7055773	7651330.5
"Q8IUR0"	8133982	8950231	10308956	10277416	10879211	8969713	8389132	6421521.5	8251665.5
"Q8IUR5"	NA	NA	NA	NA	5672559	5519756	6356776	6157859.5	NA
"Q8IUR7"	10813944	10750198	9908084	11167057	12934806	13405523	10596888	9780704	9920830
"Q8IUS5"	NA	NA	NA	NA	NA	NA	NA	NA	NA
"Q8IUX1"	NA	NA	NA	NA	NA	NA	NA	NA	NA
"Q8IUX4"	NA	447129.6	NA	3218552.8	3959278	NA	NA	NA	NA
"Q8IV08"	78546424	86571128	70504904	51342008	48438964	54276520	32055062	31809944	27534312
"Q8IV20"	16317631	11311087	9350858	24688278	24179636	22554470	9749611	8309320	8611187
"Q8IV38"	NA	12436077	14191421	NA	NA	NA	NA	NA	NA
"Q8IV48"	11475222	8398324	7195596.5	8089332.5	5362170.5	7454996	4711887.5	8287467	11484982
"Q8IV50"	NA	NA	NA	7511763	5176909.5	6853482.5	NA	NA	NA
"Q8IV53"	6597850.5	3956771.2	10994280	NA	3648541.8	NA	3448699.8	7325845.5	3551503
"Q8IV61"	NA	NA	NA	NA	NA	NA	NA	NA	NA
"Q8IV63"	NA	NA	NA	NA	NA	NA	NA	NA	NA
"Q8IVD9"	5363489	4855993	9914248	NA	NA	NA	NA	NA	2372912
"Q8IVF7"	NA	NA	NA	NA	NA	NA	5297481.5	5518052.5	4634479
"Q8IVG5"	10351957	20369768	6659090	27975518	24690334	29634952	NA	NA	NA
"Q8IVH4"	NA	NA	NA	6537523.5	7735486.5	4617630.5	NA	4755635	5309966
"Q8IVH8"	NA	NA	NA	NA	NA	NA	NA	NA	NA
"Q8IVL0"	NA	NA	NA	7966806	6904829.5	5413244.5	NA	7605908.5	6751798.5
"Q8IVL5"	NA	NA	NA	20957098	NA	NA	NA	NA	22089148
"Q8IVM0"	12129457	10067479	10280437	9450082	8802747	11658334	4119076.8	5403158.5	3922219.2
"Q8IVQ6"	NA	NA	NA	NA	NA	NA	NA	NA	NA
"Q8IVS2"	6333482.5	5109792	6898373.5	7742777	7562847	1425978.2	7608552	9327822	6545811
"Q8IVU3"	NA	14528028	9758653	23627064	29758246	24870138	19458544	NA	25921828
"Q8IVV2"	10971571	9954381	10143633	6525873	6389641.5	8194584.5	6439017.5	6642801.5	9765907
"Q8IW45"	6619633.5	4821028	6266975.5	7590391.5	11612514	8066530.5	8684204	9689806	10504841
"Q8IW52"	NA	919317.9	NA	1777258	4459509	3856891.8	NA	NA	NA
"Q8IWA0"	10761260	11700052	11472567	8525250	5275352	8316618	10325030	10451546	10865592
"Q8IWA4"	NA	NA	NA	NA	NA	NA	NA	NA	NA
"Q8IWB1"	NA	7419688	6668337.5	31498744	26598764	31526088	25545402	21411020	23424624
"Q8IWB7"	32265488	30141256	29611898	28180144	28328756	30803844	28881076	29317396	28701310
"Q8IWB9"	8123991.5	8230468	5727661	NA	NA	NA	5486063	4165115.2	3026797
"Q8IWC1"	NA	NA	NA	NA	NA	NA	NA	NA	NA
"Q8IWD4"	NA	NA	NA	NA	NA	NA	NA	NA	NA
"Q8IWE2"	2703532.5	4663157	8674677	9768061	14222708	9652003	5316150.5	NA	8180656
"Q8IWE4"	NA	NA	NA	NA	NA	9618315	5181037.5	NA	7377247
"Q8IWE5"	NA	NA	NA	NA	NA	3912254.5	NA	NA	2665604.2
"Q8IWI9"	NA	NA	NA	NA	NA	NA	NA	NA	NA
"Q8IWJ2"	8903916	5546879	8961442	8404231	10021010	10641596	6479722.5	NA	3753300
"Q8IWL3"	NA	2713764.2	NA	2043110.4	NA	NA	NA	NA	NA
"Q8IWR0"	3835538.5	8095203	3852383.2	5705897	NA	7614897	NA	6991070	NA
"Q8IWR1"	4357616.5	4483500	2557560.2	NA	NA	NA	NA	NA	NA
"Q8IWS0"	23362262	21385434	21853234	9261288	9123846	9808012	11898122	11061700	12961442
"Q8IWT0"	4302901	5707137.5	14431779	4266060	8147150.5	7705398.5	3977128.2	5441793	3660645.5
"Q8IWT6"	NA	NA	NA	21051296	39855248	21582250	61494020	66484368	69011768
"Q8IWV7"	2446118.5	2718406.2	8046984.5	7793464.5	9336328	5662752.5	6778413	NA	NA
"Q8IWV8"	4222764.5	3229465.2	5859608	NA	NA	NA	NA	NA	NA
"Q8IWW6"	NA	1818347.5	NA	4731304	1164094.5	3244373.5	NA	NA	2139751.5
"Q8IWX8"	20694014	22142524	21176798	16140283	15236095	13859432	13335615	12409390	12626442
"Q8IWY9"	2795377.2	633561.2	941596.4	922181.7	NA	NA	569553.8	NA	280320.78
"Q8IWZ3"	16015572	14466398	14586074	6986435	14044192	11310164	9376617	6422665	8232427
"Q8IWZ8"	7248205	7651918	9913093	NA	NA	NA	NA	NA	NA
"Q8IX01"	12244259	10506239	10647860	NA	NA	12772821	NA	NA	NA
"Q8IX12"	28100008	32654008	32941204	20100468	20931192	20639554	24477070	26466752	25978512
"Q8IX18"	NA	NA	NA	NA	NA	NA	NA	NA	NA
"Q8IX19"	12570363	6460873	13994792	NA	NA	NA	NA	NA	6142990
"Q8IXB1"	9300377	8041702	9126964	11152148	12189100	11467060	15407086	14044120	18093284
"Q8IXH7"	6425514	5695832.5	6080152.5	4500854	4423087	4211143.5	4652980	4821791	5717776
"Q8IXI1"	14304427	14449558	14851127	18142394	18346410	20485636	17631628	16824612	17456786
"Q8IXI2"	3079232	2669075.8	1231435.8	2116867.5	2787964.8	1874762.8	3114544.5	4484385	2015237.5
"Q8IXJ6"	7771123.5	8636336	8778076	8281685	9853896	11846649	8843481	7883788	12174604
"Q8IXK0"	15065019	19790998	19711554	8049063	6661440	10790410	6475403	7759146	12786251
"Q8IXL6"	NA	NA	NA	NA	2440167.2	NA	NA	NA	3736480.2
"Q8IXM2"	13189406	14321395	14845222	9059794	8717610	8920190	NA	6366029	5102143.5
"Q8IXM3"	19313520	16794894	21163154	16622084	12397863	11574435	16924644	16465758	19132922
"Q8IXM6"	NA	NA	NA	NA	NA	NA	NA	NA	NA
"Q8IXQ3"	NA	NA	NA	NA	NA	NA	NA	NA	NA
"Q8IXQ4"	7729612.5	6221417	7791240	2403229.5	NA	NA	NA	NA	NA
"Q8IXQ6"	14125925	13126407	13656459	25823254	26050578	24902494	7924716	9354021	7950036
"Q8IXT5"	14352238	13803234	15101555	10008844	9928924	9497243	9271059	8298308	7865256.5
"Q8IXU6"	NA	NA	NA	NA	NA	NA	NA	1112285.6	296349.78
"Q8IXW5"	NA	NA	NA	NA	NA	NA	NA	NA	NA
"Q8IY17"	11043825	8549736	8544619	16224378	12877473	12463289	19830458	20627440	20906608
"Q8IY21"	3525873	5493016	3786366.5	6955453.5	6093263.5	6786052.5	NA	NA	NA
"Q8IY22"	NA	NA	NA	NA	NA	NA	NA	NA	NA
"Q8IY26"	NA	NA	30165278	32808340	28043492	23900322	NA	8582439	NA
"Q8IY34"	NA	NA	NA	26980264	29820830	27765318	6518604	7678516	7934019
"Q8IY37"	3933933.2	3397729.8	6595234	NA	NA	NA	NA	NA	NA
"Q8IY47"	4102972.8	3771144.2	2818798.8	NA	NA	NA	NA	NA	NA
"Q8IY57"	NA	NA	NA	NA	NA	NA	NA	NA	NA
"Q8IY67"	35066344	33771876	34346780	22644592	20917664	20973458	22993646	26258318	22795230
"Q8IY81"	21275592	18601372	20936734	13530158	16755343	15708690	15950476	16477828	17405496
"Q8IY95"	10089299	10179715	9879294	9919927	5112616	10577140	10848751	7589722.5	8071456.5
"Q8IYB3"	56157768	56133148	58887120	31189400	35224548	30325004	33074012	30023870	34804312
"Q8IYB5"	14051875	14996530	11875682	9168836	15442903	13217836	11045913	8572266	11457818
"Q8IYB7"	NA	NA	NA	14599245	NA	NA	NA	NA	3979672.5
"Q8IYB8"	8083151	6897731	9117036	8974193	10508144	11050915	9375501	10423643	11205414
"Q8IYD1"	42187924	44940920	47956684	46064760	39614952	48194428	53078896	59874844	55161128
"Q8IYI6"	10212621	10269284	8393720	11337808	13447313	5835345	5234047	6003506.5	7888873.5
"Q8IYJ1"	NA	NA	NA	NA	NA	NA	NA	NA	NA
"Q8IYL3"	NA	NA	NA	NA	NA	NA	NA	NA	NA
"Q8IYM9"	10765489	7339435	11304892	21467028	25079914	20565726	NA	NA	NA
"Q8IYS1"	15758436	13077901	14901135	NA	NA	NA	NA	18084996	NA
"Q8IYS2"	4873917.5	6005376.5	5646715	8495611	7543706.5	4872126	3905423	7580170.5	4314401
"Q8IZ07"	4467042.5	2944343.5	3533555	NA	3227410.5	7081724.5	3350167.5	2760147.2	3310856
"Q8IZ21"	NA	4589731	4233667	7379033	8918649	11310479	NA	NA	NA
"Q8IZ69"	12218235	14398572	12112433	8107750.5	7549554.5	8244988.5	9952506	9877563	9682398
"Q8IZ73"	8170787	8669185	12298097	NA	NA	NA	9935515	7340593	3302634.2
"Q8IZ83"	31510274	27139592	29612776	22040172	21002254	22764110	27854596	24642432	28730204
"Q8IZA0"	NA	NA	NA	NA	NA	NA	NA	NA	NA
"Q8IZD4"	NA	NA	NA	NA	NA	NA	NA	NA	NA
"Q8IZE3"	NA	NA	1284924.6	2615050	2710135.8	NA	NA	NA	NA
"Q8IZH2"	6441117.5	4781203	3797401.5	8425471	8043922	6547892.5	1649411.5	NA	3389073.2
"Q8IZL2"	NA	NA	NA	NA	NA	NA	NA	NA	NA
"Q8IZL8"	20032816	24465246	19572800	19556928	19183544	18546150	20897346	20744024	20635032
"Q8IZP0"	59220024	56850540	63666060	70006624	65634372	65446344	68873616	70052512	67624232
"Q8IZQ1"	1860031.9	NA	2744519.2	NA	NA	NA	801179.6	NA	682707.6
"Q8IZQ5"	11761838	13165140	12679983	8145078.5	8649447	10669533	11493775	13621487	10220594
"Q8IZV5"	3228116.5	NA	NA	NA	NA	NA	11552851	9150629	6688624.5
"Q8N0T1"	NA	NA	NA	NA	NA	NA	NA	NA	NA
"Q8N0U8"	13480918	13177674	13179451	15430145	11356074	18618720	20577046	19540474	21533748
"Q8N0W3"	NA	NA	NA	NA	NA	NA	NA	NA	NA
"Q8N0X4"	NA	NA	1052463.8	NA	NA	2404544.8	4652036.5	3193010	4880202
"Q8N0X7"	29332452	27459040	27928436	27554346	25786836	25942294	17243990	21085650	15097603
"Q8N0Y7"	NA	NA	NA	NA	NA	NA	NA	NA	NA
"Q8N0Z6"	NA	NA	NA	NA	NA	NA	NA	NA	NA
"Q8N103"	NA	NA	NA	NA	NA	NA	NA	NA	NA
"Q8N108"	13500902	5694295.5	15011781	6398183	NA	4793739.5	NA	NA	NA
"Q8N122"	18103990	13694016	12792071	10771140	20779016	10160612	10923152	13409319	17583170
"Q8N128"	6383428.5	10302082	NA	13503143	17693660	15160830	NA	NA	NA
"Q8N131"	NA	16316684	11510752	29286326	24717212	27063586	26659080	29292374	28438488
"Q8N163"	74004648	69061872	72211352	58392344	55704624	58604440	54669384	54724776	56453988
"Q8N183"	16442158	NA	24755990	NA	16343468	11506363	24581632	18939926	22305640
"Q8N1A6"	2592932.2	4290713	2636665.8	NA	4367343.5	6904594.5	2141762	NA	NA
"Q8N1B4"	NA	NA	NA	NA	NA	NA	NA	NA	NA
"Q8N1F7"	31815776	31819498	30909026	22959956	23806204	25085152	22097824	22814806	24515808
"Q8N1F8"	4156322.8	4443589	2603343.2	4478690	3644982	3312403.2	2767572	1441810.1	3401978.5
"Q8N1G0"	3020672.8	2352686.2	3662348.5	3301880	4992191	171690608	1179922	1384918.5	1828515
"Q8N1G2"	5289492	9254383	7445997.5	11040938	12277001	12513279	15274949	3809565	NA
"Q8N1G4"	29123512	29840720	30894396	28941246	26018028	27169412	31635558	32709446	32400412
"Q8N1I0"	NA	NA	NA	4168936.5	4545217.5	NA	NA	NA	NA
"Q8N1Q1"	NA	NA	NA	NA	NA	NA	NA	NA	NA
"Q8N1S5"	NA	NA	NA	15559192	8372295	12626350	21428204	28900250	19382278
"Q8N201"	9280769	10983466	12150578	8084519.5	9279064	5898246	5331867	6294055.5	7400013
"Q8N239"	2931714.8	3311766.8	4602042.5	6022104.5	5096395.5	4601557.5	5286398.5	6524940	5053699.5
"Q8N2F6"	NA	NA	1998601.9	4364966.5	NA	3273445	7537988	7950589.5	9722469
"Q8N2G8"	6873827	7214450	12720139	4054756	10418022	14079477	10780200	9600305	7491636.5
"Q8N2K0"	13555033	14594215	14976383	22197084	21728000	23147668	26742118	27248800	25803960
"Q8N2M8"	NA	NA	NA	NA	NA	NA	NA	NA	NA
"Q8N2U0"	16271493	NA	15163121	17887404	NA	17169812	11400324	NA	17150714
"Q8N2Y8"	NA	NA	NA	NA	NA	NA	NA	NA	NA
"Q8N300"	NA	NA	NA	NA	NA	NA	NA	NA	NA
"Q8N335"	9541618	8355911.5	NA	11356066	NA	11417616	2216733.2	5663389.5	NA
"Q8N392"	29303322	29646344	30568392	20388144	18669730	18925686	22779658	23702920	23854432
"Q8N3A8"	3936259.8	NA	2519884.5	NA	2583971	NA	NA	NA	NA
"Q8N3C0"	13697311	19686930	15581284	15647332	18604096	16205705	16829810	14638305	14591177
"Q8N3D4"	13853968	12261024	9966285	21672830	19329800	17954168	10556921	14390658	12306790
"Q8N3F8"	5883398.5	9573032	10579038	21446068	19951354	20882342	14853461	16294576	12655541
"Q8N3L3"	NA	NA	NA	NA	NA	NA	NA	NA	NA
"Q8N3P4"	NA	NA	NA	NA	4539450	3986626.2	3147924.5	3772220.5	6201807
"Q8N3U4"	8353658.5	10220105	10750228	5933582.5	6369540.5	5338666	3916414.8	6338903.5	6472478
"Q8N3X1"	4104526	2657722	2487430.2	NA	4344303	4341352.5	2304527.8	NA	NA
"Q8N423"	NA	6608676	6455017	8940884	NA	3100728.2	5239449	2135536.8	NA
"Q8N442"	NA	2611258.2	1711201.4	2710535.5	3628683.8	NA	3497408.8	2292369.2	3034074.8
"Q8N488"	3864828.5	6284827.5	3833437.8	NA	NA	NA	3519813	9652697	NA
"Q8N490"	2630596.8	6789902	5258686.5	32680412	35423724	40602792	12155044	7380014.5	14390709
"Q8N4A0"	4365546	3560196.8	4080414.5	10570254	11128236	12055154	5246592	3785799	5245346.5
"Q8N4C8"	NA	2285188.2	4107940.8	6684411	6006564	NA	6401775	6366264.5	4787949
"Q8N4H5"	17735034	15724807	12081570	21333112	27415804	19480804	18682974	19742194	21014866
"Q8N4L2"	6546172.5	8987014	8990734	8428581	12444720	7821242.5	10127756	8933984	11645754
"Q8N4P3"	8894449	9797662	7617346.5	5786828	8596309	5612716.5	7844261.5	5447561	11045366
"Q8N4Q0"	NA	NA	4557979	NA	NA	2847181	NA	NA	NA
"Q8N4Q1"	16652695	21918338	23537322	22563942	21137676	23828184	26617804	30781542	31099270
"Q8N4V1"	12504614	8641986	6260640	10766975	13552049	13214842	12207485	17188746	18368964
"Q8N511"	NA	1452615.8	1314836.5	6863022	4375938	5253304	4117534.8	NA	NA
"Q8N531"	NA	NA	NA	NA	NA	NA	NA	NA	NA
"Q8N556"	NA	NA	NA	NA	NA	NA	5452888.5	4894368	5532568.5
"Q8N567"	NA	NA	NA	NA	NA	NA	NA	NA	NA
"Q8N573"	11927452	13461835	10746870	16857150	17398982	16246782	15571863	13249581	15367885
"Q8N584"	5961660.5	6843655	9169039	3529910.5	13611329	5962700.5	8139455.5	8135412.5	7523492
"Q8N5A5"	NA	NA	NA	NA	NA	NA	NA	NA	NA
"Q8N5C7"	2765833.2	1813988.9	1838436	2606950.8	3374654.2	3648787.5	1071970.8	1473898.1	NA
"Q8N5D0"	NA	NA	NA	NA	NA	NA	NA	NA	NA
"Q8N5F7"	NA	NA	NA	NA	NA	NA	NA	NA	NA
"Q8N5G0"	10804190	10671691	12543233	12944976	12361376	14779961	12105750	11154539	12702073
"Q8N5H7"	NA	NA	NA	NA	NA	NA	NA	NA	NA
"Q8N5I2"	5211974.5	6940579	5323193	3945819.5	6306178.5	NA	NA	NA	3759673.8
"Q8N5I4"	NA	NA	NA	NA	NA	NA	NA	NA	NA
"Q8N5I9"	NA	NA	NA	NA	NA	NA	NA	NA	NA
"Q8N5K1"	58573828	49510592	53891120	69304096	69637192	63784124	52663980	60343384	57186772
"Q8N5M1"	NA	4307509.5	NA	NA	4927443.5	6200994.5	6783561.5	5047009	5404914
"Q8N5M4"	11437594	8918279	9849249	11553137	9482317	8149410.5	NA	9301513	NA
"Q8N5M9"	16395243	19594148	17133178	25736924	30369316	33706420	24945908	25081480	22776734
"Q8N5N7"	20641952	23770866	21751502	18407052	18863106	18616292	14009860	19746388	15715402
"Q8N5P1"	NA	3541628.5	3733017.5	NA	NA	NA	NA	NA	NA
"Q8N5S9"	NA	NA	NA	NA	NA	NA	NA	NA	NA
"Q8N653"	NA	NA	NA	NA	NA	NA	NA	NA	NA
"Q8N668"	5398843	NA	4693462.5	2981270.5	NA	2805560	390468.47	5553629.5	3007979.5
"Q8N684"	22548634	22876820	20675978	18943278	16913120	22588878	15060231	14447053	13508051
"Q8N697"	4421454.5	NA	3704387.2	4658533	5353019	NA	NA	NA	NA
"Q8N6G5"	NA	NA	NA	4202726.5	4159233.8	2920660.8	3352771.2	3311691.5	2246341.5
"Q8N6H7"	27378714	25860952	26712778	16294583	15693832	15033133	13526156	14370447	14469939
"Q8N6L1"	26749354	19621338	24503422	26336466	36609196	24527726	28315478	29667672	36951264
"Q8N6M0"	12824143	11510076	12436265	15918197	7920634	14092628	14186276	12249117	10571859
"Q8N6N3"	7653035.5	10237331	8637107	NA	5294818.5	5039569.5	3690515.8	NA	NA
"Q8N6N6"	NA	NA	NA	NA	NA	NA	NA	NA	NA
"Q8N6R0"	7710312.5	7347183.5	8352449	8551128	10938805	6085669	11916365	10063718	12231838
"Q8N6S5"	NA	NA	NA	NA	NA	NA	NA	NA	NA
"Q8N6T3"	28000406	23719518	29816642	21259708	20915812	22860794	20893302	22040228	22471700
"Q8N6T7"	4049537.8	3627350.8	3943519	2162762.8	2323245.2	1117264.9	1173053.6	NA	2783117.2
"Q8N755"	NA	NA	NA	NA	NA	NA	NA	NA	NA
"Q8N766"	26970574	23598336	24899794	29432382	25371588	25635694	28084346	28222222	28642246
"Q8N7H5"	14398313	17338192	15281197	7296052.5	8715778	10434562	6011399	7156869	5949785.5
"Q8N7R7"	NA	NA	NA	NA	NA	NA	NA	NA	NA
"Q8N806"	19894916	14786259	18623282	3141564.8	NA	NA	7529400	10985230	8217623
"Q8N884"	9824700	9050602	11331712	21349396	18221562	18253214	NA	9052570	NA
"Q8N8A2"	13087236	12332206	13502356	19794186	19639264	14907619	14537674	14279019	14312554
"Q8N8A6"	6502014.5	4332940.5	3595912.8	NA	NA	NA	4027670.2	NA	2832444.5
"Q8N8J7"	NA	NA	NA	6137408	6400529.5	5848251	NA	NA	775552.2
"Q8N8N7"	4994505.5	6781054	5800843	3360210	6500277	3367269	6373125.5	6781723	6789341.5
"Q8N8S7"	NA	NA	NA	NA	NA	NA	6971434.5	8942001	7335572
"Q8N8V2"	NA	NA	NA	NA	45136008	22381890	NA	NA	NA
"Q8N8Y2"	NA	NA	NA	NA	NA	NA	NA	NA	NA
"Q8N954"	3328246.5	4782462.5	3220692.5	NA	NA	NA	NA	NA	NA
"Q8N961"	NA	NA	NA	1806661.9	4729027.5	NA	NA	NA	NA
"Q8N983"	21723560	17497174	20304720	14590116	8757249	14128069	18858544	19342330	7040227.5
"Q8N9A8"	NA	NA	NA	4369608.5	3074590.5	NA	1821146.8	NA	NA
"Q8N9B5"	NA	NA	NA	NA	NA	NA	NA	NA	NA
"Q8N9F7"	NA	NA	NA	5181257.5	NA	2820052.5	4821642.5	5822921	NA
"Q8N9M1"	NA	NA	NA	NA	NA	NA	NA	NA	NA
"Q8N9N2"	4379794.5	NA	6162031.5	4832614.5	NA	NA	5323345.5	NA	4494165
"Q8N9N5"	NA	668863.7	521401	NA	NA	NA	NA	NA	NA
"Q8N9N7"	12122011	13687502	12651238	12014976	10412801	12451334	11988583	10323071	11691312
"Q8N9N8"	NA	23414592	9023487	8703154	8235579.5	11060383	NA	NA	5939199
"Q8N9Q2"	2972212.8	3710130.8	NA	NA	NA	NA	NA	NA	NA
"Q8N9T8"	24488206	26440618	23855244	19104690	17006158	17300120	21016736	21299818	19896316
"Q8N9V3"	7727438.5	6112368	7775528	NA	NA	NA	NA	NA	NA
"Q8NA29"	NA	NA	NA	12305426	9165090	10979193	NA	NA	NA
"Q8NAB2"	321816384	364531264	321067296	109380696	115460624	18447288	20157786	19306024	18825824
"Q8NAF0"	NA	NA	NA	NA	NA	NA	NA	NA	NA
"Q8NAV1"	17881556	19524406	16899590	14470788	11935846	12542922	13515757	12457340	12359559
"Q8NB16"	NA	9633476	15343353	12883262	10489953	12152535	NA	NA	NA
"Q8NB37"	15670760	17897230	11214206	6670928.5	12663870	12419998	11942238	12797144	4578130
"Q8NB46"	4265463	2543052.8	NA	NA	NA	NA	NA	NA	NA
"Q8NB90"	4326773.5	NA	NA	NA	NA	NA	1482738.1	NA	NA
"Q8NBA8"	NA	NA	NA	NA	NA	NA	NA	NA	NA
"Q8NBF2"	13565889	13148087	12299729	15464738	14885921	14354665	11724700	12984607	15419721
"Q8NBF6"	5946038.5	5705541.5	5483911.5	5423181	6867382.5	6268272.5	6424340	3923950.2	6185533.5
"Q8NBI5"	2521969.5	1740501.9	1913337.1	2788217.2	3639077.5	NA	NA	5758806.5	4762049.5
"Q8NBJ4"	9609347	9898300	7961755.5	33068036	30271580	31398718	10862248	6281218.5	9510605
"Q8NBJ5"	40370076	39289192	40819032	50784172	49649896	51026820	67324920	65300788	63124284
"Q8NBJ7"	23175408	28108602	25685110	23756044	21689680	25217088	27389166	25997018	23897664
"Q8NBK3"	4962631.5	8505939	9851996	3505915.8	NA	3874247.5	NA	NA	NA
"Q8NBL1"	4120211.8	3500423.2	4435113	5431976.5	4827799	3170018	5863041.5	4302549.5	5671790
"Q8NBM4"	4069516.8	5544096	6121319	5514684	7634843	5670105	NA	5235536.5	4722655
"Q8NBM8"	21269668	17742944	22366394	21529138	17246178	25948168	18733000	21816684	21240992
"Q8NBN3"	1075716.5	NA	579713.7	NA	NA	NA	3668212.2	6886293	1431446.4
"Q8NBN7"	15112622	13550240	14453617	12081899	21706824	8982251	11490321	6081518	15701427
"Q8NBP0"	19685016	NA	NA	NA	NA	NA	NA	10953442	NA
"Q8NBQ5"	44805720	54895420	50660752	67575216	62458120	74950408	56829524	53952624	56973128
"Q8NBS9"	34205936	34296092	36856692	30373726	30158514	34583528	36199052	38598768	37883344
"Q8NBT2"	22751394	22285562	20272236	NA	NA	NA	NA	NA	NA
"Q8NBU5"	12819310	11821180	11387479	13767982	13691482	15902717	17254960	16120000	17952748
"Q8NBW4"	NA	NA	NA	NA	NA	NA	NA	NA	NA
"Q8NBX0"	37997300	37947316	38869172	35582784	34458736	34884048	30199580	30757110	31495070
"Q8NBZ0"	NA	NA	NA	NA	NA	NA	NA	NA	NA
"Q8NBZ7"	18518152	15851796	10656692	16707393	14313517	14290378	12568125	8014655.5	14134852
"Q8NC42"	NA	NA	NA	8321401	8580493	8914410	NA	NA	NA
"Q8NC44"	NA	8808845	10673034	NA	NA	16667677	11206237	12926083	11047134
"Q8NC51"	253418016	254435904	260945440	111593992	117121384	101336184	189491472	185274128	192275392
"Q8NC54"	NA	NA	NA	NA	NA	NA	NA	NA	NA
"Q8NC56"	25949960	28409612	26373712	39314592	39792476	46511464	41319320	48348952	44420100
"Q8NC96"	1621963.9	NA	NA	NA	NA	4109383.8	NA	NA	NA
"Q8NCA5"	17246134	17905964	17043650	11985826	13505298	12640277	21428662	20371222	19879184
"Q8NCC3"	7810433	1345555.8	NA	NA	NA	NA	7932824	12503668	NA
"Q8NCE2"	6980787.5	4094123.5	6529626	5707365.5	8010532	3327589.2	6793706.5	6552803	5559585.5
"Q8NCF5"	NA	NA	NA	NA	NA	NA	NA	NA	NA
"Q8NCG7"	2965355	3486657.8	3898925.8	NA	NA	NA	1712295.5	NA	NA
"Q8NCH0"	NA	NA	NA	NA	NA	NA	NA	NA	NA
"Q8NCI6"	NA	NA	NA	NA	NA	NA	NA	NA	NA
"Q8NCL4"	NA	NA	NA	NA	4552508	6398166.5	NA	6129733.5	NA
"Q8NCN4"	NA	NA	NA	NA	NA	NA	NA	NA	NA
"Q8NCN5"	4489242.5	5421233	3474094	7676130	6669069.5	8197742	11077765	9747990	11790762
"Q8NCR0"	NA	NA	NA	NA	NA	NA	NA	NA	NA
"Q8NCS4"	NA	NA	NA	NA	9374144	13696842	NA	NA	NA
"Q8NCW5"	75299440	73472672	74789264	65550356	70217600	64276120	68859936	72140384	68691232
"Q8NCW6"	NA	3820027.5	NA	NA	6323634	NA	NA	8289504	NA
"Q8ND04"	4688716	3652754.8	3968236	NA	6979291	NA	2290679.2	NA	NA
"Q8ND24"	15277955	13289752	11816590	10312615	7595932	8290663.5	3495058.5	6142301	9400480
"Q8ND56"	29220156	29685206	26576452	20224624	15910441	14545778	16350800	16257602	20336564
"Q8ND71"	NA	NA	NA	41818500	36583048	33863120	4241578.5	10498652	8220922
"Q8ND76"	NA	NA	NA	NA	NA	923537.06	5139319	4146432	5208737
"Q8ND82"	NA	4131573.5	2239276.8	NA	NA	NA	NA	NA	NA
"Q8NDA8"	4922857	4508125	4386185.5	6906465.5	7673980.5	6888470.5	7636170.5	7095802.5	6651613
"Q8NDC0"	147090896	164550112	155905920	99519552	93125576	102247040	89320976	98438632	95982184
"Q8NDD1"	NA	NA	NA	NA	NA	NA	NA	NA	NA
"Q8NDF8"	2720405.5	2116857.2	NA	1450863.5	NA	1969060.2	NA	1871642.6	2433610.5
"Q8NDH3"	2941755	2291838.2	NA	NA	4242393	3001023.5	6000815.5	5156359.5	5531519
"Q8NDI1"	NA	NA	NA	NA	NA	NA	NA	NA	NA
"Q8NDT2"	1816221.1	NA	3448471.5	NA	NA	NA	NA	NA	NA
"Q8NDX1"	4390610	6493853.5	6787873	7730346	7276885.5	9291671	8655485	10093831	9108636
"Q8NDX5"	NA	NA	NA	NA	NA	NA	NA	NA	NA
"Q8NDX6"	4372587	3321761.8	4091205.5	7057538.5	7483019.5	NA	4045752.2	NA	7515758
"Q8NE01"	NA	NA	NA	NA	NA	NA	NA	NA	NA
"Q8NE71"	26882844	27036162	31501590	30977314	26759594	33543886	33005680	38459056	36231132
"Q8NE86"	5943161.5	6808856	21003400	24420798	NA	NA	12334288	13212026	15444026
"Q8NEB9"	9841162	11702414	10336256	7782621.5	10689724	9566976	7917553.5	11220169	12100930
"Q8NEC7"	2816325.2	3106245.8	2633250.5	NA	NA	NA	NA	1279011.6	NA
"Q8NEF9"	7769695.5	6164815.5	8247498	6818902.5	NA	NA	6000706	4519190.5	3627151.2
"Q8NEJ9"	17001430	10240186	8837832	7337755	3983106	16243551	9964115	8769390	6528893
"Q8NEM2"	5773987.5	8488547	5253229	NA	NA	NA	NA	NA	NA
"Q8NEN9"	NA	NA	NA	NA	NA	NA	NA	NA	NA
"Q8NEW0"	12272118	16932872	24286206	28570076	37808912	38950068	29942494	21683540	25779138
"Q8NEY4"	NA	1569608.4	936240.75	NA	NA	NA	NA	NA	NA
"Q8NEY8"	8236727	7852586.5	7236390.5	NA	NA	NA	2348387.2	2916281	NA
"Q8NEZ2"	18540008	12142463	14390392	18954888	22582628	18122504	14454270	14640612	19866902
"Q8NEZ4"	NA	7427778	6841451	6308954	4203061.5	4389613	7010351.5	9849321	4654224.5
"Q8NEZ5"	4547579	4864477.5	4128828.5	4294062	5464947.5	5672092	2962952.5	NA	NA
"Q8NF37"	15005179	12183091	6587728.5	9182515	3311809.5	4351113	7706890	10183571	9951960
"Q8NF50"	35431732	36834492	38441572	51207500	53291844	53056100	43514620	44845004	43365180
"Q8NF64"	3781021.8	2284429	2011547	NA	NA	2256223.5	NA	NA	NA
"Q8NFB2"	4741286.5	NA	NA	NA	NA	NA	5669413	NA	2728882
"Q8NFC6"	6379855.5	6543442	6738379.5	3425128.5	2933063	6891404.5	2596211.5	NA	NA
"Q8NFD5"	6049851	6787553.5	4743277	NA	NA	2050973.8	NA	NA	4765147.5
"Q8NFF5"	6764884.5	5706018.5	6528937.5	8399044	10804665	5468864.5	2712580	9349496	10185090
"Q8NFG4"	NA	5143894	NA	NA	NA	NA	NA	3859360.5	5916504.5
"Q8NFH3"	18577518	17998296	20250356	8465192	9066061	8954323	9768365	10025241	8590346
"Q8NFH4"	12568542	13217531	13224653	9726367	10156596	9192497	8471059	9251872	8551170
"Q8NFH5"	25288110	27835120	29018398	22033176	24113412	19355666	18611530	20264774	26485394
"Q8NFQ8"	21816876	18994154	20428516	32722360	29859808	29762810	24917362	26131738	23241512
"Q8NFV4"	3739574.5	2327614.8	718009.6	3682006.8	4631868.5	1721519.8	2401746.8	NA	4146665.2
"Q8NFW8"	76523584	76757112	77331824	122662608	119662808	112659360	100431216	101468632	97348600
"Q8NFY9"	NA	NA	NA	NA	NA	NA	NA	NA	NA
"Q8NG08"	NA	NA	NA	NA	NA	NA	NA	NA	NA
"Q8NG11"	NA	NA	NA	NA	975749.2	NA	2223605.8	1119438.5	4107558
"Q8NG68"	NA	NA	NA	NA	NA	NA	NA	NA	NA
"Q8NHG8"	22881120	13996802	15845554	19638728	27218758	26167392	10555555	NA	11994672
"Q8NHH9"	7031149.5	6353257	5764999.5	5572229.5	NA	3553843.5	2207160.2	8264969.5	7594884.5
"Q8NHJ6"	17886652	22303416	18958184	21034764	21383372	22705664	14673053	12247108	13527806
"Q8NHM5"	NA	NA	NA	NA	NA	NA	NA	NA	NA
"Q8NHP6"	8254958.5	8445757	11599072	7725262.5	13640089	8144711	4077577.5	10490877	8377786.5
"Q8NHP8"	NA	5764242	6141504.5	NA	NA	NA	NA	NA	NA
"Q8NHQ9"	NA	3717648	3144635.5	NA	NA	NA	NA	NA	NA
"Q8NHU6"	27455062	27481660	26719110	20812844	18607910	20399282	NA	NA	NA
"Q8NHV4"	NA	NA	NA	NA	NA	NA	NA	NA	NA
"Q8NHW5"	4694171	6087051	5053066.5	2846731.8	3975635	NA	7412429	4605626.5	4562974
"Q8NHY2"	NA	NA	NA	NA	NA	NA	NA	NA	NA
"Q8NHZ8"	2830680.2	6855731.5	6613528	5452099	NA	4979966	NA	NA	NA
"Q8NI08"	NA	3294351.2	2606061.2	NA	NA	NA	2769148.8	NA	NA
"Q8NI22"	174928496	164055344	187687664	147891872	138695472	140244544	62691316	90716560	66167968
"Q8NI27"	16770353	16703905	15237754	13828752	14128792	12671462	11251325	11590172	12652905
"Q8NI36"	6463837	6666117.5	6297848	6519389	4509947.5	5938565.5	5620997	6078505.5	4964917.5
"Q8NI60"	11747169	9119640	8671905	6035621	8333014.5	4103375.2	10944735	8704641	12794427
"Q8TAD4"	2242469.2	NA	3159933.5	NA	4273084	4219091	8038459.5	NA	NA
"Q8TAD8"	6353369	4824527	6820788	4282427	5912581	5708829	NA	NA	NA
"Q8TAE6"	NA	NA	NA	7404381.5	NA	NA	4523076.5	NA	NA
"Q8TAE8"	16797000	19415874	18052748	11477083	14514987	11488689	15419645	15675177	14757571
"Q8TAF3"	3989009.8	NA	NA	6505295.5	3279594.5	NA	NA	5633783	NA
"Q8TAF5"	NA	NA	NA	2079977.1	2786254.2	3378017.8	NA	NA	NA
"Q8TAG9"	5338537.5	4381990	7237953	3463809	5643705	NA	4506770	2463295	3133497.5
"Q8TAK5"	NA	NA	NA	NA	NA	NA	NA	NA	NA
"Q8TAP9"	16979356	13138075	17704326	NA	NA	4987233.5	NA	NA	7336277
"Q8TAQ2"	65679036	72589544	73170056	39665848	35088692	41721092	33966580	32904188	34809884
"Q8TAT6"	22462180	21259796	20859968	29493802	26866064	27007404	27934544	27244490	26029462
"Q8TB03"	12782279	11716210	11878741	13034408	12440073	14986542	12640752	11688872	10060206
"Q8TB22"	NA	NA	NA	NA	900010.1	NA	4794161.5	4609157.5	5170443
"Q8TB24"	NA	NA	NA	NA	NA	NA	NA	NA	NA
"Q8TB36"	NA	4778427	5081161	NA	NA	NA	NA	3329390	NA
"Q8TB52"	2833472.8	3286087.2	2431391.2	NA	NA	NA	NA	NA	NA
"Q8TB61"	12418406	12910751	10303528	6384718	5236200.5	7207365.5	4319952.5	4597656	NA
"Q8TB72"	5935423.5	6813743.5	7150070.5	6071147	5243883.5	3404833	3793245	3890005.8	5756933.5
"Q8TB96"	NA	NA	1854200	NA	NA	NA	NA	1765612.9	NA
"Q8TBA6"	10237957	12158544	8744571	10120731	16771815	15527166	10710551	9641032	12054515
"Q8TBB5"	NA	NA	NA	NA	NA	NA	NA	NA	NA
"Q8TBC3"	2430910.2	NA	10354894	NA	NA	NA	NA	NA	NA
"Q8TBC4"	25310764	25996280	22514682	30560214	29794866	25039108	26586022	26923782	27565580
"Q8TBE1"	NA	NA	NA	10915831	10763068	8587163	8833863	10055522	12990081
"Q8TBF5"	NA	NA	NA	NA	NA	NA	NA	NA	NA
"Q8TBK6"	NA	NA	NA	NA	NA	NA	NA	NA	NA
"Q8TBM7"	NA	3747782	NA	4840447.5	3278837	NA	3221286	4846963	3306511.8
"Q8TBM8"	2336027.8	NA	NA	NA	NA	NA	NA	4960918	NA
"Q8TBP6"	838894.7	5081267	2450903.2	3800928	2443069.2	3679238.2	7298311.5	4691824.5	6961945.5
"Q8TBQ9"	20785970	22365858	22612850	24439930	28263696	27736574	27215108	24051418	26392446
"Q8TBX8"	14016569	20430014	15724401	23812482	27425056	28654220	12352352	14146210	20597088
"Q8TBZ3"	NA	NA	NA	NA	5742968	NA	NA	NA	1536566.5
"Q8TBZ6"	11292504	NA	14079665	NA	NA	NA	NA	NA	NA
"Q8TC07"	14683741	14144588	14071034	10343330	11582386	1908801.5	13753067	14343625	13127818
"Q8TC12"	12686013	11628987	9703670	15800570	16701190	17459318	21816870	21534700	20219544
"Q8TCA0"	NA	NA	NA	NA	NA	NA	NA	NA	NA
"Q8TCB0"	5624704	5213819	5813425.5	26050360	27466006	25616166	NA	NA	NA
"Q8TCC3"	NA	NA	NA	NA	NA	NA	7086333	6683591	5144222
"Q8TCD5"	12558865	13930523	12767493	14372664	10423721	13831389	13983872	12608064	12478570
"Q8TCE6"	14279370	17983750	19803490	13937371	16642261	15618303	15508388	1775230.4	18480828
"Q8TCF1"	16283431	15013286	13081071	5530880	19478776	NA	NA	NA	5459164
"Q8TCG1"	11253188	11362495	11268169	16558810	19842970	8025926	19620540	18497240	NA
"Q8TCG2"	NA	NA	NA	6800078	NA	7524077.5	NA	NA	NA
"Q8TCJ2"	30623418	35132676	34195244	40266120	40546240	41816952	46558848	46843444	44951100
"Q8TCS8"	24753052	25499252	24938186	44955660	44988044	44331664	17664624	19042110	19323222
"Q8TCT8"	20425070	16683514	15419305	21430818	23203922	18896348	9942329	13335140	10917347
"Q8TCT9"	241158720	230178368	213292960	535580320	453366080	422390144	516837920	528195968	461312000
"Q8TCU6"	NA	6635179	4882562	NA	NA	NA	NA	NA	NA
"Q8TCZ2"	5521448.5	5926936.5	10970356	5438790	NA	8581245	NA	NA	5366457.5
"Q8TD16"	5323348.5	4104060.8	NA	NA	5507508	NA	5503286	7970471	6791416.5
"Q8TD19"	31730542	30658682	33374916	17236982	18391200	18566496	16471456	17812330	16124034
"Q8TD30"	NA	NA	NA	NA	NA	NA	NA	NA	NA
"Q8TD43"	NA	NA	NA	1969024.2	1088729.6	NA	NA	NA	NA
"Q8TD55"	79745544	80275848	80925392	145315216	158811440	141081728	115256176	103057432	101704864
"Q8TDB6"	24632606	21735292	19215530	51646336	46986124	44935128	8055423	8542638	10612762
"Q8TDD1"	8443474	7200867.5	7258312	6188398	5379510.5	6154085	5615312	6597479.5	6201475.5
"Q8TDH9"	NA	NA	NA	NA	NA	NA	NA	NA	NA
"Q8TDJ6"	NA	NA	NA	NA	NA	NA	NA	NA	NA
"Q8TDN6"	71263312	77550000	68859192	46242084	42409464	49247480	54046352	55658200	48502504
"Q8TDP1"	54490140	59402080	61613380	11228089	11785963	10271068	9390105	8949114	7811382
"Q8TDQ0"	5899705	5574387	7064421	NA	NA	NA	NA	NA	NA
"Q8TDQ1"	NA	NA	NA	NA	NA	NA	NA	NA	NA
"Q8TDQ7"	6106984.5	2428475	2967530.5	4260942.5	NA	6965101.5	NA	3507813.8	8407073
"Q8TDW0"	17391314	14666292	16477109	8805419	10814213	9298332	18443262	18243254	17471392
"Q8TDX7"	20864232	21315632	20908854	20631674	23575582	24898914	19964122	18547152	19843012
"Q8TDY2"	NA	NA	NA	NA	NA	NA	NA	NA	NA
"Q8TDZ2"	60927816	63485512	62249436	39290916	42322812	41277608	38801352	37208792	38129872
"Q8TE02"	NA	NA	NA	NA	NA	NA	NA	NA	NA
"Q8TE58"	NA	NA	NA	NA	NA	NA	NA	NA	NA
"Q8TE73"	NA	NA	NA	NA	NA	28385840	NA	22466414	NA
"Q8TE77"	11348777	11831033	9852592	8202449.5	8849353	6561143	6018587	6329904.5	4044381.5
"Q8TEA7"	NA	NA	NA	NA	NA	NA	NA	NA	NA
"Q8TEA8"	6371816	7045214	5498253	3911840.5	3804212.2	4480933.5	6202037	7841974	5238511
"Q8TEB1"	NA	NA	NA	NA	NA	NA	NA	NA	NA
"Q8TEB9"	NA	NA	NA	NA	NA	NA	NA	NA	NA
"Q8TED0"	12510908	13269609	10085417	7855610.5	4056647.8	9403804	8476026	8777151	8641273
"Q8TED4"	NA	NA	NA	NA	6919216.5	NA	14792381	13557264	11011116
"Q8TEK3"	NA	1947525.8	1026443.9	NA	NA	NA	NA	NA	NA
"Q8TEL6"	NA	NA	NA	NA	NA	NA	NA	NA	NA
"Q8TEM1"	37609792	36877960	39148076	28226160	28008602	28481098	25771320	27733402	27418698
"Q8TEP8"	NA	NA	NA	NA	NA	NA	NA	NA	NA
"Q8TEQ6"	11666646	12721068	11247803	6156092.5	7013344	8155607	8818435	8484946	10110898
"Q8TER5"	8681921	NA	2399268.5	10899892	12343227	12340488	10463563	10806440	9906080
"Q8TEU7"	NA	NA	NA	NA	NA	NA	NA	NA	NA
"Q8TEX9"	22055174	19929324	20609428	23760304	27530872	23944248	36306576	37947764	43747412
"Q8TEY7"	NA	NA	NA	NA	NA	NA	NA	NA	NA
"Q8TF01"	NA	NA	NA	NA	NA	NA	NA	NA	NA
"Q8TF05"	8071626	9391986	10100134	11878597	11985512	11740132	6407853.5	8266654.5	10304359
"Q8TF40"	NA	NA	NA	NA	NA	NA	NA	NA	NA
"Q8TF42"	NA	NA	NA	NA	NA	NA	NA	NA	NA
"Q8TF64"	8153314.5	14860482	13742057	15989728	21693634	15499721	19358722	15882868	17840990
"Q8TF68"	NA	7708511	2532840	NA	NA	NA	NA	NA	NA
"Q8WTS1"	NA	NA	NA	NA	2376969.8	3518232.2	1723910.9	1703059.1	NA
"Q8WTS6"	2773161	5009081.5	6127765	NA	NA	NA	4752348.5	5288659	4886843
"Q8WTT2"	14805769	13009866	12039213	11516413	9331991	11782582	11902130	13103367	14005612
"Q8WTV0"	NA	9572272	12768053	NA	NA	NA	NA	NA	NA
"Q8WTW3"	6093956	6025010	5625777	5864543	5349774.5	4817164.5	3239799.2	4105561.8	5390257.5
"Q8WTW4"	NA	NA	NA	NA	NA	NA	NA	NA	NA
"Q8WU10"	NA	NA	NA	NA	NA	NA	NA	NA	NA
"Q8WU67"	NA	NA	NA	NA	NA	NA	NA	NA	NA
"Q8WU76"	3139826.5	2986421.8	1452383.5	3944097.2	NA	1733357	NA	8624022	2955466
"Q8WU79"	115185608	119898072	121545936	83113640	88005440	82220616	79702896	81554440	82599632
"Q8WU90"	21697234	22556710	22011224	11275777	12978088	15236813	11807981	13357430	11156057
"Q8WUA2"	23311570	21683648	26530956	16845694	17434502	17562636	11826415	12399673	11502947
"Q8WUA4"	4799548	8537680	7540056.5	NA	NA	NA	NA	NA	3466116
"Q8WUA7"	NA	NA	NA	NA	NA	NA	2524504.5	NA	2397911
"Q8WUB8"	10677054	13532485	11134038	NA	NA	NA	NA	NA	NA
"Q8WUD1"	9273123	7201945	8962237	6860113.5	18142130	11708639	10289505	6572902	10000326
"Q8WUD4"	10037548	10925458	9781327	6953593	4464107.5	3127082.5	5259389.5	17720154	NA
"Q8WUF8"	1236664.2	1294157.9	2768381.8	NA	NA	NA	NA	NA	NA
"Q8WUH1"	21963312	24717098	25203890	11185194	13148513	15259660	NA	NA	NA
"Q8WUH2"	NA	NA	NA	NA	NA	NA	NA	NA	NA
"Q8WUH6"	10028709	9273877	10582813	10619620	10574556	11083626	10083294	9765595	9768480
"Q8WUI4"	NA	NA	NA	NA	NA	NA	NA	NA	NA
"Q8WUJ3"	NA	NA	NA	NA	NA	NA	NA	NA	NA
"Q8WUK0"	3146658.2	3391802	1484225.6	4178198	4002012.2	NA	NA	9831339	7008146
"Q8WUM0"	17766176	19018504	21210640	15911353	15862098	15830325	13560089	13901593	12666029
"Q8WUM4"	143057712	150441888	153250720	149108288	136868176	142441840	157638944	153712864	149356336
"Q8WUM9"	NA	5720106	7871995	5346105	NA	4200004.5	22105024	24139424	19326440
"Q8WUN7"	2945336	1772866.2	2263309.5	7195883	2681527.8	NA	NA	3306165	5107679.5
"Q8WUP2"	NA	NA	NA	NA	NA	NA	NA	NA	NA
"Q8WUQ7"	2695232	3246803.2	NA	5434007.5	NA	2746915	NA	NA	NA
"Q8WUR7"	NA	NA	NA	NA	NA	NA	NA	NA	NA
"Q8WUU5"	3951146.2	4914908	4904001	NA	6308776.5	2409592.5	5598598	NA	4362690
"Q8WUW1"	32157324	31389072	31204512	39808032	37777988	40232864	38674952	43342320	38741528
"Q8WUX9"	12936700	14380400	11347733	16702945	14149128	11548395	13389381	11236449	11403406
"Q8WUY3"	NA	NA	NA	NA	NA	NA	NA	NA	NA
"Q8WUY8"	NA	NA	NA	NA	NA	7512995.5	NA	1615084.6	8300041
"Q8WUZ0"	NA	NA	NA	NA	NA	NA	NA	NA	NA
"Q8WV19"	6956007	7275928.5	5691500.5	14684104	11636786	11993637	8741691	7152593	9634433
"Q8WV22"	9838044	2476653	4923776.5	NA	NA	NA	NA	NA	NA
"Q8WV24"	18862432	15901293	14040570	23519484	18174462	16135774	10185280	8462226	9793969
"Q8WV93"	NA	NA	NA	NA	NA	NA	NA	NA	NA
"Q8WV99"	NA	NA	NA	NA	NA	NA	NA	NA	NA
"Q8WVB6"	NA	NA	NA	NA	NA	NA	NA	NA	NA
"Q8WVC0"	17730732	19926150	18931562	NA	9804151	11885364	5435076	6394019.5	9634996
"Q8WVE0"	NA	NA	NA	NA	NA	NA	NA	NA	NA
"Q8WVI0"	NA	NA	1002042.56	NA	NA	1151805.8	NA	NA	NA
"Q8WVJ2"	25109914	26256816	27387986	14827027	13674068	14595507	19116314	16839248	15071387
"Q8WVK2"	14128052	5517941	NA	NA	NA	NA	10284478	NA	NA
"Q8WVL7"	NA	3303049.2	3298331.8	NA	NA	NA	NA	NA	NA
"Q8WVM0"	NA	NA	NA	NA	NA	NA	NA	NA	NA
"Q8WVM7"	NA	NA	NA	NA	NA	NA	NA	NA	NA
"Q8WVM8"	24113000	25033546	23683758	26641790	28366994	30396188	27221974	27782364	27310062
"Q8WVR3"	NA	NA	NA	NA	NA	NA	NA	NA	NA
"Q8WVT3"	21235644	19488988	28765848	20457304	27227656	15752392	23333284	19783074	23298636
"Q8WVV9"	19608402	19257996	20531720	21060210	21575090	22921594	15358124	14867828	16121583
"Q8WVX3"	NA	4549570	4237797	NA	4053686.5	NA	NA	2591943	2367902
"Q8WVX9"	7574678.5	6382802.5	9644212	NA	4944593	NA	NA	NA	NA
"Q8WVY7"	21303832	20336912	20916236	15219743	16107651	15745957	17119848	14658073	14355253
"Q8WVZ7"	NA	NA	NA	NA	NA	NA	2243010.8	NA	2327091.8
"Q8WW01"	NA	NA	NA	NA	NA	NA	NA	NA	NA
"Q8WW12"	73921288	78527072	75288296	41276516	43243120	40842080	44183076	44458692	45514516
"Q8WW22"	NA	NA	11468293	4870189.5	NA	NA	NA	4723921.5	7021578
"Q8WW33"	19638840	19526632	18353468	NA	NA	NA	NA	NA	NA
"Q8WW59"	NA	NA	1712595.2	6487781.5	8384865.5	4149827.2	4726517	7111486	8765029
"Q8WWB7"	NA	NA	4687779.5	9307094	NA	13443390	NA	NA	NA
"Q8WWC4"	7456337	6334508.5	6974743	7913015.5	6862168	10511104	9587338	NA	8056896.5
"Q8WWH5"	NA	NA	NA	NA	NA	NA	NA	NA	NA
"Q8WWI1"	NA	NA	NA	NA	NA	NA	NA	NA	NA
"Q8WWI5"	7382885.5	9461118	7280650.5	4654900	5173544.5	5480061	4213215.5	3409504.5	2265089
"Q8WWK9"	NA	NA	NA	NA	NA	NA	NA	NA	NA
"Q8WWM7"	48539440	52506940	51594284	40410312	39118252	40425928	36087976	35623848	33960640
"Q8WWN8"	NA	NA	NA	NA	NA	1246934.8	9254242	6808297.5	7551386
"Q8WWP7"	NA	NA	23623482	NA	NA	NA	NA	57965448	62657960
"Q8WWQ0"	37573184	34202188	31498542	14379530	17475876	12492794	15467442	10582681	12542788
"Q8WWV3"	NA	16534410	NA	NA	NA	15133556	NA	NA	13165248
"Q8WWW0"	8877171	7670167	9082889	6583899.5	5024505	7239634	5796586	5784997.5	7722100
"Q8WWY3"	14049355	15533680	13648602	11054531	12220358	13143223	10646018	11736296	10421052
"Q8WX92"	24753426	21588602	18648596	18520452	18263790	14363545	15081957	13536616	18646898
"Q8WX93"	NA	NA	NA	NA	NA	NA	NA	2963205.8	4807961
"Q8WXA9"	15091524	15514482	15880555	9868867	8458736	8492742	9148892	9882465	8910089
"Q8WXB1"	1803726	3946989	4109238	NA	NA	NA	1373883.6	NA	4392716.5
"Q8WXD5"	1856738.5	2934547.2	NA	NA	NA	NA	NA	NA	NA
"Q8WXF1"	80877488	82375840	85312824	47273700	48784276	43263012	49829164	47702476	48229372
"Q8WXG1"	NA	NA	NA	99475608	101062696	102704696	NA	NA	NA
"Q8WXG6"	NA	NA	NA	NA	NA	1488102.9	5279093	9529678	NA
"Q8WXI4"	6753799	9237211	8188042	5888300	6075963	6511801.5	6692824.5	7655439.5	7947420
"Q8WXI9"	37613348	39677236	33709148	14020956	15992519	13447344	9834187	12218488	13731042
"Q8WXW3"	NA	NA	NA	NA	NA	NA	NA	NA	NA
"Q8WXX5"	34103940	33010932	30258298	7354807	10608482	6391620	8072648.5	6671081	9348335
"Q8WY22"	109199008	117811032	111072928	66444888	58949044	70504360	67542808	57945820	50656120
"Q8WY54"	2968994.5	NA	NA	NA	NA	NA	1445933.4	2570641.2	2228462
"Q8WYA6"	13493487	17286012	14389929	21131846	17409842	20591478	13446641	13501824	12838713
"Q8WYH8"	NA	NA	NA	NA	NA	NA	NA	NA	NA
"Q8WYP5"	9688108	9368241	9238207	4969293	5831089.5	5593429.5	5111599.5	5194442.5	5240806
"Q8WYQ3"	NA	NA	2452640.5	NA	NA	NA	6109101	14250931	10598890
"Q8WYR1"	NA	NA	NA	NA	NA	NA	4090522.2	4568320	3116363.5
"Q8WZ19"	NA	NA	NA	NA	NA	NA	NA	NA	NA
"Q8WZ42"	NA	NA	NA	NA	9368968	5224881	NA	NA	NA
"Q8WZ59"	NA	NA	NA	NA	NA	NA	NA	NA	NA
"Q8WZ82"	18724246	15482798	16958370	37663476	45726996	37347832	20303496	28776486	24412018
"Q8WZA0"	12557053	15263291	17025610	16750390	12803508	7255359	8586036	10950505	7757613.5
"Q8WZA1"	NA	NA	NA	NA	NA	NA	NA	NA	NA
"Q8WZA9"	29671434	28306418	29050390	36253352	38250624	35837728	25351926	28323690	27269894
"Q92499"	52207892	51320384	52192980	38508752	41493452	37804460	43279140	42617768	40678640
"Q92508"	NA	NA	NA	NA	17507400	4748624.5	NA	2022304.1	761591.94
"Q92520"	34274600	33727088	29614388	34834156	40470852	42146960	35910408	37530856	39082936
"Q92522"	150360800	158663792	141309664	216179552	190633264	183297376	138526192	127056304	150476192
"Q92526"	3951359.5	1164640.5	3846659.2	2588415.8	3682441	NA	NA	NA	NA
"Q92530"	10394985	8665225	6466000	6486155	6907979.5	7833933	2846413	5604128.5	3347569.2
"Q92537"	NA	NA	NA	5786570	12348352	7681271.5	NA	NA	NA
"Q92538"	11447207	10531697	11016282	9223981	11365010	11301909	9222216	9694727	11022061
"Q92540"	1240737.2	706062.56	NA	NA	NA	NA	NA	NA	NA
"Q92541"	15566222	14958057	13336627	9619247	7706932.5	9597960	11151449	7941836	13407707
"Q92542"	14047424	17745314	17748260	21555122	20429370	24395664	16797340	13759176	13327563
"Q92544"	20648060	23598712	21700914	27143422	29302610	25606530	20159392	21644016	20735736
"Q92545"	NA	NA	NA	NA	NA	NA	NA	NA	NA
"Q92546"	NA	1093735.8	NA	3214514.8	NA	NA	NA	NA	3881861.8
"Q92551"	NA	6072885	8842220	7691834	NA	NA	5177123.5	NA	4727185
"Q92552"	7786462.5	6204837	6555322	5621644	6614367.5	6638066.5	7018431	7794345.5	7853770.5
"Q92556"	19681642	19540418	18559688	17937722	17755554	13624367	15999115	20818880	16596874
"Q92558"	NA	NA	811004.94	NA	1592846.2	NA	483836.44	NA	1147226.9
"Q92560"	212110.22	NA	NA	NA	NA	792582.75	NA	NA	NA
"Q92562"	NA	NA	NA	5674152.5	5429927.5	4658252.5	6539801	7429380.5	7394163
"Q92572"	21844150	21764224	23215608	28014616	27814268	27036608	22868472	23755428	20536260
"Q92574"	NA	NA	NA	NA	NA	NA	NA	NA	NA
"Q92575"	18327218	23573072	26638172	21829258	24062966	24923216	21085286	18871114	18052852
"Q92576"	4574923.5	6544547	5719238.5	NA	3395794.2	8681688	NA	NA	NA
"Q92581"	NA	NA	NA	1128607.1	2519354	NA	NA	3293250	NA
"Q92597"	4875471.5	7490379	13067715	19639384	20862532	21226498	46482608	46133380	38953632
"Q92598"	136778896	135785904	141891312	152891344	157608560	159839920	180925712	176701360	183806832
"Q92599"	12718760	12667305	13730763	17111694	14797348	15173720	15307112	13670905	12598420
"Q92600"	15242537	13708859	14018566	12042703	11100582	14417319	11984559	10833728	10454545
"Q92604"	1030998.06	2319491.8	2350534.5	1711044	4418022	866673.8	4160008.8	3485938.2	3381354.5
"Q92608"	101667592	104868816	107407032	105654296	104342240	112945416	95010456	87637296	95220440
"Q92609"	20956286	16386601	16913702	11268015	11142031	11434001	9924165	10929180	11555520
"Q92610"	12542964	4936481.5	NA	NA	NA	NA	NA	NA	NA
"Q92614"	31142708	28322306	29338516	14655770	16453617	20221328	13978233	12844767	14923177
"Q92615"	20119312	20823434	20612630	16252152	14768170	16803598	15043048	16291689	14982305
"Q92616"	37554920	35159588	35175140	45793340	47062660	44883016	50348356	52535244	53798456
"Q92618"	NA	5481426	5706212	NA	NA	NA	NA	NA	NA
"Q92619"	65239224	60692284	57003640	48009544	50229224	45448912	48957156	50455172	46708916
"Q92620"	9204021	8741705	8933986	3619391.8	10255239	4779673	7020620.5	5472844	3665476
"Q92621"	18097416	17923910	18437386	16843210	15492935	15668495	17495822	14251028	15371667
"Q92622"	NA	NA	NA	2557943.8	6331951	NA	NA	NA	NA
"Q92625"	5404898.5	10793030	8992329	12582438	11644514	13182348	12235717	8323571	8798063
"Q92636"	11463468	12416328	12893734	5022034.5	5970216.5	9528137	9585977	9470936	5849843.5
"Q92643"	9799636	9080329	8504481	8790096	9692647	9543366	6416379	9024194	9350189
"Q92665"	21787370	21962772	22627920	18406054	8218156.5	13766363	18103014	14877324	16967316
"Q92667"	7502997	8305656	1684171	NA	NA	NA	NA	NA	NA
"Q92685"	5517038.5	NA	26157784	NA	NA	NA	22822440	NA	NA
"Q92686"	2194008	5999531.5	6782385	NA	NA	4854415	12290729	12949942	15830095
"Q92688"	117119832	135231072	101448472	69529784	60324812	73970176	56089328	52414944	61775244
"Q92692"	8281916.5	7796344	7987993	14374688	12082673	16632192	5346095.5	7065805	8269787
"Q92696"	22725592	24328170	23776976	39454816	34512304	37307032	35757780	35136548	34763308
"Q92733"	18992782	17125330	17464296	10229047	11046323	9850160	9370110	9375237	7043118
"Q92734"	49146888	48793528	55250720	53633876	57265704	57688020	39076736	39873620	39820648
"Q92747"	29462866	31995180	29016876	39998888	38036008	38930260	36923820	42566568	41830308
"Q92759"	NA	NA	NA	NA	NA	NA	NA	NA	NA
"Q92766"	6263662.5	5202016	5297277.5	4124444.8	NA	NA	NA	NA	NA
"Q92769"	12471798	11462766	17928396	14335628	10737512	7406134	9128296	10520501	8907702
"Q92783"	40623880	37826192	35134260	38300260	41336568	42526788	45623220	44074764	42373516
"Q92785"	23692984	19618778	22731616	10373371	9202750	8175270	8353943.5	7342351.5	8271484
"Q92793"	6806040.5	6661159.5	7331625	NA	4135434	NA	NA	NA	NA
"Q92794"	NA	NA	NA	NA	NA	NA	NA	NA	NA
"Q92797"	25696988	24703128	27166488	19310218	15633197	14265777	16166035	14949040	14091098
"Q92804"	26993642	30217542	28329052	27851734	31006056	25569556	26449444	26352582	26447934
"Q92820"	29204056	33174332	29454508	26973424	25335294	24719136	18360120	16626875	19598464
"Q92835"	62684236	65558480	65119576	51872868	49386512	54226704	39845424	39884800	41405632
"Q92841"	147756048	159429312	153572432	108107768	108739584	115109832	104402920	100910280	102794304
"Q92844"	14518538	17489936	15021746	31441914	30083292	26750298	18505418	19286290	16869892
"Q92851"	4992856.5	2769827	NA	6473485	10669653	17168900	NA	NA	NA
"Q92870"	NA	NA	NA	NA	NA	NA	NA	NA	NA
"Q92871"	NA	NA	NA	NA	NA	NA	NA	NA	NA
"Q92878"	37198332	39041116	37366380	47985548	23408642	24015464	17717480	16216870	21043170
"Q92879"	10473044	9212514	8978014	16353386	18045486	19025080	18241736	18631532	18282742
"Q92882"	193558272	186904912	184366288	215777824	216552544	199298432	200118416	188246416	189145600
"Q92888"	40483688	40226088	41413168	38548536	36630992	36297008	43352384	42793944	42184268
"Q92889"	NA	NA	NA	NA	NA	NA	1422865.2	NA	2644495.8
"Q92890"	53334972	68967144	61928072	70980624	82949224	89504128	68913264	68822400	69497928
"Q92896"	18008146	13731278	15668645	12481793	12565074	11725138	17070408	17237454	16297845
"Q92900"	52206332	52498528	50110724	41565708	42693456	42144736	39060216	40319428	38339192
"Q92905"	22501894	24105160	23044538	19352240	23104416	22525926	23076526	22612986	22626172
"Q92917"	8479209	10287636	9507574	NA	2329283.5	1887229.4	3970985	5881862.5	3651851.8
"Q92918"	NA	NA	NA	NA	NA	NA	NA	NA	NA
"Q92922"	24219116	26368658	25086756	NA	NA	4733380.5	7365029.5	3718214.5	3639341.2
"Q92925"	29271376	29110568	27968130	11455859	10533373	11801503	7311017.5	9765491	14768126
"Q92928"	NA	NA	NA	NA	NA	NA	NA	NA	NA
"Q92930"	33763932	32542784	37497812	104036472	96498952	94658392	45539648	67610432	63458908
"Q92934"	NA	NA	NA	NA	NA	NA	NA	NA	NA
"Q92945"	203946592	210223136	206746016	106162088	98171704	101604168	130089216	132785512	130909816
"Q92947"	12255670	11037367	12332546	10123740	10854251	8604757	11555151	13469420	14223433
"Q92963"	NA	NA	NA	NA	NA	NA	NA	NA	NA
"Q92968"	5457118	3811808.8	2869204.8	5608841	8429937	5175583	4531030	3585475	4334332
"Q92973"	85889264	90205600	90491992	66698476	65772580	63263844	72842776	74208160	73749128
"Q92974"	72285968	72917048	70032976	70602512	72331272	67836648	62453176	59124752	57785660
"Q92979"	17876114	15685873	16398718	7883773.5	8367000	8223256	7001651	6393841	6609402.5
"Q92982"	NA	NA	NA	8430460	6660305.5	4396028.5	NA	NA	1886293.9
"Q92985"	8520596	11547891	8211560	4421491	3879694.2	4925225	NA	NA	NA
"Q92989"	NA	NA	NA	NA	NA	NA	NA	NA	NA
"Q92990"	25975510	21429644	25128698	24429198	24806530	26585496	23209484	27527358	23407812
"Q92993"	NA	NA	NA	NA	NA	NA	NA	NA	NA
"Q92994"	NA	NA	NA	NA	NA	NA	NA	NA	NA
"Q92995"	3902313.2	7833751.5	5593242.5	NA	NA	NA	NA	NA	NA
"Q92997"	NA	NA	NA	NA	NA	NA	NA	NA	NA
"Q93008"	22554490	20168708	21107748	23425598	23930446	22652820	26056878	23440204	25970676
"Q93009"	30583520	30888786	29487086	27267194	27632172	28384584	30947634	29855758	29026856
"Q93015"	NA	NA	NA	NA	NA	NA	NA	NA	NA
"Q93034"	10725465	12158306	12391407	14089901	15397160	15742630	15950982	16214509	17723854
"Q93050"	20061248	23015056	22644320	18426868	21628020	21180506	31940792	34142684	34467428
"Q93052"	24048374	24541160	23704278	31380194	27526774	29846200	31443686	29747088	30725372
"Q93073"	NA	2411295.8	1517470.8	NA	NA	NA	NA	NA	NA
"Q93074"	NA	4269467	1954311.5	NA	NA	NA	NA	NA	NA
"Q93084"	NA	NA	3369149.2	NA	8792768	5249288	6649361	7548041.5	8029636
"Q93096"	NA	NA	NA	1990712.4	2476089.5	3270979.5	NA	NA	NA
"Q93100"	NA	NA	1902114.6	NA	NA	NA	NA	NA	1706205.5
"Q969E2"	16746598	NA	NA	30270588	33011396	34504144	NA	NA	NA
"Q969E4"	10144826	9146651	8077448.5	7670134	7132390.5	6335079	NA	4376071	2812600.2
"Q969E8"	NA	NA	NA	NA	NA	NA	NA	NA	NA
"Q969F9"	NA	NA	NA	4494978	4726902.5	2351670.8	2380408	NA	NA
"Q969G3"	27939174	24262504	27066422	7975777.5	8040336	7564588	6585130	8440801	8346565
"Q969G6"	NA	NA	NA	NA	NA	NA	NA	NA	NA
"Q969H6"	NA	NA	NA	NA	NA	NA	NA	NA	NA
"Q969H8"	157358112	161729888	142689760	156363120	148287392	157087056	155430144	156225536	157037472
"Q969J3"	NA	NA	NA	NA	NA	NA	NA	NA	NA
"Q969K4"	NA	NA	NA	NA	NA	NA	NA	NA	NA
"Q969M1"	9134645	7030067	3708416	4148702.8	9608927	12956907	16294174	8848739	NA
"Q969M3"	8030130	8029880.5	7167748.5	12618261	11123983	10717009	10342472	8767867	12021323
"Q969M7"	12674841	17999998	NA	NA	NA	NA	12176137	18071128	8575329
"Q969N2"	10142324	7528128	8792093	7285670	7767637	8346983.5	6777396.5	4543313.5	6076786.5
"Q969P0"	NA	NA	NA	NA	NA	12351960	NA	11497021	9425809
"Q969Q5"	8578728	13902448	9045224	15640635	21262818	18108572	15033168	9759466	14122955
"Q969S3"	12768887	13748324	11064060	11947057	12260316	12571924	13137276	14093852	16638410
"Q969S8"	NA	NA	NA	NA	NA	NA	NA	NA	NA
"Q969S9"	NA	4194382	2584342.5	6152054.5	NA	5455974.5	6874768	5021922	4402207.5
"Q969T4"	24434412	25742228	26169586	17968112	17841784	19052522	7830625.5	11088592	10358352
"Q969T9"	31230014	31950908	30024116	29357198	28809490	28318508	27663934	28381258	30969314
"Q969U6"	NA	NA	NA	NA	NA	NA	NA	NA	NA
"Q969U7"	17708240	14985195	12958393	13751142	11119485	10738967	11367619	10758024	11046434
"Q969V3"	25048344	27141176	29118258	38464336	38214360	45278136	46239640	45672908	43296056
"Q969V6"	5004777	3376464.8	4181321	NA	NA	NA	NA	NA	NA
"Q969X0"	NA	NA	NA	30319450	14200139	55271836	43749588	52705428	46402564
"Q969X1"	13545701	NA	NA	35980200	27007370	26788338	14561342	18371446	18194944
"Q969X5"	NA	NA	NA	9827626	8431327	10695234	8334959	10737891	9298959
"Q969X6"	18955140	14373575	16531516	11218955	7854185.5	9634884	10397457	11677375	12457443
"Q969Y2"	NA	NA	NA	NA	NA	NA	NA	NA	NA
"Q969Z0"	16737116	16399858	15342194	9149541	15789455	11223057	20694970	19059788	21366084
"Q96A25"	NA	NA	2605952	3268285.2	5138885.5	3344574.2	NA	NA	NA
"Q96A26"	8654607	9352984	5429796.5	5108460	7056671	10829001	16324486	16803904	16177481
"Q96A33"	19035524	19502376	16368409	21902860	23687882	19879368	21590068	20816756	22989832
"Q96A35"	19699946	23667336	27998142	17889212	20096886	25163310	19004016	20743480	20395588
"Q96A46"	NA	NA	NA	NA	1895068	1520252.6	NA	NA	NA
"Q96A49"	25043462	20144144	23184042	15587329	14973260	14925636	13495276	18121858	14962514
"Q96A65"	35136368	43471836	35175328	29815446	41927940	36010560	29050624	33318622	27373446
"Q96A72"	98836736	95119280	102400440	68482840	60498812	72151576	55037020	53737924	59360956
"Q96AA3"	5092323	6524820.5	5344225.5	7145421.5	7276996.5	8465480	7526516	8036380	6603559
"Q96AB3"	16571493	13268173	12013451	25133956	25943124	15814734	31525506	19041104	34346980
"Q96AB6"	NA	2006954.1	NA	NA	NA	5617938	NA	NA	NA
"Q96AC1"	6476126	7482558.5	11159697	32404976	33563132	30405142	23774820	20981472	23903500
"Q96AD5"	NA	NA	NA	3565390.5	5832403.5	6669096	NA	7550637	6661229.5
"Q96AE4"	135379856	131520200	148299232	79019352	79660360	79856328	67858648	71373616	67973464
"Q96AG3"	NA	NA	6173163.5	NA	8276754	NA	NA	NA	12024785
"Q96AG4"	111979968	117350320	115504568	125902664	127217016	131427104	135211072	137898912	132129712
"Q96AH8"	8734475	9097420	6663292.5	22099236	27196080	18925820	16165984	14739581	15484047
"Q96AJ9"	5006141.5	NA	NA	6519141	5280354	NA	NA	NA	5342829.5
"Q96AQ6"	10119472	7886225.5	7086395.5	3673476	10104381	4140150.8	7743934.5	2126394.8	9187828
"Q96AT9"	65884240	67852720	60084252	52180852	56193368	54288296	54008988	52715808	57171768
"Q96AX1"	9254578	8360013	10830063	12376964	10014337	9888063	9588023	10245152	11627490
"Q96AX2"	NA	NA	NA	NA	NA	NA	NA	NA	NA
"Q96AY4"	NA	NA	NA	NA	NA	NA	NA	NA	NA
"Q96AZ6"	NA	1740899.6	3845069.2	81793528	62566160	78203272	NA	NA	NA
"Q96B23"	4264754.5	8866077	7441097	6459466.5	NA	NA	NA	NA	6592394
"Q96B26"	21321314	21338404	20943418	11884776	9978975	7693572.5	12329068	11837881	8053125
"Q96B33"	NA	NA	NA	NA	9690252	8771654	NA	NA	NA
"Q96B36"	6222139.5	2882269.8	6390487	3926331.2	5639696	5807601.5	6311028.5	6084446	8326822.5
"Q96B45"	NA	4536331.5	NA	1827580.5	5975520.5	2703948.2	NA	3646662.5	5015518.5
"Q96B49"	20351422	35129512	34651812	33337852	51864284	38823348	47769300	34776284	59736628
"Q96B54"	11867185	9021789	11068475	7013736	NA	NA	NA	NA	NA
"Q96B70"	NA	NA	NA	NA	NA	NA	NA	NA	NA
"Q96B97"	42625644	45712596	43461588	32580676	31478034	30500358	31074006	32746512	29617968
"Q96BD0"	NA	NA	NA	NA	NA	NA	NA	NA	NA
"Q96BD5"	NA	NA	NA	NA	NA	NA	NA	NA	NA
"Q96BF6"	NA	NA	NA	2816576.5	6544119.5	NA	NA	NA	NA
"Q96BH1"	NA	4548253	23375700	NA	NA	NA	4883868.5	4757256	5420529.5
"Q96BI1"	15562769	16353782	19516318	17559284	17148058	17285804	14874783	14300724	13141374
"Q96BI3"	11834433	15580821	9565549	11454532	14164785	12837243	11563951	9432341	13768823
"Q96BJ3"	10972819	13060252	NA	23782412	21311840	21487514	NA	6982410	NA
"Q96BK5"	NA	NA	NA	NA	NA	NA	NA	NA	NA
"Q96BM1"	NA	NA	NA	NA	NA	NA	NA	NA	NA
"Q96BM9"	158759008	162572976	143158688	267882304	251054144	257347744	230864768	262551632	236144272
"Q96BN2"	NA	NA	NA	NA	NA	NA	NA	NA	NA
"Q96BN8"	8856859	7255429	8418293	10528051	11888830	7551526.5	10204936	12991622	7639685.5
"Q96BP2"	12297708	11256385	NA	NA	6459208	NA	NA	NA	NA
"Q96BP3"	12834305	14236857	16293171	7891023.5	8748483	8325113	8109579.5	6407909	6236854.5
"Q96BQ5"	NA	NA	NA	NA	NA	NA	NA	384732.9	1358951.1
"Q96BR1"	13887176	14567880	16095383	8835760	8053287.5	9269531	6123885	4945062	8180168.5
"Q96BR5"	26313378	24197666	24201742	17501324	10871796	13449206	17846066	15211022	17441472
"Q96BW1"	NA	NA	NA	NA	NA	NA	NA	NA	NA
"Q96BW5"	26760582	22910360	24972122	33786484	31746466	32668040	30363740	30288582	29064204
"Q96BW9"	871998.44	1356268.1	1257580.2	1134347	1351384.1	1404522.8	714945.4	3126321.8	3004013.5
"Q96BX8"	6160906.5	10130899	8592567	16790074	17690784	17416640	13480134	11978641	11730456
"Q96BY6"	49680180	41552360	43985452	63886272	61573248	58974344	48965952	50381088	55383844
"Q96BY7"	NA	NA	NA	NA	NA	NA	NA	NA	NA
"Q96BZ4"	13731089	13268633	16189888	NA	NA	NA	NA	NA	NA
"Q96BZ8"	NA	NA	NA	NA	NA	NA	NA	NA	NA
"Q96BZ9"	NA	2238554.2	768258.6	NA	NA	5864425.5	NA	1158016	4627745.5
"Q96C01"	19486150	22274228	15778522	25567844	28274332	28128736	25384882	20874778	21514882
"Q96C10"	NA	NA	NA	8134604.5	7671684	6984889	NA	NA	NA
"Q96C11"	NA	NA	NA	NA	NA	NA	NA	NA	NA
"Q96C19"	174591952	170655696	167755952	192805616	170614592	181374512	176093392	170435168	172350176
"Q96C23"	32827448	26600708	30987090	78150760	86598000	72022304	43008580	43993652	41304016
"Q96C36"	24599624	21556108	21344326	8291034	11320944	9893782	21023980	19388424	21354030
"Q96C57"	17996024	NA	13403276	NA	NA	NA	6783616.5	NA	NA
"Q96C86"	48944508	50292548	48850108	33673884	33082238	30721618	30900162	30691316	31561802
"Q96C90"	49571148	52093436	37165324	34131456	28004564	31771570	40285360	32885196	31263996
"Q96CB8"	7556593.5	4466778.5	8376480	6585161.5	NA	5973292.5	1082643.4	NA	NA
"Q96CB9"	NA	NA	NA	NA	NA	NA	NA	NA	NA
"Q96CC6"	NA	NA	NA	NA	NA	NA	3591643	3670132	4737485
"Q96CD0"	NA	NA	3757263.5	NA	NA	NA	1111149	4233584.5	NA
"Q96CD2"	NA	3988032.5	4529481.5	NA	NA	NA	4501332.5	1688175.4	NA
"Q96CG3"	NA	NA	NA	NA	NA	NA	NA	NA	NA
"Q96CM8"	NA	NA	NA	NA	NA	NA	NA	NA	NA
"Q96CN7"	23292162	25484702	28118544	34450552	33253604	35773884	25579236	27344334	26091848
"Q96CN9"	NA	NA	NA	NA	2095443.6	2015679.1	NA	NA	2695059.2
"Q96CP2"	16305409	13417604	14876284	10940839	4338841.5	8948272	10716969	9352985	14065963
"Q96CP6"	NA	NA	NA	NA	NA	NA	NA	NA	NA
"Q96CS3"	24491114	23745308	23313028	34789724	35960904	37032928	36305816	33429788	35132084
"Q96CS7"	NA	NA	NA	NA	NA	NA	NA	NA	NA
"Q96CT7"	26384038	24693584	21748084	12952247	8286537.5	9915110	19077974	16670094	19082760
"Q96CU9"	6182832	4529658	4790227	3917321.5	1896366.1	4734596	6869292.5	5745700.5	6567211.5
"Q96CV9"	5453005	NA	NA	15435334	14084130	12521767	NA	NA	NA
"Q96CW1"	39879172	37109508	41442680	50938372	47055120	52323844	52411688	51386248	51645188
"Q96CW5"	9386694	8229475	8132697	8982211	8812054	8594615	8337370.5	7497744	7962119
"Q96CW6"	NA	NA	NA	NA	NA	NA	NA	NA	NA
"Q96CX2"	11879375	12266316	13170608	107815192	107319960	106373536	32300530	32683806	32981360
"Q96CX6"	NA	NA	NA	NA	NA	NA	NA	NA	NA
"Q96D31"	564514.7	NA	422209.88	742837	1169775.6	506970.8	NA	517744.5	991156.3
"Q96D46"	23053962	18864372	26856400	13923626	14488169	20466562	26581476	22449228	23251840
"Q96D53"	NA	2561094.8	1661568.8	2246108.2	2232694.2	1113404.1	1203905	NA	NA
"Q96D70"	NA	NA	NA	4862322.5	4044828.2	5190004.5	3600542.2	1978728.4	2970597.8
"Q96D71"	19493564	19460612	19143324	17473480	17293522	19796944	15818731	16804234	15460984
"Q96D96"	8792513	16162727	9300809	NA	NA	NA	NA	NA	NA
"Q96DA6"	NA	NA	NA	771419.94	NA	828463.5	NA	NA	NA
"Q96DB5"	16745968	15500691	17102598	14636734	15793190	16313444	15437449	14702836	14192119
"Q96DE0"	16615938	9921124	7889847	NA	NA	NA	4548311.5	4382128.5	5631130.5
"Q96DE5"	NA	NA	NA	NA	NA	NA	NA	NA	NA
"Q96DF8"	NA	NA	NA	NA	NA	NA	NA	NA	NA
"Q96DH6"	7784135	NA	7017514.5	7499816	9111599	6368181	9693348	8377586	9952783
"Q96DI7"	35491464	34096132	36017500	22638420	23380502	22005356	21355044	21030228	20638562
"Q96DM3"	4828451.5	2202468	1588883	4374347	3263091.8	4337069	2883756	4008323.2	2094079.9
"Q96DR4"	NA	3412862.2	2668302.2	NA	NA	NA	NA	NA	NA
"Q96DV4"	10706142	9268456	12309084	8807387	11326862	9079293	11930494	11773695	9606978
"Q96DX4"	NA	NA	NA	NA	NA	NA	NA	NA	NA
"Q96DZ1"	9208992	7226696.5	6484113	10641908	13372650	9801785	10622374	12272548	9009162
"Q96E09"	NA	NA	NA	NA	NA	NA	NA	NA	NA
"Q96E11"	15130522	14599746	14150789	15270407	13415048	9998527	13643252	16907730	13874890
"Q96E22"	NA	NA	NA	NA	NA	NA	NA	NA	NA
"Q96E29"	2918449.8	NA	1691786.5	NA	NA	NA	NA	NA	NA
"Q96E39"	NA	10188220	8936396	NA	NA	NA	NA	NA	NA
"Q96EB6"	NA	NA	NA	NA	2402315	2946546	NA	NA	NA
"Q96EC8"	NA	NA	NA	13296597	11501228	NA	NA	30436300	NA
"Q96EE3"	15526910	20090828	19743288	16182124	12398277	16162341	14053877	14704613	13383343
"Q96EH3"	NA	8081835	NA	NA	NA	4327910.5	NA	NA	NA
"Q96EI5"	NA	4582043	3937104.2	NA	NA	NA	NA	NA	NA
"Q96EK5"	NA	NA	NA	NA	NA	NA	NA	NA	NA
"Q96EK6"	9433326	8358830	8504395	14602595	12415846	16324390	9146671	11412979	12256321
"Q96EK7"	6943149	5879963	3708819.8	NA	NA	NA	NA	NA	2072508.6
"Q96EK9"	15937248	12739359	16555217	13183113	12065774	11056057	14633171	12146496	14880462
"Q96EL2"	14444173	3993291.2	8008447.5	5048264.5	6404096	16183435	6401568.5	7243933.5	4465211
"Q96EL3"	16925878	22488248	23320036	15324361	25588438	12801009	17578264	19768088	18792940
"Q96EM0"	NA	NA	6682724	10839469	9495381	6315679	6870087.5	8613355	8542015
"Q96EP0"	12478800	8166660.5	10261067	7905601.5	9646767	6547230	6852547	6952903	8270244.5
"Q96EP5"	141740976	133355568	144868112	80013440	86406288	86722136	79382032	87447112	86214560
"Q96EQ0"	16393479	18053034	17241670	25893846	26799768	26061920	28315818	27526224	27513672
"Q96ER3"	2908201	2177541.5	2733313	NA	NA	NA	NA	1423016.9	1287473.9
"Q96ER9"	3037980.5	5524920	2563801.8	1991164.8	NA	NA	3009520.5	NA	NA
"Q96ES7"	NA	NA	NA	NA	NA	NA	NA	NA	NA
"Q96ET8"	6948341	5173057	5388459.5	NA	NA	NA	9778605	16758237	8914314
"Q96EV2"	14108407	17701308	17186892	7777348.5	14768507	17043608	11949276	10076341	12556580
"Q96EV8"	NA	NA	NA	NA	NA	NA	NA	NA	NA
"Q96EX1"	NA	NA	NA	NA	NA	NA	NA	NA	NA
"Q96EY1"	23479938	21530316	21217350	17754680	16341373	24836254	24278522	23818122	27246714
"Q96EY4"	6968723.5	7000675.5	5496921	5751063.5	NA	NA	3177165	3508516.8	1448972.6
"Q96EY5"	NA	6206380.5	10990507	10027876	2117092.5	NA	12416842	11069818	17731918
"Q96EY7"	12546273	11866612	10250740	12121048	10270887	10732748	13969172	13180330	11657340
"Q96EY8"	21854514	17809506	19318638	20113864	24022564	21317144	14471603	18972274	19074504
"Q96EY9"	NA	NA	NA	NA	NA	NA	NA	NA	NA
"Q96EZ8"	NA	NA	NA	NA	NA	NA	NA	NA	NA
"Q96F07"	NA	NA	NA	NA	NA	NA	NA	NA	NA
"Q96F15"	5182724	4647499.5	2788984.8	13058242	14250474	13152118	NA	NA	5608941
"Q96F24"	NA	12852723	8368855	7584105	NA	7018988.5	8246868	12009484	8764653
"Q96F44"	2557850	2166072.5	1999369.4	1219960.5	NA	698834.1	1027645.44	753527.3	645547.3
"Q96F46"	8491741	NA	10548508	NA	NA	NA	NA	NA	NA
"Q96F63"	7991958.5	7706834	8292514.5	3673157.2	NA	8417151	1617834.6	7864181.5	NA
"Q96F86"	9627689	11101206	7951005.5	5523702.5	7972958.5	6103048.5	6193268	4658155.5	7186708
"Q96FJ2"	9610990	11642553	11808936	6907928.5	6756919.5	11706141	9601072	9320923	9232848
"Q96FK6"	1641601.8	2726987	3874921.5	NA	NA	NA	NA	NA	NA
"Q96FN4"	21316444	19326112	17362728	13508122	14772819	15176780	12427880	10375689	10520585
"Q96FQ6"	NA	NA	NA	NA	NA	NA	5553113	6490534	4191739.2
"Q96FS4"	18126534	20294510	21678928	16895108	19362368	19783232	15780576	17672750	16674381
"Q96FV2"	NA	NA	5573575.5	NA	NA	NA	9124374	7530391.5	7072382
"Q96FV9"	13474505	13822843	10977835	9370455	8938435	8511280	9383653	10721705	8312777.5
"Q96FW1"	91121392	88597456	85667160	116788248	101628360	117971224	108857296	113490272	115536944
"Q96FX2"	5524261	7639537.5	6958260	NA	9377524	NA	NA	NA	NA
"Q96FX7"	7335580	7509623	9114070	8153654	8568179	6265419.5	8915623	8436496	8947239
"Q96FZ2"	1193055.5	1141278.5	1523266.2	NA	NA	NA	NA	NA	601024.44
"Q96FZ5"	NA	10146146	13836744	12367964	NA	NA	12696631	19095956	5117236
"Q96FZ7"	16405666	17310228	20245342	15781899	15632870	16717099	19244218	10685209	14854633
"Q96G01"	NA	NA	NA	3369269.5	7100526.5	5833267.5	4845187.5	4255682	3208620
"Q96G03"	102649016	107659256	100016976	109122584	94922112	110605488	127933496	129366688	113563608
"Q96G21"	3776837	4537013.5	4690782.5	NA	NA	NA	NA	NA	NA
"Q96G23"	64663048	40611316	39679276	64204052	56804740	53061980	51719540	59554448	54274144
"Q96G25"	5121432.5	5104755	9722869	4561702.5	1729286.2	NA	NA	1259713.4	2391105.5
"Q96G28"	NA	479511.47	NA	NA	796848.06	402290.2	1458126.9	1207899.5	1566975.5
"Q96G46"	7319736	9426232	9466157	5706851	8498586	7058019.5	5661992.5	8502825	4186807.2
"Q96GA3"	21505180	24434808	16819250	8172647.5	10326401	NA	5907172	7405828.5	4722542
"Q96GA7"	19718778	15565681	16833872	24429020	26450856	24929218	20096026	19590946	20945174
"Q96GC5"	12931995	10344253	13853274	9601630	16858474	12799442	11490576	11024216	10451881
"Q96GC9"	6761999.5	10993945	14770091	23657204	33678640	10489319	14330150	18149468	23767034
"Q96GD0"	9387735	9028846	6605949.5	8800440	10355374	9314009	9535334	10459846	11494776
"Q96GF1"	NA	NA	NA	3081625.8	NA	3955862.8	NA	NA	NA
"Q96GG9"	16851964	20674260	18642488	24630642	21405322	28756400	23580534	22525472	22595992
"Q96GI7"	NA	NA	NA	NA	NA	NA	NA	NA	NA
"Q96GK7"	11749549	4653994	3853806.2	4096230	2495062.2	3043999.2	6745213.5	6605338.5	7765048.5
"Q96GM5"	NA	NA	NA	NA	NA	NA	NA	NA	NA
"Q96GM8"	20322026	17316600	19595374	18737124	14965146	13007405	13841740	6247923.5	17908694
"Q96GQ5"	NA	NA	3296046.2	NA	NA	NA	6021291	5725590.5	5677023
"Q96GQ7"	11244818	9986988	11829459	4821415	5580800.5	7561162	6227539	8029658	7738834
"Q96GS4"	2995069.2	NA	3940661.5	NA	NA	3298341.5	4433737	4604068	NA
"Q96GW9"	NA	NA	NA	NA	NA	NA	NA	NA	NA
"Q96GX2"	NA	15983163	13719325	7904597.5	6786389	5843756.5	2068004.5	5835185	NA
"Q96GX9"	7945123.5	6664996	10078166	11599150	8965328	12162951	15900888	11833371	13914613
"Q96GY3"	3172236.5	2211555.8	3203346.8	NA	NA	NA	NA	NA	NA
"Q96GZ6"	717270.94	622859.6	NA	NA	NA	NA	NA	NA	NA
"Q96H20"	12888235	11964073	14640620	9730056	11539575	12540687	13808957	10701336	10817384
"Q96H55"	NA	NA	NA	NA	NA	NA	4434659	3480536.5	NA
"Q96H79"	4254120	5010583	3693311.5	4061441.8	4783526	NA	NA	NA	NA
"Q96HA7"	2545943	NA	3727591.5	NA	NA	NA	NA	NA	NA
"Q96HA9"	NA	NA	NA	NA	NA	NA	NA	NA	NA
"Q96HC4"	38969040	38696684	38631124	35213416	36387068	36037772	36636168	37252348	39137548
"Q96HD1"	3234077.5	1990130.9	2762347.5	6677448	4168614.8	4418495.5	5729838.5	7117856.5	4936335.5
"Q96HE7"	49355892	46678420	46003008	94657976	100839440	86904944	78837736	75463584	74737816
"Q96HJ9"	NA	NA	NA	NA	NA	NA	NA	NA	NA
"Q96HP0"	NA	3100555.5	6303174.5	NA	8136587	9006251	8608182	10686343	9076650
"Q96HQ2"	4285637.5	2879894.2	4372260	1498840.5	2477788.8	2938958.5	1247810.2	3432235.8	2255237.8
"Q96HR3"	NA	NA	NA	NA	NA	NA	NA	NA	NA
"Q96HR8"	2669900	1006763.5	1921137.9	2906805.8	NA	3278366.2	2790918.8	NA	1657567.1
"Q96HR9"	2577661	810089.06	686613.9	2585381.8	1719520.9	NA	NA	NA	1197860.8
"Q96HS1"	32935536	29139762	31187136	26945538	26908706	26111292	35667364	33835540	34264488
"Q96HV5"	5042855	2882036.2	5218829.5	7887879.5	7722460.5	9361404	7461362.5	6101797.5	3531873
"Q96HW7"	7121134.5	5644832.5	5783733.5	8261814	4567468.5	4259900	4143685.8	4989302	4394272.5
"Q96HY6"	28067174	24347364	24622998	36534068	30661768	27432138	31884886	31066202	34143908
"Q96HY7"	8188463	5885825	4871241	5970588.5	6647574.5	7485855.5	5121544	8402460	5901975
"Q96I15"	13855511	13417139	12735511	7173356	11460559	11258769	11952176	12783603	13977123
"Q96I23"	3688123.8	2319713.2	1669283.5	NA	NA	NA	NA	NA	NA
"Q96I24"	88624760	95458264	98894432	59797028	61597804	64833740	73383600	76330688	72733560
"Q96I25"	19174392	20340034	19343566	8176705	10334785	10279832	6327842	7168488.5	8480733
"Q96I34"	NA	NA	NA	NA	766034.4	1476388.5	985924	NA	1094960.5
"Q96I51"	8356190.5	9979533	11599708	10416324	NA	5133570	7345650	6459380	9014920
"Q96I59"	NA	NA	NA	NA	NA	NA	NA	NA	NA
"Q96I99"	43247984	48402948	47473824	39155708	44310144	43545644	44710552	42552888	38606592
"Q96IG2"	NA	NA	NA	NA	7063607	NA	5685311	5702260.5	3546258.2
"Q96II8"	25379986	16436361	23379122	25913112	30659602	25533066	22515654	16872158	30254874
"Q96IJ6"	20264554	22635938	21778082	19358538	24412386	21620172	20432088	18709582	19929092
"Q96IP4"	NA	NA	NA	NA	NA	NA	NA	NA	NA
"Q96IR7"	3100947.8	NA	1195120.1	NA	NA	NA	NA	NA	NA
"Q96IU4"	42418156	43387716	48409120	41451440	41590060	48825056	48404360	49868740	47833996
"Q96IV0"	9491685	11297446	10948200	7284633.5	6584945	3142039	6434729	6914821.5	5903585.5
"Q96IW7"	NA	NA	NA	NA	NA	NA	NA	NA	NA
"Q96IX5"	213555888	198368176	218046752	215482800	166221856	216630736	226970032	207875056	203690816
"Q96IY1"	8681358	6687784.5	3445351.8	NA	NA	NA	NA	NA	NA
"Q96IZ6"	5754783	2605531.5	6386046	NA	NA	NA	NA	NA	NA
"Q96IZ7"	NA	NA	NA	NA	NA	NA	NA	NA	NA
"Q96J01"	25376564	26246654	25690426	16253659	10094874	14456787	16399572	20016138	16721050
"Q96J02"	NA	3228656.2	4497515	NA	NA	NA	2723291.5	NA	NA
"Q96J42"	NA	3533997.2	3027995.5	NA	NA	NA	NA	NA	NA
"Q96J88"	17140436	NA	12323835	12262875	12455989	13459735	NA	NA	NA
"Q96JB2"	9364212	6086605	5901129.5	8995049	7246705.5	5512401.5	6891436.5	9594176	7602016
"Q96JB5"	13785234	14949064	14089831	20406940	21418808	20492920	20610218	21515370	20652638
"Q96JC1"	6242694.5	6306052	7941225.5	13135873	10093312	6660862	8717424	8418020	9686907
"Q96JG6"	1842553.2	3895483.5	2012924.1	1096024.2	NA	NA	3285386.2	NA	2958709.2
"Q96JH7"	13582970	12636313	13147695	19637652	16960150	16988710	12521531	10246285	10339403
"Q96JJ3"	18483444	17248094	18605818	36681812	35492384	38166644	32238258	31367068	32166020
"Q96JJ7"	47071160	40752508	43795408	50250996	43221484	45642016	35833420	40094868	36373796
"Q96JK2"	NA	NA	NA	NA	NA	NA	NA	NA	NA
"Q96JM3"	16469828	17023814	19473646	8776766	7581041	9503806	11120298	11956768	NA
"Q96JM7"	NA	NA	NA	NA	NA	NA	NA	NA	NA
"Q96JP5"	17200664	15909148	16115993	11129589	9542735	12116237	9032145	8498996	9572458
"Q96JY6"	24584312	21415780	22079442	29457866	29465968	30189688	18488814	19966130	22972246
"Q96K12"	NA	NA	NA	8814936	7204871.5	5792208.5	NA	NA	NA
"Q96K17"	136781888	128590968	116752104	109068360	101441208	124041848	111373048	108399304	105095968
"Q96K19"	9578372	7573541	9887397	17426178	12089488	12840657	11541562	12473666	10904342
"Q96K21"	5424234	NA	NA	NA	NA	NA	NA	NA	5602298.5
"Q96K37"	9081746	11386182	12880338	19909164	15966420	18459074	21340806	16130653	18515134
"Q96K49"	NA	NA	NA	7078109	7950699.5	8586223	6411444	NA	7247393
"Q96K76"	8852070	9599059	8037229	4132153.5	9274014	5186236	5493470	5621677	7507410
"Q96KA5"	9873041	13585099	11049473	8318754	10412232	9464394	NA	NA	3486858.2
"Q96KB5"	12626737	11917359	12183541	NA	NA	NA	NA	NA	NA
"Q96KC8"	19966358	19435670	17598602	23687106	26739884	22492288	21411216	20226424	19453350
"Q96KG9"	17869462	20393746	18213558	17115366	17732462	18383710	16858318	15558165	18027304
"Q96KM6"	17114806	8892570	12988339	NA	NA	NA	NA	NA	NA
"Q96KN1"	9396089	4728965.5	NA	NA	NA	NA	NA	NA	NA
"Q96KP1"	11976766	14325610	15644155	20387786	18383624	17728618	15295604	11906603	14802941
"Q96KP4"	54909312	55955828	58375940	211087072	230879312	225304448	120681280	123952800	124555248
"Q96KQ7"	4948392	5344503	5393700.5	3989061.8	2973366.5	1593475	1129030.8	2083664.6	2773162.2
"Q96KR1"	29502448	27057130	27430398	13717713	15300456	14261190	17067320	15946458	16694316
"Q96L14"	NA	NA	NA	NA	NA	NA	NA	NA	NA
"Q96L46"	NA	NA	NA	NA	NA	NA	NA	NA	NA
"Q96L58"	NA	NA	8320368.5	NA	10073787	NA	NA	4909959.5	NA
"Q96L91"	5099257	6707039.5	3821471.8	NA	NA	NA	NA	NA	NA
"Q96L92"	12578530	13881396	11203340	18056476	16105550	17802170	17170754	18312870	17858276
"Q96L94"	NA	NA	NA	NA	NA	NA	NA	NA	NA
"Q96LA8"	NA	NA	NA	NA	NA	NA	NA	NA	NA
"Q96LD4"	NA	NA	NA	NA	NA	NA	NA	NA	NA
"Q96LD8"	4056486.5	2240107	2081226.9	4858806	NA	4050159.8	1928573.2	1380165.6	1608904.8
"Q96LI5"	NA	NA	NA	NA	NA	NA	NA	NA	NA
"Q96LJ7"	1818724.1	2177139.8	NA	7696462.5	9894441	1673802.5	NA	2362011.2	3897246.2
"Q96LT9"	NA	NA	NA	NA	NA	NA	NA	NA	NA
"Q96LW7"	4082848.8	5945958.5	1741979.2	8140767.5	7483664.5	9357717	8641160	8888363	7219917
"Q96LZ7"	NA	5804671.5	NA	NA	6900806	6238031.5	NA	5639466.5	10062913
"Q96M27"	36980304	38871268	30660428	39662804	35716528	30751598	19460952	20519412	23240404
"Q96M42"	2859780.2	180142.64	2178080.8	2534430.2	3438603	2798587.2	1825863.5	1332178.6	1870553.9
"Q96ME1"	NA	NA	NA	NA	NA	NA	NA	NA	NA
"Q96ME7"	10401031	9223546	13734536	NA	5341618.5	NA	3892759	NA	NA
"Q96MF7"	4198764.5	NA	5735611	NA	NA	NA	NA	NA	NA
"Q96MG7"	NA	NA	NA	NA	NA	NA	NA	NA	NA
"Q96MH6"	NA	NA	NA	NA	3920346.2	5431241	6019300.5	4076650.5	7248474.5
"Q96MU7"	14199908	11193926	14796828	11774847	13747558	12463297	12116134	14018733	8981012
"Q96MW1"	14846671	13327903	14099278	7068898	5668916.5	5496616	10362777	9600389	9780434
"Q96MW5"	NA	NA	NA	NA	NA	4917072	NA	NA	2812537.2
"Q96MX0"	NA	NA	NA	14524847	11319037	16557081	15669418	17882428	17315446
"Q96MX6"	60878740	54853192	52684124	NA	NA	27955872	32923070	33764396	22019630
"Q96N11"	1409617.4	1762179.9	1828133.4	1521818.1	2208598.5	982551.94	NA	472218.97	1007617.9
"Q96N21"	NA	NA	NA	NA	NA	NA	NA	NA	NA
"Q96N46"	NA	NA	NA	NA	NA	NA	NA	NA	NA
"Q96N66"	12602499	11465277	12447220	18890184	20430624	17533656	30044004	31173222	28992130
"Q96N96"	NA	NA	NA	NA	4622172	1290587.9	NA	NA	NA
"Q96NB2"	2792559.2	NA	1242847.1	NA	NA	NA	NA	2612848.8	3738443
"Q96NB3"	NA	NA	NA	NA	NA	NA	NA	NA	NA
"Q96NC0"	7461468	7848793	7472645	5307095.5	6297590.5	5579506.5	3652241.2	5145416	5763061.5
"Q96ND0"	NA	NA	NA	NA	NA	NA	NA	NA	NA
"Q96NT0"	NA	NA	5263242	NA	4246848.5	6074531.5	6693707	8032011	3478600.8
"Q96NW4"	NA	5412178	NA	NA	NA	NA	19230778	NA	NA
"Q96NY7"	16272928	16899266	174532880	19754020	22044864	22571726	19094060	18083938	14800194
"Q96P11"	840795.7	4426568	4933161	NA	NA	NA	1083001.1	NA	993220.06
"Q96P16"	6745457	5737606.5	5480531.5	NA	NA	1896111.1	NA	NA	NA
"Q96P20"	NA	NA	NA	NA	NA	NA	NA	NA	NA
"Q96P47"	9351599	8469430	9272296	12532308	13566023	11971672	15872838	14569174	13534513
"Q96P48"	18687238	19669252	16029096	24520214	25585108	26999340	28119592	28526806	30058796
"Q96P53"	6906108	9413493	NA	NA	NA	NA	NA	NA	NA
"Q96P70"	37486388	33636600	33224106	32539270	30255726	29013102	32449954	29141220	30794162
"Q96PC5"	7650695.5	9917894	8255782.5	11928518	11948312	12095301	10375254	11321657	13014603
"Q96PE1"	NA	NA	NA	NA	NA	NA	NA	NA	NA
"Q96PE3"	NA	3013848	2274525.2	NA	NA	NA	1782606.1	NA	2066536.4
"Q96PK6"	136237936	131189096	132723312	86966024	88722744	85806656	88231600	85246464	86665672
"Q96PM5"	3304146.2	4203029	4030796.5	5408679.5	4394323	4982073.5	NA	NA	3589051.2
"Q96PM9"	NA	NA	NA	11163704	9815364	7433500.5	13006112	14054898	17086870
"Q96PN7"	8992536	7405979	6075099.5	NA	NA	NA	NA	NA	NA
"Q96PP8"	NA	NA	NA	101244440	101920000	99978840	NA	NA	NA
"Q96PP9"	1041713.8	NA	2082007.9	48324148	41057580	46121720	NA	NA	NA
"Q96PU4"	4663281.5	1672772.6	3744512.5	NA	NA	NA	4057925.8	NA	NA
"Q96PU8"	59363220	63747904	59942724	57242172	56857900	59660012	56654668	57147404	64976192
"Q96PV6"	NA	9596589	1992122.4	7849851.5	NA	NA	3050503.5	4581166	6947709
"Q96PY5"	7599583.5	6636500	7672598	18256346	21009002	17212742	15951654	17477120	16907806
"Q96PZ0"	10120799	7613505.5	5312094	4179244.8	NA	NA	NA	NA	4776243.5
"Q96Q05"	NA	NA	NA	NA	NA	5226073.5	NA	NA	4474340
"Q96Q11"	10003525	8607258	9414905	8272252.5	11569267	11013602	10357143	10305052	10320453
"Q96Q15"	42858876	50571600	40881012	97315616	86183304	98715800	89260488	97908816	75592400
"Q96QC0"	7374822	9141378	7656789.5	4600107	5582880.5	6400352.5	2514597.5	2942322.5	2787177
"Q96QD8"	NA	NA	NA	33757688	34531636	31111588	29957696	21958758	26446206
"Q96QD9"	3015214	3187466.5	NA	3820851.2	5553838.5	5100865	2725394.5	2778736.8	NA
"Q96QE2"	NA	NA	NA	NA	NA	NA	NA	NA	NA
"Q96QE5"	804099.1	816800.75	3637179	NA	NA	2794401.8	NA	NA	NA
"Q96QG7"	14964910	11337136	12890404	13618028	14249552	14925932	14215139	14577895	14256486
"Q96QH2"	NA	NA	NA	NA	NA	NA	NA	NA	NA
"Q96QK1"	71852200	68395088	67832992	70204392	67288320	67933448	77090120	75304904	74748176
"Q96QR8"	37456292	35735788	31774102	50849244	57238692	47962528	66647736	64295784	70843008
"Q96QU8"	1796380.1	3118218	2223002	NA	2742156.8	1434341	NA	NA	449081.66
"Q96RD7"	11198497	11001314	14371052	31364740	34293392	28513064	15174862	16245133	15379260
"Q96RE7"	9481753	7539525.5	7609633	7348501	6910300.5	6765748	4803574.5	1853097.8	2047364.8
"Q96RF0"	13779986	13292342	12005593	16699134	15008032	17248674	18861154	19439780	20034320
"Q96RG2"	NA	NA	NA	NA	NA	NA	NA	NA	NA
"Q96RK0"	NA	NA	NA	NA	NA	NA	NA	NA	NA
"Q96RK1"	16824486	14362920	18496170	NA	11512023	9774121	9449670	11875048	9957324
"Q96RN5"	5434674	6573724.5	5179370.5	2255139.8	6389848	6012883	NA	4133736.8	4742973
"Q96RP9"	30166368	31393036	29567352	18562136	21966376	21450666	29193468	28408016	30319408
"Q96RQ1"	13311114	11888879	10807330	11299665	18187994	10048060	12178479	12408719	16016927
"Q96RQ3"	17100336	16224841	15760772	17035944	18014472	17528730	20413346	19322906	18020512
"Q96RQ9"	24313978	26761840	25642560	16539554	20258880	20447306	15617490	14162007	9672664
"Q96RR4"	NA	NA	NA	NA	NA	NA	NA	NA	NA
"Q96RS0"	NA	NA	NA	NA	NA	NA	NA	NA	NA
"Q96RS6"	20300392	21984162	21277138	30565620	31242926	34499100	19282854	20673652	18941480
"Q96RT1"	16455405	17816972	18557746	16805156	13202530	14975905	14174182	13025037	10683080
"Q96RT7"	4435592	3108041.8	NA	NA	NA	NA	NA	NA	NA
"Q96RU3"	7943609	8911054	7440382.5	9441476	6922371	9207233	8348341.5	4319531	6016980
"Q96RU8"	NA	NA	NA	NA	NA	NA	NA	NA	NA
"Q96S06"	NA	NA	NA	NA	NA	NA	NA	NA	NA
"Q96S15"	NA	NA	NA	NA	NA	NA	NA	NA	NA
"Q96S19"	NA	NA	NA	NA	NA	NA	NA	NA	NA
"Q96S44"	12790198	14668396	14161857	14967391	14497108	17946324	16573333	17500544	19717202
"Q96S52"	15225962	12778928	12020769	14628971	14849718	13970087	6822907	9225237	13997622
"Q96S59"	24568822	10262687	10376937	9060711	8883020	10434959	12259372	NA	8370790
"Q96S66"	7198416.5	9345515	7221879.5	8780454	6099892	NA	8181897.5	6834085.5	10500451
"Q96S82"	11296182	14147800	12337549	9075982	11691378	11012526	11726860	11574414	10590764
"Q96S86"	NA	NA	NA	1927980.8	2663780.2	NA	NA	NA	NA
"Q96S94"	NA	NA	6468728.5	3822587.5	NA	NA	NA	NA	NA
"Q96S97"	33080648	34972764	31921258	17817170	18718658	23638522	13383052	12795912	12497599
"Q96S99"	2775971.5	NA	3035766.8	12440527	9497512	10507637	14112649	15993544	14483822
"Q96SB3"	31906712	30711998	33550850	18814896	19130526	19362758	21873930	20467396	22162580
"Q96SB4"	12027352	9753298	10952770	8173405	7657841	6956511.5	11069399	9272489	9135331
"Q96SB8"	NA	2959291	3475948	NA	NA	NA	NA	NA	NA
"Q96SC8"	NA	NA	NA	NA	NA	NA	NA	NA	NA
"Q96SI9"	5594003	4587222.5	NA	NA	NA	NA	NA	NA	NA
"Q96SK2"	7051368	6471124.5	NA	6059500.5	NA	NA	NA	5118496.5	4731966
"Q96SL4"	29029974	27034830	25142312	9009583	9546870	11268045	4733711	6023055	3424934.5
"Q96SM3"	NA	NA	NA	NA	NA	NA	NA	NA	NA
"Q96SQ9"	13343805	10680931	14283250	20628868	23497920	22748954	22474652	22868498	29883984
"Q96ST2"	24506454	29628698	35523888	24426382	17680540	14649140	50197048	26371918	10578093
"Q96ST3"	20772130	18489990	16618884	NA	6292301	8623811	10483661	9123316	9078445
"Q96SU4"	4964977.5	3171825.2	3748917.2	5223585.5	5764279	4577044	6447563.5	6986055	8466431
"Q96SY0"	2754695	2071741.8	1717091.1	NA	3033458	1402369	866083.1	NA	1640426.4
"Q96SZ5"	10203285	8845883	9678864	16080496	16378720	18170202	21263742	21468898	22779274
"Q96T21"	NA	NA	NA	NA	NA	NA	NA	NA	NA
"Q96T23"	6306123.5	5729494	5713861.5	7979798.5	11694730	6984902	2328781.5	738118.4	4766957
"Q96T37"	33676716	33431804	33967832	21950318	21818060	23912990	19586958	20925356	21226212
"Q96T51"	47958608	50795416	50705852	48582864	49022856	53980092	47468592	49314320	51938928
"Q96T58"	52375940	NA	10461856	NA	12415540	NA	NA	NA	NA
"Q96T60"	12902959	9400815	7595096.5	7990434.5	9453856	7480287	7335469	7028951.5	10265701
"Q96T66"	NA	3934534	3503143.2	NA	NA	NA	NA	NA	895339.1
"Q96T76"	13565915	10473855	9504021	10302227	11464070	11564456	15240346	15918677	17073572
"Q96T83"	NA	NA	NA	NA	NA	NA	4854124	NA	2546521.2
"Q96T88"	2783581.5	6688085	5651491.5	NA	NA	NA	NA	NA	NA
"Q96TA1"	40317772	39939024	42260416	163636032	172972000	154232528	174965840	178010144	178263808
"Q96TA2"	11997056	10641836	10166250	4917842	5067969	6112841	6323543	6354774.5	8214703.5
"Q96TC7"	10091346	9906697	8557461	19426954	18993836	20423190	26304586	24133664	28108832
"Q99075"	NA	NA	NA	NA	NA	NA	NA	NA	NA
"Q99081"	NA	NA	NA	NA	NA	NA	NA	NA	NA
"Q99417"	53397260	46643504	49396328	36952364	32629554	35251580	40246464	38763072	35757812
"Q99418"	NA	NA	NA	NA	NA	NA	NA	NA	NA
"Q99426"	40381696	37450216	40733284	33662464	41510812	27029122	24740328	20045710	27876374
"Q99436"	43318276	36327264	34590704	35532148	30413104	39198960	40205216	45454080	42634336
"Q99439"	117074752	132967400	124131048	63932560	61220752	67452840	52433000	58208876	54008452
"Q99442"	24214052	21993836	26179048	39298676	30111256	33829772	33951460	34264652	31107500
"Q99447"	7830251.5	7124764	7464718.5	NA	3994067.8	5248547.5	5860705	5831318	4341471
"Q99459"	33202978	36114520	36078736	20513020	20144502	19912222	16670904	14207803	18989108
"Q99460"	63455272	59889528	61265020	77502176	74367672	78729432	81228744	86506624	80904232
"Q99466"	NA	NA	NA	NA	NA	NA	NA	NA	NA
"Q99467"	6597141	16530033	15733576	NA	NA	NA	NA	NA	NA
"Q99470"	7790229	4929482.5	5944040	15802850	14153377	16784164	14021925	19978696	17436896
"Q99471"	88983608	86028448	89022368	71073688	64537384	60788732	67920752	64861740	70888120
"Q99487"	NA	NA	NA	NA	NA	NA	NA	NA	NA
"Q99490"	28707044	35178272	19278238	NA	15020787	15961902	29107802	NA	24854242
"Q99496"	2376529	888690	5941462	NA	NA	NA	NA	NA	NA
"Q99497"	502777120	473107552	464970848	407056448	338019616	370404256	452610400	456323104	393172448
"Q99500"	NA	NA	NA	NA	NA	NA	NA	NA	NA
"Q99504"	5161600.5	NA	NA	NA	3054298.5	NA	NA	NA	NA
"Q99519"	7148963	9064312	9547300	7257557	8132666	8785812	8090925	7608420.5	9530967
"Q99523"	NA	NA	NA	NA	NA	NA	NA	NA	NA
"Q99536"	84324400	95180984	99868128	162212656	152388160	157624176	273218272	265707952	274803168
"Q99538"	NA	NA	NA	NA	NA	NA	NA	NA	NA
"Q99541"	39152196	41940936	39196828	31595440	32250884	31899918	17950960	20797084	18909168
"Q99543"	39758912	41776828	37133264	29048122	25773094	25730528	36387692	34072724	38223724
"Q99547"	NA	3668652.5	9789140	NA	NA	NA	NA	3253265	NA
"Q99549"	3344060.5	1948789	4269579.5	NA	NA	NA	4739823.5	7659515	NA
"Q99567"	14051823	12196380	11980257	9767875	13469524	9854321	10195181	10453059	9979986
"Q99570"	9070500	7853390.5	7949820	9536244	9895897	9837813	9545991	8491388	9234410
"Q99571"	12971310	13403468	14452040	14413079	19416098	21962274	9037409	10266920	8054548.5
"Q99572"	NA	3339033.5	NA	11899270	12506047	13643996	4650470.5	NA	NA
"Q99575"	24701492	23090526	23531562	14478610	14640679	13706501	20088030	20034414	19736586
"Q99583"	1162976.5	NA	1295784.4	NA	NA	NA	NA	NA	NA
"Q99584"	NA	NA	NA	NA	NA	NA	NA	NA	NA
"Q99590"	17922662	19054054	20362202	NA	16386591	5638097	6204909	5614604.5	23850918
"Q99595"	5759732.5	7699664	5803054	NA	NA	NA	NA	NA	3470444
"Q99598"	38844268	38071740	42831144	34560956	38351064	34356340	33017462	28964412	26338418
"Q99611"	10571872	11427258	11326167	15110855	10269752	14586222	12596970	13721438	14228125
"Q99613"	88685864	89133616	87593376	74397864	70240792	74398088	60474560	65379832	61118168
"Q99614"	38842704	36753964	36313448	15340424	14814770	16568516	18338646	18942898	19894542
"Q99615"	40385832	44995388	42956200	36952200	36423780	38901008	26627526	26354604	27020814
"Q99622"	5842027	2336315	14457808	11777752	NA	10633008	9236105	10334467	2296033.8
"Q99623"	89171328	93656800	93790896	110643920	111319520	106995304	120773000	118807504	119847768
"Q99627"	25229856	22199516	21384416	17813516	15519245	19668784	16295063	15504195	16311428
"Q99633"	3759754.2	NA	11224910	NA	NA	NA	NA	NA	NA
"Q99638"	NA	NA	NA	NA	NA	NA	NA	NA	NA
"Q99643"	11288755	11439819	12088400	10232007	9193107	13540742	16877224	14594779	14742833
"Q99653"	28693534	29527438	31062704	23447440	20938236	26550502	25326202	27640922	25001278
"Q99661"	4098729.5	9366057	NA	NA	NA	NA	NA	NA	NA
"Q99674"	NA	2181246	3024052.5	NA	NA	NA	NA	NA	NA
"Q99683"	NA	NA	NA	NA	NA	NA	NA	NA	NA
"Q99685"	NA	NA	NA	16026650	19464806	19008420	21481112	25087272	23873516
"Q99698"	9220685	11071794	11013234	4672606.5	8825722	2693485.8	9663443	9392306	8966511
"Q99700"	14996077	15425968	15399328	7429494.5	8897963	12999588	12207711	12062199	14552885
"Q99704"	9397757	10148806	9413468	11835643	9372631	10717084	10019857	8929387	8985298
"Q99707"	1793344.5	2120119.5	2340688.5	NA	NA	NA	1262852.6	NA	NA
"Q99714"	100249080	97157656	95445968	100720584	92820288	88639560	97871488	100119720	94244720
"Q99720"	16807210	19878606	17160792	23895806	18580356	25483728	9460924	15656628	12909866
"Q99726"	NA	NA	NA	NA	NA	NA	24919666	26059368	23847210
"Q99729"	219527664	222304512	241704528	127969520	113936144	102827648	160634416	136415088	154381376
"Q99733"	113826944	103319808	115277176	74321976	75502088	72759472	57445564	50952200	61875332
"Q99735"	65355564	67424760	68256544	62778320	52023344	60175572	52947676	52224732	46111304
"Q99747"	22056680	22738744	21006234	18040510	18533662	20253126	21117562	23279254	20816840
"Q99755"	8281919.5	5988245.5	7342364	9083869	9203948	9576261	8495512	7394645.5	7903264
"Q99757"	29446962	31707180	20896378	16131258	19806702	19203720	23918484	20750416	24505942
"Q99795"	7018292.5	7131582	6382529	6483908	8595274	7200453	3834967.8	6282681	NA
"Q99797"	NA	2169437	NA	3618857.8	NA	NA	4655827.5	2801446.2	4565796
"Q99798"	91348056	85844248	87934440	97497992	94553192	94369584	119421192	120133440	120989040
"Q99805"	43515272	44420704	51453484	51489204	55558960	47425928	38809780	43354160	40712488
"Q99807"	3705885	5667993	6167378.5	1405757.2	NA	3669686	NA	NA	NA
"Q99808"	NA	236451.97	NA	NA	NA	NA	1818597.6	1995109.5	1772497.6
"Q99816"	18707958	18828754	17658510	21916724	19774764	23964656	20797984	23142036	21432074
"Q99828"	NA	3424376.8	3852679.5	NA	NA	NA	NA	NA	NA
"Q99829"	89373528	89452672	81698112	71727640	70723584	65082504	65250020	72150336	64476924
"Q99832"	312062880	321853792	300795296	298207360	307374368	300128704	329441600	318156384	325808032
"Q99836"	4154592.2	6423970.5	4832055.5	10112267	9382721	8399030	5350940	2951416.8	4886322.5
"Q99848"	41687104	42138748	43212340	21434562	18166926	20757596	24022948	24831194	24235848
"Q99856"	5929438.5	7223317.5	5460668	6348875	8988001	4842228	NA	NA	3453484.2
"Q99871"	931272.9	1142172.4	NA	NA	NA	NA	NA	NA	NA
"Q99873"	111991472	107852000	101207992	101105968	98460296	98723848	67701968	68517312	67301728
"Q99880"	2496507.2	3250002.2	NA	2647115.8	2795765.8	2223004.2	2894032	NA	2888204.8
"Q99933"	6076750.5	5602094	4959800.5	6820022	7619403.5	7147090.5	3392346.8	NA	NA
"Q99941"	NA	NA	NA	182153.23	736858.06	NA	NA	NA	NA
"Q99942"	NA	NA	3416899.5	7176536	4677132.5	5658050	6208369	5832920	2714029
"Q99943"	3112158.2	2476572	2574806	5929147.5	3485317	2787663.8	5579108	3386170.5	7120371.5
"Q99952"	NA	NA	NA	NA	NA	NA	NA	NA	NA
"Q99956"	NA	NA	NA	NA	NA	NA	NA	NA	NA
"Q99961"	27593628	30658420	27550178	33635904	31799918	28224118	32571812	34219992	31859692
"Q99973"	NA	NA	NA	NA	NA	11373400	NA	NA	4777558.5
"Q99986"	43634236	43912880	51188664	11485612	13013555	11156968	12412669	9507694	9443590
"Q99988"	96066264	105857408	95956640	129237680	126728264	129771128	462023136	452091776	451719616
"Q99996"	1927382.2	NA	1275419.4	NA	NA	1308231.5	NA	NA	NA
"Q9BPW8"	14066021	12414682	18216014	16859850	15037585	18830556	15335165	16630693	13993922
"Q9BPW9"	12576182	11938706	12870771	NA	NA	NA	4174693.2	NA	1922758.2
"Q9BPX3"	14180672	12919137	10859860	1866291.5	2285274	5500133.5	NA	NA	NA
"Q9BPX5"	55344552	54883396	57913144	88730720	71393384	75462928	70414424	82260072	60735360
"Q9BPX6"	1591269.2	2869259.5	NA	NA	3198483.8	2136262.2	4360544.5	3293864.2	2625817.5
"Q9BPX7"	3607944.2	NA	NA	NA	NA	NA	2798984.2	NA	NA
"Q9BPY3"	NA	4082096.2	NA	NA	NA	NA	NA	4978046	NA
"Q9BPY8"	NA	NA	NA	NA	NA	NA	NA	NA	NA
"Q9BPZ3"	18782634	11099540	11700244	17647898	31112316	16157293	6813658.5	10042462	12381845
"Q9BPZ7"	6056165.5	4199975	5193783.5	5258106	6640117	5797595	6231682.5	4091080.2	5790534.5
"Q9BQ04"	NA	NA	NA	NA	NA	NA	NA	NA	NA
"Q9BQ15"	NA	5180558.5	3406306	NA	2680829.2	NA	NA	3098421.8	NA
"Q9BQ39"	11264569	8901838	8923933	3185886.5	NA	NA	4671218	3993225	1761319
"Q9BQ48"	9568163	6831151	8718551	NA	NA	NA	7816392	7859854.5	7690322
"Q9BQ49"	NA	2878836.5	2782065	NA	NA	NA	NA	NA	NA
"Q9BQ52"	NA	8330930.5	11824200	NA	NA	NA	NA	NA	NA
"Q9BQ61"	30339644	32905712	29142412	14265235	15024197	13841474	12037386	13862038	12954170
"Q9BQ67"	26877832	26116078	27376368	16679292	15852306	9600100	18946136	21270872	16751516
"Q9BQ69"	NA	NA	NA	NA	NA	NA	NA	NA	NA
"Q9BQ70"	1936009.2	3151963.5	2747588.2	1064912.6	NA	NA	NA	1172111.8	NA
"Q9BQ75"	8727981	8353852	8415253	4390875	NA	NA	NA	NA	7399913
"Q9BQ95"	3151477.2	NA	5636702.5	NA	2861459.2	NA	3810578.2	NA	4780901.5
"Q9BQA1"	63676444	64144168	58071508	55171696	54414176	60396076	65514684	62515864	66022260
"Q9BQA9"	24181146	21613736	29705646	35494528	31657784	34602240	32501518	29797478	24503962
"Q9BQB6"	51765524	43138112	46548520	47876712	60219932	53194440	58415316	58769936	59106132
"Q9BQC3"	4504012.5	2821688.5	NA	NA	NA	NA	NA	NA	NA
"Q9BQC6"	17878798	22953058	15490230	18602120	6055807.5	12148783	8329802.5	10996282	19837600
"Q9BQD7"	NA	NA	NA	NA	NA	NA	NA	NA	NA
"Q9BQE3"	1965086980	1968649730	1822187780	2068117380	2230260480	1938071300	1810189180	1779640960	1835945340
"Q9BQE4"	NA	2038542.9	NA	NA	NA	6673711	NA	NA	NA
"Q9BQE5"	NA	25752756	12708792	86858464	80405824	83496688	NA	10192037	13226341
"Q9BQE9"	14622179	14011183	16579779	NA	6346195.5	8537408	3113370	NA	NA
"Q9BQG0"	13726387	14815011	12632926	11995083	11851962	12188429	19114300	18907166	18843238
"Q9BQQ3"	NA	NA	NA	NA	NA	NA	NA	NA	NA
"Q9BQS8"	NA	2468900	1443217.5	NA	NA	NA	NA	NA	NA
"Q9BR76"	111771408	119659928	118250344	133854280	138611696	127106568	130909016	133638696	126247072
"Q9BRA0"	NA	NA	9722832	NA	NA	NA	NA	NA	7229314
"Q9BRA2"	72935968	72826488	73420584	66691128	62789892	71181088	79242368	78016880	82174464
"Q9BRD0"	20397860	14122692	NA	NA	13612120	NA	NA	NA	NA
"Q9BRF8"	61919808	53598760	50791396	62343408	59450200	61655876	53728920	55785032	60963488
"Q9BRG1"	22655320	24479460	19921956	24981830	20192090	24101708	20653804	19034228	28216196
"Q9BRJ2"	17611554	21480524	18620952	16638875	19825924	17130224	15702404	17017514	18760654
"Q9BRJ6"	9151192	6610839.5	19205872	NA	NA	NA	21784734	15539220	5484219
"Q9BRJ7"	NA	4400418	3851377.8	2259338	NA	NA	NA	NA	NA
"Q9BRK5"	34733580	35955452	29039356	NA	NA	NA	NA	NA	NA
"Q9BRN9"	NA	NA	NA	NA	NA	NA	NA	NA	NA
"Q9BRP1"	2244801	1300702.9	2733737.8	NA	NA	NA	1568242	1667780	NA
"Q9BRP4"	12405058	11303537	11079573	NA	7556818.5	8383139.5	7850611.5	7779036.5	9654788
"Q9BRP8"	67396728	65138788	56409764	75466912	67450520	69749240	66366788	73964960	62066288
"Q9BRQ8"	NA	10460376	5315541	39498972	30252708	33358996	25208422	24813902	24809616
"Q9BRR6"	58140264	61244932	61137876	89232232	90163944	99583064	79127984	78271776	76277264
"Q9BRR8"	4151984.5	NA	3265962	NA	NA	NA	NA	NA	NA
"Q9BRR9"	24107550	20152538	24138916	10374994	9389144	7523177.5	10410827	9251272	9841703
"Q9BRS2"	5766607	6585522.5	6485437	NA	NA	NA	NA	NA	NA
"Q9BRT2"	9144824	11712877	8317738.5	9850561	10478702	10804807	11453713	11864495	11222716
"Q9BRT3"	31570962	27496064	25217206	27658986	26464726	18199220	19690874	20836570	16061372
"Q9BRT6"	8189888.5	10104281	7694878.5	NA	6532091	NA	4237460	NA	7207996
"Q9BRT9"	NA	NA	NA	NA	NA	NA	NA	NA	NA
"Q9BRU9"	12304361	13656818	15024331	NA	NA	NA	8357620	11787015	6127367.5
"Q9BRV8"	NA	NA	NA	NA	NA	NA	NA	NA	NA
"Q9BRX2"	5067899	4902379.5	6240820.5	7345240.5	7621829.5	5874791	6179925	3691387.8	7510288.5
"Q9BRX5"	NA	NA	NA	NA	NA	NA	NA	NA	NA
"Q9BRX8"	10704086	10845296	12716605	15554693	16600502	14594291	28851346	25018320	23862118
"Q9BRX9"	NA	NA	NA	NA	NA	NA	NA	NA	NA
"Q9BRZ2"	35034016	11567430	10595954	22631048	18460592	19105218	8860879	3996987.5	9517756
"Q9BS18"	NA	6778414.5	8360050	NA	NA	NA	NA	NA	NA
"Q9BS26"	173386832	186122048	189847696	221824688	207486048	225179328	157509808	154298272	145463392
"Q9BSB4"	4151169	3405282	3984307.2	5119882.5	NA	3197094	2231156.5	2121240.8	732753.7
"Q9BSC4"	5194697	5120030	4063754.5	3584521.5	3500634.2	NA	6365187.5	6177683	6307124.5
"Q9BSD7"	19633946	16200911	28316946	10851615	15388864	8983327	10572855	9189266	12076306
"Q9BSE5"	12594472	11089785	14347498	9951970	13358949	6843183.5	10103644	10946347	13636570
"Q9BSF4"	7306952.5	2011165.5	2294007.2	NA	NA	6821784	8387525	13449282	8619779
"Q9BSH4"	14852048	16374837	14427058	12834699	11762225	13730957	14693182	9879370	12891009
"Q9BSH5"	NA	NA	NA	2727297.2	1992886.2	NA	NA	NA	NA
"Q9BSJ2"	13263166	14107298	13649126	10476088	10412263	9453407	11602034	10201117	11736279
"Q9BSJ8"	68476288	69089384	68467112	59175880	58081960	55174292	69083856	68778896	71457304
"Q9BSL1"	4332558.5	5381940.5	5393423	4777530.5	4832303	5757415.5	4773271.5	4020449.5	3721906.8
"Q9BSQ5"	2156960.5	3392298	4401554.5	NA	4451543.5	NA	NA	NA	NA
"Q9BSR8"	12640669	11139083	10445067	77950312	12896541	83245184	5928106.5	5784668	7146655.5
"Q9BSV6"	NA	1381080.8	2678236	NA	NA	NA	NA	NA	NA
"Q9BSY4"	16573651	22800136	22948676	NA	NA	NA	NA	64525108	NA
"Q9BSY9"	NA	NA	NA	NA	NA	NA	NA	NA	NA
"Q9BT09"	146325360	151371424	153175984	94550104	73249832	88407960	74623048	76785520	72939776
"Q9BT17"	NA	4968070.5	4587832	NA	4795003.5	NA	NA	NA	NA
"Q9BT22"	6576143	5129599.5	5105365.5	7439444	8344740	5920178	7902995.5	6984865.5	6046226.5
"Q9BT23"	9091875	18494496	18804986	NA	NA	NA	NA	NA	NA
"Q9BT25"	3749802.8	NA	7548319	NA	NA	NA	NA	NA	NA
"Q9BT67"	3299569.5	1140505.2	2015026.2	2597865.8	1957775.5	2929543.5	1926470.5	2231206.2	1712359.4
"Q9BT73"	NA	NA	NA	NA	NA	NA	NA	NA	NA
"Q9BT78"	29054946	27592212	26774734	25800650	25978958	25049212	26159310	28072724	25036322
"Q9BTA9"	12128503	13805625	10811051	NA	NA	NA	NA	NA	NA
"Q9BTC0"	20528362	22267574	22013160	12153035	25328268	12373264	4920834.5	8691154	13043329
"Q9BTC8"	NA	NA	NA	NA	NA	NA	NA	NA	NA
"Q9BTD8"	14728277	14635811	14379130	7373127.5	6545149	8693771	8555321	8853476	7535525
"Q9BTE1"	4421846.5	3869571.2	7062191	7320241	8976111	5927711.5	6024018	6243456.5	8731852
"Q9BTE3"	14577255	11977919	17102376	NA	NA	NA	2555362	NA	3003379.2
"Q9BTE6"	8263420.5	9781710	10776308	5834038.5	4457936	4096216.5	6158940.5	7104774	7593592
"Q9BTE7"	14639309	35386768	20266796	20188888	13400732	13640302	23085896	13566448	16395059
"Q9BTF0"	NA	NA	NA	NA	NA	NA	NA	NA	NA
"Q9BTK6"	NA	NA	NA	NA	NA	NA	NA	NA	NA
"Q9BTM9"	NA	9429338	NA	NA	NA	NA	NA	43407004	NA
"Q9BTT0"	128122560	131501456	126904240	64555532	59976760	65615376	38593024	42200676	45057196
"Q9BTT4"	3031205.5	2744575.5	2284477.2	NA	NA	NA	NA	NA	NA
"Q9BTU6"	26940604	27688584	23688562	18381224	17840534	15665416	28625568	31745862	26485328
"Q9BTV4"	169787712	159206224	167273744	252599184	234461584	240478064	325786400	303558080	306429280
"Q9BTV6"	NA	NA	NA	NA	NA	NA	NA	NA	NA
"Q9BTW9"	19986122	19213568	15368519	9267526	13790640	17403666	14841006	15927787	21238054
"Q9BTX1"	4736466	3212563	4391868	2019540.2	NA	1714781	2565925	3930281.8	3386764.2
"Q9BTY2"	NA	NA	2847469.2	3722923.8	3309885.8	2971985	NA	NA	NA
"Q9BTY7"	12564153	11897812	14860375	8360209	9158260	5962445	6128330	6847430.5	6304942
"Q9BTZ2"	12843198	12760606	11139116	12433337	11369994	12175802	9658138	9927352	9269016
"Q9BU02"	NA	NA	NA	NA	NA	NA	NA	NA	NA
"Q9BU23"	3097234	4171402.2	5049040.5	13909297	14403972	6852924	6298428.5	2838693	6127788.5
"Q9BU61"	10949297	7869821.5	10673628	NA	NA	NA	6960261	8556022	10896806
"Q9BU76"	12871631	11107293	10536339	NA	NA	NA	6969489.5	8234061.5	NA
"Q9BU89"	10009830	13163498	14545785	13859975	10726540	11964969	9220635	11051890	8906537
"Q9BUB5"	1662495.2	6983528	NA	NA	4666951.5	NA	NA	NA	NA
"Q9BUB7"	9977927	7023016	8031123	13478689	9416615	12015529	16170501	12875336	16617810
"Q9BUE0"	NA	NA	NA	NA	NA	NA	NA	NA	NA
"Q9BUF5"	836628350	857575490	955354940	851886210	892339140	903195520	864546820	825630720	861688190
"Q9BUH6"	57636512	63386744	66786632	48458596	41318424	44902208	41840688	41132920	42129052
"Q9BUI4"	NA	NA	NA	NA	NA	NA	NA	NA	NA
"Q9BUJ2"	106837176	107207704	110125024	90081712	100295336	95455560	88308048	85815528	88380432
"Q9BUK0"	7027179	5667532.5	7506731	NA	NA	NA	NA	NA	NA
"Q9BUK6"	16225186	11777095	11475702	9866720	13040276	12387994	25468462	11349547	18336546
"Q9BUL8"	37748456	38085416	30225182	44110264	36720708	45216944	32532248	32103342	31437584
"Q9BUL9"	7888938.5	8264511.5	7033617	NA	9208252	6041324.5	NA	1954568.6	NA
"Q9BUM1"	1817708.1	8120770	5556753	7169232.5	10165927	5132723	8115497.5	8497353	13004623
"Q9BUN8"	43585516	48860716	51418868	56850868	66479800	65525396	64888600	68167848	62735572
"Q9BUP3"	25187760	27717546	28203806	24226682	26150370	26197368	14094067	16535505	15304560
"Q9BUQ8"	21145340	24206622	20991472	12518234	12292583	10896047	11729734	15942279	16895012
"Q9BUR5"	18795896	24972734	9696886	20755428	18107350	20754446	20705196	24802298	19181352
"Q9BUT1"	NA	6554567	NA	NA	NA	NA	4215033.5	NA	1442864.9
"Q9BUT9"	NA	NA	NA	NA	NA	NA	NA	NA	NA
"Q9BUV8"	NA	NA	NA	NA	NA	NA	NA	NA	NA
"Q9BV10"	NA	602414.25	NA	1851847.2	1750930.4	360625.56	1174847.1	NA	2440820.5
"Q9BV19"	26490450	23028436	26373014	9325783	15427133	8652306	16507849	14871363	15706016
"Q9BV20"	17014288	15273031	15742804	17398468	10962841	13077990	15537353	16668969	17042172
"Q9BV23"	NA	NA	NA	NA	NA	NA	NA	NA	NA
"Q9BV29"	8539288	6862787.5	5870130	6917731.5	6520095	NA	4090199.8	2877694.8	NA
"Q9BV38"	8517776	10117122	NA	7831395.5	9489865	5726407	NA	9898571	11253315
"Q9BV40"	117394584	115787328	118593744	59780304	63108764	63702000	55583632	58263824	56897276
"Q9BV44"	10492263	8025197	8114637	8119848	11412158	9051309	6811439.5	5641962	8082936
"Q9BV57"	3031573.5	NA	NA	NA	NA	NA	5705586	NA	NA
"Q9BV68"	19227354	20636304	25532530	21090444	14206552	17892900	20153422	18617710	18970908
"Q9BV73"	3487110.2	2004358.5	2567378.2	NA	NA	NA	NA	NA	NA
"Q9BV79"	5435765	8640176	5442882	NA	2259576.5	5267830	5453603.5	NA	NA
"Q9BV81"	5779844	6029959	NA	5931374	5483671.5	7175831.5	7969193.5	7409066	7163727.5
"Q9BV86"	10507979	9179100	11596562	11541763	11555569	11248795	19442562	20785598	20981718
"Q9BVA0"	NA	NA	NA	NA	NA	NA	NA	NA	NA
"Q9BVA1"	14622734	24104302	20072796	19060174	21652638	22368254	21578256	18964422	21256364
"Q9BVC3"	NA	NA	NA	NA	NA	NA	NA	NA	NA
"Q9BVC4"	NA	6419982	NA	NA	NA	NA	2233457.5	7273280	6706239.5
"Q9BVC5"	7475003	4961171	5355528.5	NA	NA	NA	NA	NA	NA
"Q9BVC6"	105316544	123081328	104611184	151678192	172126752	138232016	115855344	142651648	127715456
"Q9BVG4"	34326860	36235188	36052280	25295778	23626680	26405942	27455104	26416838	24566756
"Q9BVG8"	NA	NA	NA	NA	NA	NA	NA	NA	NA
"Q9BVI4"	6439556	4981213	8049114.5	3119728	NA	NA	3022693	4208309.5	4662808
"Q9BVJ6"	8711607	9697061	8335549.5	NA	NA	NA	4570177	NA	4242940
"Q9BVJ7"	29747746	29683980	30550246	28523734	26381540	30438114	26746900	23869556	25670738
"Q9BVK2"	15584497	13509717	13151696	12276994	14804800	10970857	15563076	18548756	17339628
"Q9BVK6"	55923880	60530760	60365532	79864864	91675112	83590312	89098432	83119352	89006584
"Q9BVK8"	2890745.8	2951003.5	3794038.5	5627009	5839120	4475382	7413392.5	6245337.5	7024514
"Q9BVL2"	15136011	17251990	15965301	15571877	10148458	13352864	9537769	10927933	12138389
"Q9BVM2"	2043335.4	1871153.4	1792636.8	2789734.8	3492177.8	1234980.1	3657979.8	2091610.1	3739524.8
"Q9BVM4"	13748175	10535574	12016582	12899142	17056586	15471118	13164663	13003648	13102629
"Q9BVP2"	26325390	27786896	26453930	13838557	12373720	13921706	17028780	18073614	17676952
"Q9BVQ7"	4292490.5	10337919	5302999.5	NA	10798921	NA	NA	NA	1002404.25
"Q9BVS4"	9340751	11077300	8786695	NA	NA	NA	NA	NA	NA
"Q9BVT8"	6485406	6768261	NA	15417597	13137959	16928324	12378024	11339774	10143959
"Q9BW19"	5959936.5	5022134	7527479	NA	NA	NA	NA	NA	NA
"Q9BW27"	14214042	14821367	10282509	20214646	10053565	15734564	10747826	11229203	8360250.5
"Q9BW60"	35859596	41326648	37027476	51533488	49052024	47535460	42176340	45944216	56240400
"Q9BW61"	NA	NA	NA	NA	NA	NA	NA	NA	NA
"Q9BW66"	NA	NA	NA	NA	NA	NA	NA	NA	NA
"Q9BW71"	NA	NA	NA	NA	NA	NA	NA	NA	NA
"Q9BW72"	24027148	23461822	24825162	20172374	22442748	13334567	14045669	7772540.5	17967854
"Q9BW83"	9915382	10995672	12541712	8831807	11230252	9042236	8850443	8663197	4571542.5
"Q9BW85"	NA	NA	NA	NA	NA	NA	NA	NA	NA
"Q9BW91"	8015400	8749772	5836340.5	7979354	6037356	NA	3466705.5	4598560	7042743.5
"Q9BW92"	5035624	5065566	3256920	3766938.8	7643272.5	8810988	9372110	10114717	6592668
"Q9BWD1"	103337848	111036656	115366352	71631520	86140368	84894504	81579992	70741128	76477720
"Q9BWE0"	NA	NA	NA	NA	NA	NA	NA	NA	NA
"Q9BWF3"	59958012	57399784	62402756	33363572	34815580	32805704	26244050	22353278	28123168
"Q9BWG4"	5385933.5	6538607	6580062.5	NA	NA	NA	NA	NA	NA
"Q9BWH2"	4808902	NA	2152383.8	NA	NA	NA	4414869	NA	1873945.1
"Q9BWH6"	NA	NA	NA	NA	NA	NA	NA	NA	NA
"Q9BWJ5"	62718792	59101208	62368252	23158878	25982226	28876462	28609594	33720088	35615756
"Q9BWL3"	NA	NA	NA	NA	NA	NA	NA	NA	NA
"Q9BWM7"	44850116	43710744	41665192	64762464	65169992	60846136	62327740	61915380	61990836
"Q9BWQ6"	2630545	NA	1318555.5	4677738.5	6142757	3423697.5	2390747.8	11888399	4882700
"Q9BWS9"	34661904	41328764	39012036	29450494	32685330	35435048	38666560	38684948	37814540
"Q9BWU0"	12051764	16089790	14981696	15570471	16344399	14636312	11870953	11542261	10936148
"Q9BWU1"	4976174	NA	NA	NA	NA	NA	1830429.8	1457944.1	4053465.5
"Q9BWV1"	NA	NA	NA	NA	NA	NA	NA	NA	NA
"Q9BX10"	NA	NA	NA	10803876	11491735	8850055	5123100	3925237.5	3993929.2
"Q9BX40"	10890391	9535420	9526747	NA	6423262	NA	NA	3450508.2	NA
"Q9BX59"	NA	NA	NA	NA	NA	NA	NA	NA	NA
"Q9BX68"	45015948	51812276	47502364	38979728	43158360	45601200	39318620	40208636	39248292
"Q9BX69"	NA	614204.06	1549408.2	NA	4164428.5	3247953.8	NA	NA	NA
"Q9BX95"	NA	NA	NA	NA	NA	NA	2975930.8	5399512.5	NA
"Q9BXB4"	3032660.8	6696531	4922843	6591791	9837255	9661435	9249387	9482159	9076227
"Q9BXD5"	3678795	NA	NA	8881880	7032312.5	10427048	4395209.5	4823236.5	4879704.5
"Q9BXF6"	7873850.5	10130264	9509553	9711682	10786116	13957584	11542673	10677936	11612273
"Q9BXJ8"	2719535.8	7207587	5280872	NA	1749239.9	NA	4827382.5	3714369.8	5506282.5
"Q9BXJ9"	37377800	35785496	38069340	32996166	30967236	33522322	36657776	40508864	37413980
"Q9BXK1"	NA	NA	11533319	NA	6960573.5	NA	NA	NA	NA
"Q9BXK5"	33396050	30391390	28834808	53412924	54803356	57141388	40766000	40312972	40300152
"Q9BXP2"	11472776	12470488	13014895	5709477.5	13506245	8107023	10250306	8002069.5	12010804
"Q9BXP5"	51874584	53435428	55548428	37442592	36458036	36466640	33296808	32060612	32867250
"Q9BXR0"	11997640	14662239	17710474	11039726	16432049	14517743	17333312	17916806	17378678
"Q9BXS4"	NA	NA	NA	NA	NA	NA	NA	NA	NA
"Q9BXS5"	19016240	24921424	21930422	28503550	32425596	30176580	26750416	28142598	26935828
"Q9BXS6"	NA	NA	NA	NA	NA	NA	NA	NA	NA
"Q9BXS9"	NA	68067216	56108604	59512924	32165932	63996076	41538280	62440412	34760552
"Q9BXV9"	12463151	13347592	16290125	13406200	11772164	11028866	12444271	12991989	14196761
"Q9BXW6"	10194683	2419055.8	4087794.8	NA	NA	NA	NA	NA	NA
"Q9BXW7"	20612924	21772618	19779202	22557490	24893262	25287726	23065964	20656750	22658456
"Q9BXX0"	2817332.8	NA	3704016.2	3222083.2	NA	1691025.2	709506.3	NA	1888204.4
"Q9BXY0"	18503232	17746162	15245171	10514361	7427417.5	11459884	8579138	6508528.5	9838269
"Q9BY32"	23435956	29408896	22215624	26761662	29319430	29891402	25552592	35218948	28232090
"Q9BY41"	NA	4540258	1634458.1	NA	2047476	3957974.5	NA	4666788	5533766
"Q9BY42"	23958616	20025356	18128560	NA	2957476	NA	NA	NA	NA
"Q9BY43"	43672240	43336672	42629116	26884094	25917550	23296870	20850252	21035648	17616330
"Q9BY44"	38838896	43104596	41285112	33791896	29337364	33644376	35340236	37467992	33462116
"Q9BY50"	NA	7070754	NA	3211014.2	NA	NA	4515349.5	6679240.5	NA
"Q9BY67"	NA	NA	NA	NA	NA	NA	NA	NA	NA
"Q9BY77"	44921304	43549048	39071260	24578372	23922692	21846694	12829767	13698835	14477560
"Q9BYB4"	NA	NA	NA	NA	4173620.2	NA	3075330.5	2574232.5	3203781
"Q9BYC5"	NA	NA	NA	NA	NA	NA	NA	NA	NA
"Q9BYC8"	18891726	17690690	18678514	13359746	8664237	14469333	12176468	10327280	15011628
"Q9BYC9"	6446825	7045725	6826984	1758770	7450350.5	5757331.5	5338953	NA	6971398
"Q9BYD1"	28090400	29559358	27555422	17616346	22498578	14382246	27617654	27330756	29974750
"Q9BYD2"	12166037	12193995	11114756	9443073	8296545	10072740	7930511	7726366	8726857
"Q9BYD3"	16684259	21691186	21673268	9924864	11809991	9544081	13697507	14431616	17838592
"Q9BYD6"	17128648	18690442	16807538	13784825	11921813	11113871	11521389	12350468	14444957
"Q9BYG3"	30800744	34021568	31265006	16324297	15915331	12862610	17501738	9319588	13824793
"Q9BYI3"	NA	1755784	2464231.5	NA	1892964.2	NA	NA	2139883.2	NA
"Q9BYJ9"	12773999	23938054	22155486	9148627	NA	NA	14165578	14972125	15307448
"Q9BYK8"	10633664	9339448	8865524	41091616	49604272	46330588	1761771.1	13092499	1155897.1
"Q9BYM8"	9916380	8203067	9997549	11395521	8941225	13205299	NA	17076500	NA
"Q9BYN0"	NA	2029919.6	NA	NA	NA	NA	4223391.5	NA	NA
"Q9BYN8"	5437293	5516707.5	10489654	9147414	11009462	17716254	NA	7682146	7353585.5
"Q9BYS8"	NA	NA	NA	NA	NA	NA	NA	NA	NA
"Q9BYT8"	28926454	27691138	30766142	26611466	29054146	26642886	28797140	30846282	30599704
"Q9BYV2"	NA	NA	NA	NA	NA	NA	NA	1880830.5	2734021.2
"Q9BYV8"	NA	NA	NA	NA	NA	NA	NA	NA	NA
"Q9BYW2"	NA	NA	NA	NA	NA	NA	NA	NA	NA
"Q9BYX2"	8018458	6542581.5	8005453.5	3605011.5	8091786.5	12230151	9546205	10948604	10134972
"Q9BYX4"	8185304	9569123	8308741	39942120	38172608	36722064	28651356	33986164	NA
"Q9BYX7"	NA	NA	NA	31475202	29592744	34229428	9074038	NA	NA
"Q9BZ67"	NA	NA	NA	NA	NA	NA	NA	NA	NA
"Q9BZ95"	8831599	5858841.5	5607239	NA	NA	NA	NA	NA	NA
"Q9BZA7"	7929761.5	7443027.5	8868978	5780062.5	7839179	8322244	8557390	8851165	11256300
"Q9BZD2"	NA	NA	NA	NA	2089575.4	NA	4380583.5	2271682	4871599.5
"Q9BZD4"	5290311.5	3664933.2	3830012.2	NA	NA	NA	NA	NA	NA
"Q9BZE1"	13903949	13832450	15070212	13176271	12928945	11851045	16861006	14506612	15850240
"Q9BZE4"	18267336	20323418	21157000	12893714	13930112	11856218	12876168	13459291	12868579
"Q9BZE9"	18030400	23859330	18335156	10916214	12044745	10513590	13391137	13626597	12781661
"Q9BZF1"	17919442	19148122	19367798	30826998	32719612	33388610	33270518	32031658	29828262
"Q9BZH6"	12774153	12607587	13879206	15059416	23063538	20642526	11178139	20919968	19565766
"Q9BZI7"	10252180	10681799	7623172	8032495.5	9539272	5910356.5	6727023	4768267.5	4762150.5
"Q9BZJ0"	5029166	8975812	6089826	3291677.2	NA	NA	NA	NA	NA
"Q9BZK3"	NA	NA	NA	NA	NA	NA	NA	NA	NA
"Q9BZK7"	46775612	46613536	42734024	16969198	17156158	16060746	13852287	14929354	14555456
"Q9BZL1"	37614924	27621352	26423494	11074624	6917635	12802607	4840465.5	7442691.5	NA
"Q9BZL4"	8504552	7692929	10620050	5660838.5	10141159	10495008	7133134	9856314	6887594
"Q9BZL6"	NA	NA	NA	3595433.5	3292649.2	3141266.2	NA	NA	NA
"Q9BZM5"	NA	NA	NA	NA	NA	NA	NA	NA	NA
"Q9BZQ6"	4635935	6911069.5	8749124	NA	1947115	NA	6574611.5	6026115	4439087.5
"Q9BZQ8"	45423396	46875880	42944888	49378900	48656072	49107288	48418200	49389856	49683628
"Q9BZV1"	7453951.5	NA	5290274.5	9896690	6426714.5	6463280	6473933.5	10119689	12009409
"Q9BZW5"	NA	NA	NA	NA	NA	NA	4804816.5	4071224.8	NA
"Q9BZX2"	6796254	9073859	8496787	NA	NA	NA	7802001.5	6856804.5	5406347.5
"Q9BZZ2"	NA	7218049	NA	11232407	9372266	7870915	NA	NA	NA
"Q9BZZ5"	65703032	59536172	65368936	41954524	41505548	43589748	45653312	44824216	47763596
"Q9C004"	NA	NA	NA	NA	NA	NA	NA	NA	NA
"Q9C005"	21308938	10178688	13972795	17293026	13661421	17359006	12194093	13701196	10732449
"Q9C010"	10920571	8723817	14025518	11995321	7602434	6534614.5	NA	5111838.5	6348761.5
"Q9C035"	NA	NA	NA	NA	NA	NA	NA	NA	NA
"Q9C037"	NA	NA	3571974	NA	NA	3355545.5	NA	NA	2556625
"Q9C040"	NA	NA	4831335	NA	NA	NA	NA	4778561.5	NA
"Q9C0B0"	NA	8110988	5203592	2218061.8	3313401.2	NA	NA	NA	NA
"Q9C0B1"	NA	NA	NA	NA	NA	NA	NA	NA	NA
"Q9C0B5"	5889285	NA	9848520	9945307	8683117	9621981	3958711.2	8259856.5	8404957
"Q9C0B7"	NA	NA	NA	NA	NA	NA	NA	NA	NA
"Q9C0B9"	NA	NA	NA	5703524.5	5714574.5	9689915	NA	NA	NA
"Q9C0C2"	22087346	23961332	26206526	61474024	66116588	62953528	64453100	59617192	61452028
"Q9C0C7"	NA	NA	NA	NA	NA	NA	NA	NA	NA
"Q9C0C9"	12606659	18010324	12687900	8414047	14171608	13378150	11638699	24328468	16457424
"Q9C0D5"	770346.7	309075.84	610360.7	NA	NA	NA	NA	NA	NA
"Q9C0D9"	12095036	8648473	12292418	17022472	19023778	81730656	15854475	21818706	16204933
"Q9C0E2"	5459271	4253983	6368030	8349339	5533364	NA	5481512.5	4811123	NA
"Q9C0E8"	4448215.5	5034353.5	NA	4507113.5	9657942	NA	6567752.5	8044248	8933922
"Q9C0H2"	9335443	6785536	7189738	5504204.5	5205466.5	3072970	NA	1139713.6	1808048.4
"Q9C0I1"	3971544	NA	NA	NA	NA	NA	1676474	4572108	3949695.8
"Q9C0J8"	12041668	13197406	12998478	7923722	9373346	5726274	6136890.5	6856835.5	4307443.5
"Q9GZL7"	29314082	29756220	26086378	19278454	15775138	18162234	16831726	17850378	17832894
"Q9GZM5"	13408301	14685075	20387262	NA	9632652	10675866	10905727	NA	9908719
"Q9GZN8"	13037421	13244938	12642533	NA	6835561	6758539	NA	3683373	8274281
"Q9GZP4"	20476708	16316200	14840294	14539235	19726820	15992773	15978807	15209448	16099645
"Q9GZP9"	8264652	8064216	7889441.5	12311055	13044991	14258345	9472270	11124758	10226489
"Q9GZQ3"	11030701	8271769	10029583	NA	8044002	NA	8566184	9612124	9896018
"Q9GZR2"	3913581.8	4598270.5	NA	NA	NA	NA	NA	NA	NA
"Q9GZR7"	14921441	14610470	15700940	10069254	9719784	10055070	11626913	8657680	11278015
"Q9GZS1"	14760442	NA	12774934	12180210	NA	NA	15389678	NA	14969613
"Q9GZS3"	33358574	30377760	30982014	19666368	25743214	21397680	21905274	21725512	23258672
"Q9GZT3"	69637448	69481224	63004780	28205984	27002592	31919880	43021264	42337360	38110212
"Q9GZT4"	1564030.4	1523299.1	2063518.1	2245724.2	1126710.8	NA	NA	NA	NA
"Q9GZT6"	2468129.8	1967832.5	4182472.2	4631300.5	NA	NA	1426784	NA	1143548.1
"Q9GZT8"	12093635	9938550	12294511	12664124	15308061	16298942	10444492	12867302	11756995
"Q9GZT9"	26441572	29489254	30657628	15067785	10806302	12638165	NA	NA	7216555
"Q9GZU7"	NA	NA	NA	NA	NA	NA	NA	NA	NA
"Q9GZU8"	17494226	17991640	17090374	8886635	9654241	7647395	10029865	5998622.5	6618301.5
"Q9GZV4"	11389864	NA	NA	NA	27861646	NA	NA	NA	3747761.8
"Q9GZX9"	8874000	7612530.5	10688846	4253028	NA	NA	NA	NA	NA
"Q9GZY6"	55857876	52542568	60155068	49693300	41658860	48204532	89022304	89839288	82781496
"Q9GZY8"	17951600	20299456	14140132	15861439	16364257	18582260	18088136	12053817	18187928
"Q9GZZ1"	27777546	30674776	29528590	24857478	25307052	26943300	25922080	26636434	27095948
"Q9GZZ9"	15060126	12556887	12671071	18683268	11299207	14706798	12922701	17755126	17915564
"Q9H000"	4039367	5305116.5	NA	NA	NA	NA	NA	7345099.5	NA
"Q9H009"	NA	NA	NA	NA	NA	NA	NA	NA	NA
"Q9H019"	6185242.5	5949182.5	5390132.5	12798823	NA	NA	7901566	7323932	10990743
"Q9H061"	4839400.5	6367072.5	6014216	10815262	8024771.5	8539474	6151295.5	8121205.5	10485349
"Q9H074"	19804584	22939402	19664386	19761452	20449022	18590320	17054858	18464006	16966826
"Q9H078"	14595448	19272388	14480214	15078494	14248104	16126229	16185279	16049788	17175244
"Q9H082"	NA	NA	NA	NA	NA	NA	1758003.6	NA	3946280
"Q9H089"	NA	NA	NA	NA	NA	NA	NA	NA	NA
"Q9H098"	75809608	82250352	89497112	47587580	50726708	51663732	32877846	33667856	27922494
"Q9H0A0"	23106268	19920512	21048566	16119804	14604240	14559619	18325584	19449744	19262048
"Q9H0A8"	10253846	5646721.5	8215669.5	8057054.5	6125749	7771842	6781606	6811435.5	3863034.2
"Q9H0B6"	5209130	3892807	4984634	6751485	5578286	6301083.5	NA	10603036	7264346.5
"Q9H0C8"	15918179	19308318	19274716	13198810	14566530	16158635	11518489	13092939	12603422
"Q9H0D6"	33755592	33909232	36366624	22758838	26841608	23692048	29132994	29342318	27072674
"Q9H0E2"	15761516	17857386	16544611	33671044	30804008	35448696	45826492	50301716	49007560
"Q9H0E3"	6664739	6075903.5	4999990.5	NA	NA	2510926	NA	NA	NA
"Q9H0E9"	3000633.2	6242521	7602293.5	2668914.5	6889086	NA	NA	1909553.9	NA
"Q9H0F6"	3118219.5	7851702.5	3111794	3838933	2779013.2	2215148	1572168.9	1093537.6	2163478.2
"Q9H0G5"	4260235	NA	3751835	NA	NA	NA	NA	NA	NA
"Q9H0H0"	8097731.5	5934914.5	6362420	NA	NA	NA	NA	NA	NA
"Q9H0J9"	8385086.5	8951106	3897252.2	18109458	17014794	16648767	NA	NA	NA
"Q9H0K6"	NA	NA	NA	NA	NA	NA	NA	NA	NA
"Q9H0L4"	15768417	12750170	15528986	NA	6603849.5	5666263	NA	NA	NA
"Q9H0N5"	NA	7996950.5	6800259	NA	NA	NA	4163115.5	NA	8459945
"Q9H0P0"	6029639.5	9254719	8515659	24568204	24209460	24787380	NA	NA	8543286
"Q9H0Q0"	13752852	NA	NA	2910236.2	5588633	6601305	15280336	NA	14078574
"Q9H0R1"	NA	NA	NA	NA	NA	NA	NA	NA	NA
"Q9H0R3"	9766519	9364666	9526236	NA	NA	NA	16599947	11690505	13480459
"Q9H0R4"	13223865	13938934	11365525	10792880	12202834	13619271	13358608	11732513	12624769
"Q9H0R5"	NA	NA	NA	NA	NA	NA	NA	NA	NA
"Q9H0R6"	2241789.2	4232076	4451319.5	6871982.5	5599996	5924865	4398357	3943600.5	4771461
"Q9H0S4"	8706996	7952732	7773001	5927771.5	4651285.5	4990865	5933364	5451480	5481488.5
"Q9H0T7"	NA	NA	NA	NA	NA	NA	NA	NA	NA
"Q9H0U3"	29392832	25948766	31626134	34696820	39784924	37457352	32697774	31550370	34243740
"Q9H0U4"	68282408	60905084	51856900	116993360	109626120	111803344	98279880	99346272	136520320
"Q9H0U6"	11505072	11838174	10666288	6090104	8386471	9481690	16277647	9798255	7020850.5
"Q9H0U9"	NA	NA	NA	NA	NA	NA	NA	NA	NA
"Q9H0V1"	NA	NA	NA	NA	NA	NA	NA	NA	NA
"Q9H0V9"	6894957.5	NA	NA	5806517	2102296.8	6026710.5	6611116	6164288	5310251
"Q9H0W8"	9465953	8427246	8763048	6960769	9117967	8366192	4949058.5	6930617.5	3853937.8
"Q9H0W9"	12345402	14341033	14415746	23248526	22560022	23054776	22716482	26208546	25318062
"Q9H0X9"	11110764	6421266	NA	NA	NA	NA	NA	NA	NA
"Q9H147"	8589186	9697984	8717993	NA	4169507.5	4675472	NA	4790615.5	NA
"Q9H173"	8746868	9892292	8811098	NA	5346616	4609172.5	15412746	12270693	12660068
"Q9H1A3"	NA	NA	NA	NA	NA	NA	NA	NA	NA
"Q9H1A4"	5340140	5871968	6537540.5	4726704.5	6513784.5	3693886.8	2661209.5	2761777.5	5069447
"Q9H1B7"	5105456	5650455	4886378	14520823	15492953	15037330	8027429.5	8998426	8874277
"Q9H1C4"	25415966	23296364	24979826	20913448	25361362	19158174	8579033	7965847	7712319
"Q9H1C7"	NA	NA	NA	6219391	NA	NA	10597309	16157505	5131207.5
"Q9H1D9"	NA	NA	NA	NA	NA	NA	NA	NA	NA
"Q9H1E3"	204006896	224477264	231604464	99151888	105229360	98588112	206992432	204043600	208380720
"Q9H1E5"	6147542	3553517.5	9092566	NA	NA	NA	NA	2430026.2	NA
"Q9H1I8"	4797460	4283819	4355644	5831017.5	7934823.5	5329500	5897659	6189405.5	5708717.5
"Q9H1K0"	NA	NA	NA	NA	18068474	NA	3647544.8	NA	NA
"Q9H1K1"	5496606.5	6262745.5	2002618.2	7845410	9034666	9263336	12884865	13238886	14471457
"Q9H1N7"	NA	2267093.5	1908794.2	NA	NA	NA	NA	NA	NA
"Q9H1P3"	NA	NA	NA	NA	NA	NA	NA	NA	NA
"Q9H1U9"	NA	NA	NA	NA	NA	NA	NA	NA	NA
"Q9H1Y0"	6045796.5	14518593	8904759	12845948	8731697	9941791	13378275	12655618	11608226
"Q9H1Z4"	4212649.5	4016455	3693052	6414842	6119440.5	3812617.5	3066256.2	2937549.2	4723406.5
"Q9H204"	9069601	10217041	9603030	3920620.5	6383275	NA	NA	4969723.5	NA
"Q9H223"	39417760	36445684	40516516	45695396	46008700	48615308	30743588	27589794	30253318
"Q9H257"	14452083	13833862	22199832	8298890.5	7638937	10208139	5786321	6057248.5	7684268.5
"Q9H267"	11426902	13090576	11086621	11191214	12920498	13955747	13856134	12420111	13710661
"Q9H269"	7452903.5	8523435	7990849	11706675	10793259	12434227	10844371	10897117	11065416
"Q9H270"	9134715	10162932	10267206	17432602	18760070	12009257	14664738	15154902	15977602
"Q9H299"	771809220	761947260	855438270	973902530	1045924420	1019994820	1139754500	1238230780	1222650880
"Q9H2A7"	NA	NA	NA	NA	NA	NA	NA	NA	NA
"Q9H2D1"	3252551.2	3674517	NA	5275474.5	9524834	NA	5735165.5	5480241	5340561.5
"Q9H2D6"	7263628	3376140.2	2653234.8	NA	NA	6862920	4027025.2	NA	2997553.5
"Q9H2F3"	NA	NA	NA	906811.3	5020171.5	NA	7353428.5	7888836.5	8625191
"Q9H2F5"	NA	NA	NA	NA	NA	NA	NA	NA	NA
"Q9H2G2"	16963092	17109440	16427887	21282918	18779698	21120096	15377016	17136750	15957984
"Q9H2G9"	NA	NA	NA	NA	NA	NA	NA	NA	NA
"Q9H2H8"	37344436	35958256	34505772	25654610	26784794	33287910	27245782	27308576	32998390
"Q9H2H9"	NA	NA	NA	NA	NA	NA	7520692.5	7225442	NA
"Q9H2I8"	1738780.4	3514783.8	2655329.8	NA	NA	NA	NA	NA	NA
"Q9H2J4"	18570988	19959150	19006310	12659136	14023975	13976911	10712152	11443946	13443025
"Q9H2K8"	23530394	22043406	26831614	23372552	21011880	23613108	19910884	22258678	24219084
"Q9H2L5"	NA	NA	NA	NA	NA	NA	NA	NA	NA
"Q9H2M9"	24821956	24766658	25349144	25404676	26911442	26656370	23536538	24880614	26691890
"Q9H2P0"	17583492	16336439	20281212	NA	NA	NA	NA	5803311	NA
"Q9H2P9"	NA	NA	NA	NA	NA	NA	NA	NA	NA
"Q9H2U1"	8338970	5468096	8072794	8264471	8727326	9621085	6563844.5	6162008.5	6978098.5
"Q9H2U2"	91130968	88656384	90053784	75287016	66489976	66549776	64480344	64974716	72964320
"Q9H2V7"	4848214	NA	9869234	8218681	9259767	7535625.5	6975569	8161442.5	9307108
"Q9H2W6"	18297314	12125445	14583436	12292386	13012375	13392719	14436578	13197887	12117436
"Q9H2X8"	NA	5785166.5	6029863.5	NA	NA	NA	NA	NA	NA
"Q9H2Y7"	NA	NA	NA	NA	NA	NA	NA	NA	NA
"Q9H300"	4181990.5	3538188.5	5035625	4349587.5	5474560	2402454.5	4216928.5	4857690.5	4241745
"Q9H307"	34468684	35966604	35799128	22967334	21043550	22316250	22382164	25138076	22892406
"Q9H330"	2828260	2469706	2191426.5	2458453.8	2971454	1624189.8	NA	NA	3106137.8
"Q9H334"	NA	NA	NA	NA	NA	NA	NA	NA	NA
"Q9H347"	NA	NA	NA	NA	NA	NA	NA	NA	NA
"Q9H361"	NA	NA	NA	NA	NA	NA	NA	NA	NA
"Q9H3C7"	NA	NA	NA	NA	NA	NA	NA	NA	NA
"Q9H3G5"	5647700.5	7766560	8459057	NA	NA	NA	NA	NA	NA
"Q9H3H1"	6061766.5	5165792.5	5380997	NA	NA	NA	2224005	NA	4474807
"Q9H3H3"	NA	NA	3727983.2	9518240	9124867	9480122	8898677	6693115	9689552
"Q9H3H5"	3088131.5	2216110.8	NA	3455492	1108132.6	2586332.2	4364257	3883086	NA
"Q9H3K2"	NA	4649938.5	10657822	4613187.5	NA	10025475	28385274	24892512	24350750
"Q9H3K6"	50259108	49928820	47245572	47395916	49423244	50236364	50929112	54269168	50062832
"Q9H3L0"	NA	NA	NA	NA	NA	NA	NA	NA	NA
"Q9H3M7"	NA	NA	NA	8534240	8129977	9304634	NA	NA	NA
"Q9H3N1"	68801544	63964664	74943008	83194816	80708336	83471312	59795968	63456200	63742784
"Q9H3P2"	17775850	18734134	19520938	NA	NA	10534960	10354800	9379338	11695249
"Q9H3P7"	39934604	41063692	39770188	36093452	37119116	39886516	31192558	30724910	33279036
"Q9H3S4"	13566291	12320473	14319228	14788567	18465482	4032679.2	17338864	16344850	23039806
"Q9H3S7"	20654132	20879858	19442518	27733774	26567724	26056922	25477996	27324354	26654856
"Q9H3U1"	14000529	16336909	16061084	22264388	21565576	21741662	20699522	21103882	20313232
"Q9H3U5"	19374140	24652776	21396966	7754373	5437712.5	7013961.5	15174386	15615279	13210546
"Q9H3Z4"	90298408	67094156	67179816	157660400	150466512	153206816	106546928	91781360	119359096
"Q9H425"	NA	NA	NA	41089856	38797344	42932288	7889450.5	4592195	6413701.5
"Q9H444"	102283064	105355448	107530920	135768000	136845376	129740096	102534008	113685024	96490256
"Q9H446"	NA	NA	2989147.2	5154621.5	6702568	3586896.2	1827012.6	4624227.5	4626950.5
"Q9H469"	NA	NA	NA	NA	1748610.9	NA	NA	NA	1037532.06
"Q9H477"	NA	6899164.5	2316810.8	NA	NA	4091642.2	3577326.8	2697906	NA
"Q9H479"	NA	NA	NA	NA	NA	NA	NA	NA	NA
"Q9H488"	24774252	25836716	29615082	33252630	38505224	29510466	31145248	33445146	32606444
"Q9H490"	9126707	11132191	9246862	9395169	8154312.5	8548136	7572332	8270047.5	7925086
"Q9H496"	NA	1999328.5	2280137.8	NA	NA	NA	NA	NA	NA
"Q9H497"	NA	4463115.5	4512145.5	1519400.4	NA	3682306.2	NA	NA	NA
"Q9H4A3"	23009206	23389424	27752470	7690588.5	10556707	12244082	15195669	17991232	16301916
"Q9H4A4"	149281296	156152304	154152816	130510952	125961344	126946616	139830736	137868112	137204480
"Q9H4A5"	19908038	18847950	19506728	NA	NA	NA	NA	NA	NA
"Q9H4A6"	36129208	36236364	24543374	26813106	23925238	16135164	12965610	11347918	21330732
"Q9H4B0"	NA	NA	NA	NA	NA	NA	NA	NA	NA
"Q9H4B7"	NA	NA	NA	NA	NA	3627543.5	NA	3021612.8	NA
"Q9H4E7"	26555604	25360050	23506830	15372943	15547532	17079284	9363570	10290521	12677432
"Q9H4G4"	70298352	64385988	78526592	54616800	56420132	60710024	61128704	53185060	67880920
"Q9H4I2"	NA	NA	NA	NA	NA	NA	NA	NA	NA
"Q9H4I3"	NA	NA	NA	NA	NA	NA	NA	NA	NA
"Q9H4I9"	NA	NA	NA	NA	NA	NA	NA	NA	NA
"Q9H4K7"	3839013	3071726.8	4640790	NA	NA	NA	NA	NA	NA
"Q9H4L4"	NA	NA	NA	NA	NA	NA	NA	NA	NA
"Q9H4L5"	NA	NA	NA	NA	NA	NA	6442151	6154397.5	6784794
"Q9H4L7"	NA	NA	NA	NA	NA	NA	NA	NA	NA
"Q9H4M9"	41695552	40720960	38483392	112787320	115472888	120520320	50436668	50829316	49816500
"Q9H4P4"	NA	NA	NA	NA	3450012	NA	NA	2468419.5	NA
"Q9H4X1"	25451634	27448226	28442812	11305556	22218682	16071133	54038872	49361336	58315596
"Q9H4Z3"	6783667	NA	NA	NA	NA	NA	5018480.5	NA	NA
"Q9H501"	3282620.5	3464667.5	6342689	NA	NA	NA	4059637	6427869	4385482.5
"Q9H553"	4122831.8	4417060.5	5510052	8099752.5	10703707	11586847	13641005	12329724	11174393
"Q9H582"	NA	NA	NA	NA	NA	NA	NA	NA	NA
"Q9H583"	15233177	16819564	16503067	9437310	10872656	9711733	13688679	15055498	13352362
"Q9H5K3"	5328488	2533356.5	4617019.5	NA	NA	NA	NA	NA	2108268.5
"Q9H5N1"	14997020	10369065	11392152	15045863	12813135	14569705	11680150	9588148	10764037
"Q9H5Q4"	10629025	10877461	11348588	5625468.5	6352053.5	8353334	8849988	7075466.5	10152923
"Q9H5V9"	4359271	3893750.5	4243845.5	NA	NA	NA	NA	3378665.2	NA
"Q9H5X1"	7149887	7444295.5	8070922.5	9378347	8446513	9454130	10238921	12444145	12171493
"Q9H665"	NA	NA	NA	5287790	5285557.5	NA	NA	NA	NA
"Q9H6A0"	NA	NA	NA	NA	NA	NA	NA	NA	NA
"Q9H6E4"	11431767	14500893	13472293	16888396	17277378	18882038	13839193	16311986	13637346
"Q9H6E5"	NA	NA	NA	NA	NA	NA	NA	NA	NA
"Q9H6F5"	14665221	11171088	12717435	NA	8087926	5132307.5	9358132	8949715	10129525
"Q9H6H4"	NA	NA	NA	NA	NA	NA	NA	NA	NA
"Q9H6K1"	NA	5793261.5	5316489.5	NA	NA	NA	NA	NA	4918342.5
"Q9H6K4"	NA	NA	NA	15768094	NA	11110171	6307127.5	6807361	5997233.5
"Q9H6R0"	NA	NA	NA	NA	NA	NA	NA	NA	NA
"Q9H6R4"	10950752	9803942	8801023	7027785	5004871.5	7316809	6836797.5	9202277	7696042
"Q9H6R7"	NA	NA	NA	NA	NA	NA	NA	NA	NA
"Q9H6S0"	NA	1257022.1	7380258	NA	NA	NA	NA	NA	NA
"Q9H6T3"	18843018	17687740	18983100	10745437	11180963	8950904	9905155	8709612	8346846
"Q9H6V9"	6568035.5	8230616	6670457.5	6271565	6946672	7845943.5	7971062	7222734.5	8260105.5
"Q9H6W3"	9999415	6213519	6644252.5	5769174.5	8549267	9058853	NA	9751731	6610252.5
"Q9H6Y2"	5469502.5	5417884	4311738	3647035.2	2661055.8	5252240.5	2354708.5	4447544.5	NA
"Q9H6Z4"	38783076	37689568	37355640	24834388	19506632	22772760	25684668	27987938	21304548
"Q9H773"	22265980	25347868	26331562	NA	8870306	9896794	9324923	7939107	7803898
"Q9H777"	NA	NA	NA	NA	NA	NA	NA	NA	NA
"Q9H7B2"	24710166	26618878	25894576	17702854	19211428	21887228	23022748	28071154	25408112
"Q9H7B4"	3658738	1380242.2	NA	NA	NA	NA	NA	NA	NA
"Q9H7C9"	8838990	5999496	6397733.5	NA	NA	NA	NA	NA	NA
"Q9H7D0"	8177663.5	7062473.5	6353766.5	18006408	22259050	16986152	22755454	21351580	25629742
"Q9H7D7"	32333390	36053748	29913060	28234712	33631088	28525826	27131900	29755642	27746820
"Q9H7E2"	3981377	NA	4387056.5	NA	NA	NA	NA	NA	NA
"Q9H7E9"	13940671	22915158	18669262	4433577.5	NA	NA	14145240	12385146	13852232
"Q9H7F0"	11678735	10334318	12153170	25486198	17771788	19695246	24854588	23728218	23246946
"Q9H7L9"	NA	NA	NA	NA	NA	NA	NA	NA	NA
"Q9H7N4"	11650937	11240543	5806356.5	4818342.5	8032572.5	NA	NA	5462516	NA
"Q9H7P6"	5604141.5	NA	4287095.5	NA	6982354	1971306.8	NA	NA	NA
"Q9H7P9"	NA	NA	NA	NA	NA	NA	NA	NA	NA
"Q9H7Z3"	785679.5	1158311.9	1381072.9	NA	527001.4	NA	NA	NA	251130.78
"Q9H7Z6"	11869783	11437755	8433322	12198923	8651690	6635799	NA	4904129.5	5364435.5
"Q9H7Z7"	18058084	13956256	13397292	25029004	17197628	18840960	20488060	23556372	20006436
"Q9H813"	2545422.8	6328940.5	9015727	9140695	10762847	9995609	10986225	13295559	10799566
"Q9H814"	9792597	10187100	9180220	4920426	4634667.5	6359761	3369844.8	NA	4484507
"Q9H819"	NA	NA	NA	NA	NA	NA	NA	NA	NA
"Q9H832"	10655618	11693896	10035100	14353309	13095421	16385185	10973332	11204475	9175675
"Q9H840"	NA	NA	3223295	NA	NA	NA	NA	1200768	NA
"Q9H845"	30025634	31258380	28842730	29678882	27120302	27460006	29528356	28233530	29565144
"Q9H857"	NA	1038614.7	NA	4376931.5	2861160.2	2973882.8	1459232.6	1661648.2	2134768.8
"Q9H867"	4005848.5	1688292.4	NA	NA	NA	NA	NA	NA	2757371.5
"Q9H871"	8459700	6659463	7622235	5178528.5	7314421	4237022	7034785.5	7513591.5	6316037
"Q9H8G2"	4285637	4801300	5985431	NA	NA	NA	NA	NA	NA
"Q9H8H0"	8583561	7171977	6634899	3412724.5	NA	2903827.5	5609831.5	6023156	4856164.5
"Q9H8H2"	NA	NA	NA	NA	NA	NA	NA	NA	NA
"Q9H8H3"	23058162	15092125	21476622	39534728	27392904	40503656	48158920	47004488	44885672
"Q9H8M2"	NA	NA	NA	NA	NA	NA	NA	NA	NA
"Q9H8M7"	NA	NA	NA	NA	3798772	NA	NA	2166236.8	NA
"Q9H8P0"	12884586	16879776	12156605	13223091	20572938	13884867	18577854	9968606	18069540
"Q9H8S9"	46801852	44295400	41666528	87711824	79996808	78720192	34794004	33011014	36905216
"Q9H8U3"	NA	NA	NA	NA	NA	NA	NA	NA	NA
"Q9H8W4"	8782912	6374180	8097997	8044588.5	9788545	10361098	10783584	8697773	5682380.5
"Q9H8Y5"	9635775	NA	5538637	NA	NA	NA	NA	NA	NA
"Q9H8Y8"	30763946	24582522	27322542	26063912	22190626	20840522	29076814	26761932	30051386
"Q9H900"	3889262.5	4105348.8	3527364.2	2116762.8	NA	NA	NA	NA	NA
"Q9H910"	50749764	52856156	47160764	27067662	22335024	25362706	17825636	23844666	26592714
"Q9H930"	10646870	NA	2590026.5	3873213.2	6444934	4701108.5	NA	18173080	NA
"Q9H936"	18732108	20446422	19226440	54333916	38671444	50750456	60626656	59697200	58133012
"Q9H939"	NA	1866759.4	4875588	4093378.5	4491933.5	NA	NA	NA	NA
"Q9H944"	NA	3407347.5	4312820	NA	NA	NA	NA	NA	NA
"Q9H974"	9912027	11193949	8980183	9698864	8774827	8952526	10714905	11241316	10833947
"Q9H981"	NA	NA	NA	NA	NA	NA	NA	NA	NA
"Q9H993"	13193117	10736343	9295875	23787048	24334874	17805062	21155362	20008278	21398824
"Q9H9A5"	6032724.5	3979388.8	6068714.5	4423734	4561684	4954296.5	4262033	3043491	NA
"Q9H9A6"	9932304	9964980	9434730	9513737	7907005	6261647	8145754.5	3803517.8	7543201.5
"Q9H9B1"	7219468	7313992.5	9698887	NA	NA	NA	NA	NA	NA
"Q9H9B4"	31056454	30384022	28870532	37416956	40033800	38034868	33797776	36085024	35576632
"Q9H9C1"	6023381.5	4962167.5	4596837.5	4801317.5	7592984	4844743.5	5490743	4477502.5	5614241.5
"Q9H9E3"	10255269	9694383	8252163	9040276	12527902	8695132	10174259	10521883	12067207
"Q9H9F9"	NA	NA	NA	NA	NA	NA	8091858.5	NA	6651499.5
"Q9H9H4"	24550662	19064576	25267488	19587744	18178112	17755694	19813640	23745564	20523850
"Q9H9J2"	10870593	10928956	12024709	11979619	10665576	10779780	13479761	9580209	10862214
"Q9H9L3"	6504888.5	6053906.5	7940704.5	NA	NA	1283700.8	3699807	2667723	3216190.8
"Q9H9L4"	NA	NA	NA	NA	NA	NA	NA	NA	NA
"Q9H9P8"	NA	NA	NA	42494692	29493536	NA	NA	NA	16825434
"Q9H9Q2"	15094889	17070510	13145598	8364388	11267682	9350869	14450664	9856053	13189091
"Q9H9Q4"	NA	NA	NA	NA	NA	NA	NA	NA	NA
"Q9H9S4"	NA	NA	NA	NA	NA	NA	3528689.8	2422098.8	3106757.8
"Q9H9S5"	NA	NA	NA	NA	NA	NA	NA	NA	NA
"Q9H9T3"	6443684	4704497	6392342.5	NA	NA	2053565.2	3305935.2	5775079.5	4468251.5
"Q9H9Y2"	6226184	6920455.5	5435684.5	NA	NA	NA	3068156.8	3719659.8	3660776.5
"Q9H9Y4"	NA	NA	NA	NA	NA	NA	NA	NA	NA
"Q9H9Y6"	8067588	3195855.8	3413650.2	NA	NA	NA	5360678	1822093.6	4017051
"Q9HA64"	16949794	15741262	15174131	NA	11209005	11758055	17593198	21309182	NA
"Q9HA65"	NA	NA	NA	NA	NA	NA	NA	NA	NA
"Q9HA72"	1494201	1640314.1	1219168.4	2918302.5	3915742.5	2412339.2	3131161.8	2214468.8	3212211.5
"Q9HA77"	8853941	7885247	9612993	7235366	9976233	9871616	13310205	17161784	12910477
"Q9HAB3"	6038438.5	10395861	9278657	11174287	NA	NA	NA	10368512	11212694
"Q9HAB8"	52568772	47555044	52136604	71579144	69070600	72876056	89786456	91847288	87966384
"Q9HAC8"	NA	4304933	NA	5989301.5	4186206.2	1739374.1	7961340.5	8954619	9466095
"Q9HAD4"	6451382	NA	NA	NA	NA	NA	4492045.5	NA	NA
"Q9HAF1"	6805422	5121859.5	5219111	NA	NA	NA	NA	NA	NA
"Q9HAI6"	NA	NA	4958552	3555122.5	NA	NA	NA	NA	NA
"Q9HAJ7"	NA	NA	NA	NA	NA	NA	NA	NA	NA
"Q9HAR2"	NA	NA	NA	NA	NA	NA	NA	NA	NA
"Q9HAS0"	NA	NA	NA	NA	NA	NA	NA	NA	NA
"Q9HAT2"	NA	NA	NA	1909929	1427132.1	NA	1536834.6	5288326.5	2273396.5
"Q9HAU5"	11661883	13505858	12036941	10292010	11221363	13885332	9242146	10558936	11879318
"Q9HAV0"	27634398	19768364	17273392	24515930	24496018	25556882	7946917	7199378.5	7032885.5
"Q9HAV4"	20236404	21602792	20461368	15083908	13659742	13402252	10163157	12014955	14532577
"Q9HAV7"	42658260	42712816	40924636	58495724	53910784	52714876	67439664	72214160	65817292
"Q9HB07"	17730626	17399830	22490706	14688591	17964616	18905926	25713226	28093242	28401568
"Q9HB19"	11347726	10846677	10077742	10112199	10455959	11154630	12641696	12591600	12917935
"Q9HB40"	6513152.5	7198203	7299303	5948956.5	5676558	7713422	3518190.2	5351567	4864682
"Q9HB58"	11866247	6678560	9165423	19665170	22620540	16817128	NA	NA	NA
"Q9HB71"	247055184	263822432	244301360	154711776	140215776	140268240	155724064	159054384	161678672
"Q9HB90"	16072176	16357281	17830994	19808804	19072552	20887190	18076096	19078092	17285442
"Q9HBE4"	NA	NA	NA	NA	NA	NA	NA	NA	NA
"Q9HBF4"	NA	10991271	NA	NA	14085588	NA	NA	NA	NA
"Q9HBH0"	NA	NA	NA	NA	NA	NA	4379579	3260630.5	NA
"Q9HBH1"	NA	2127250.8	1359176.9	2148308.8	3557268.8	1540674.5	2149111.8	2621595	3035626.8
"Q9HBH5"	7304611	6914884.5	4811713.5	7299278	8319061	11493069	5096529	8689635	7544733.5
"Q9HBI0"	35239104	35527720	31176958	39984864	38807916	38062760	43788368	42513720	31565452
"Q9HBI1"	NA	NA	NA	5064769	9443039	4051913.2	5551330.5	4390627.5	5481207.5
"Q9HBL7"	12525300	13383898	8704661	33863556	38948260	NA	33260256	26222158	28914578
"Q9HBL8"	10497533	13462334	9010603	4252110.5	6094895	12306471	NA	NA	NA
"Q9HBM1"	9135930	8668586	13546463	NA	NA	NA	NA	NA	NA
"Q9HBR0"	9005269	8745868	6279969.5	4714959.5	6032664	4576624.5	NA	39707200	NA
"Q9HBU6"	7179296	8685014	7478202	5120673	4805212.5	12630678	NA	NA	3543918.2
"Q9HBZ2"	NA	NA	NA	NA	NA	NA	NA	NA	NA
"Q9HC07"	31293058	37899176	37047120	57080792	52147916	57977664	29205104	32818536	30735056
"Q9HC16"	6509196	5820386.5	6945813.5	21641058	16774300	18159442	3947188.2	5799648	8163558
"Q9HC21"	5349616.5	5814522.5	6991124.5	7136314	8248607	8754404	10581766	8959349	8350568
"Q9HC29"	NA	NA	NA	NA	NA	NA	NA	NA	NA
"Q9HC35"	18122400	18479162	19640658	22917012	21908372	22554992	25275930	24592094	25351904
"Q9HC36"	NA	4255156.5	4490819.5	NA	NA	NA	NA	NA	NA
"Q9HC38"	34411916	35147284	37361432	30940180	30921268	31693240	34454368	34639500	35148636
"Q9HC52"	6480752	9004775	6386561.5	NA	NA	NA	NA	NA	NA
"Q9HC98"	7833408	12045555	11555171	6344933	6187386	9637707	11265376	11040882	9044365
"Q9HCC0"	18588760	19031122	18965934	18889354	21518846	20718672	20873126	19952778	19799506
"Q9HCD5"	15529304	15745324	16703838	9504576	10763246	11530732	7124525	6984932	8670209
"Q9HCE1"	12986276	12001590	12165010	21513886	20236558	20295748	14097943	14352653	14844743
"Q9HCE5"	7915042	6301808.5	6063050.5	3843714.8	4647523.5	NA	2394945.5	NA	4209758
"Q9HCE6"	1922324.1	NA	4018788.2	NA	NA	NA	NA	NA	NA
"Q9HCG8"	10039139	8669202	6846186.5	4427338	4583147	5211176	2983463	2892997.2	2782196.2
"Q9HCI7"	NA	NA	NA	NA	NA	NA	NA	NA	NA
"Q9HCJ1"	NA	NA	NA	NA	NA	NA	718164.2	NA	710159.5
"Q9HCJ6"	4625812	3627328.5	3760868.8	8192669.5	8294923.5	4138411	8985508	7318105	8336258.5
"Q9HCK8"	7912739.5	4643297.5	6023109.5	9644940	6762626	NA	NA	NA	NA
"Q9HCM1"	NA	NA	NA	NA	NA	NA	NA	NA	NA
"Q9HCN4"	16978232	17756990	16514148	19760304	NA	25777038	19258258	14835047	NA
"Q9HCN8"	41440180	44069340	49859696	45684512	41064392	40933556	38452288	45170840	44760844
"Q9HCP0"	3601631.5	5712718	4687257.5	6005343.5	7904913.5	5537427	5813139.5	8301637.5	6168595
"Q9HCS7"	10398998	8851059	11661335	8452558	7182914.5	8211092.5	NA	6965674.5	NA
"Q9HCU5"	24169612	21464882	23314216	24239344	24982692	25375794	23744614	24533314	26141362
"Q9HCU8"	NA	NA	NA	NA	NA	NA	NA	NA	NA
"Q9HCU9"	NA	NA	NA	NA	NA	NA	NA	NA	NA
"Q9HD15"	16128313	12212422	12690948	NA	7265978	6015950	10614134	10065656	9479731
"Q9HD20"	58380700	60111560	61894420	66346428	66704072	63666732	69850528	77667768	74077624
"Q9HD26"	23060442	29061572	22580952	25383338	19035562	20680912	11433135	15283683	19103002
"Q9HD33"	15859727	10967093	12449630	9240340	10400419	14523616	11461159	12601312	12510231
"Q9HD34"	NA	NA	NA	NA	NA	NA	NA	NA	NA
"Q9HD40"	NA	NA	NA	6665485.5	NA	NA	6352431	5164500.5	5398991.5
"Q9HD42"	16438475	13426534	13218202	15682152	20304344	18807538	14991742	16582165	14420772
"Q9HD45"	39596816	41883680	41542268	59698572	56022832	56105784	44661252	43453940	40797408
"Q9HD64"	NA	NA	NA	NA	NA	NA	NA	NA	NA
"Q9HD67"	NA	2804460.2	1765138.4	5506897	5504335.5	864964.06	NA	NA	NA
"Q9HDC9"	26903180	25437044	25242990	26993386	28944896	28868716	36362492	39035028	38095488
"Q9NNW5"	5347752.5	NA	NA	5964434.5	NA	8333449	9089400	10826384	10266781
"Q9NNW7"	18001846	18526316	19079098	17906754	22721300	23143436	23349558	25655368	27969590
"Q9NNX6"	15815145	17052198	18580008	13081983	11629208	10360111	31582040	34631312	31950230
"Q9NP61"	19666250	24076252	21740290	20009024	23826402	22111546	26425172	25657128	24276814
"Q9NP64"	NA	NA	NA	NA	NA	NA	NA	NA	NA
"Q9NP66"	5092402.5	3832120.2	4309668	NA	2966626	1866742.8	2056375.2	3010529.5	1915984.8
"Q9NP71"	1267616.6	2093622.9	1334178.1	NA	1707059.5	NA	3873095.5	2316504	3562072
"Q9NP72"	33135486	36128964	37287876	43512924	43486260	46505772	40687088	42895240	39026408
"Q9NP73"	4687703	4978901.5	3814701.8	3249827.2	4169871.2	994482.5	NA	NA	NA
"Q9NP77"	9867737	9965470	11361173	11647977	12145587	8193168.5	NA	NA	2804605.2
"Q9NP78"	NA	NA	NA	NA	NA	NA	NA	NA	NA
"Q9NP79"	73030816	83735400	83270040	79597624	88203032	84557960	75622840	84354568	86255952
"Q9NP81"	13643935	10913394	11466950	11801108	11986563	11908957	11096508	15111974	12499913
"Q9NP92"	10175931	10217661	7110780	13418138	7756551	7633892	10856620	8058888	12026623
"Q9NP97"	68095328	65440532	61037252	59874716	68044064	68675904	64004788	61190804	54951748
"Q9NPA0"	26753900	22860510	22485496	23340202	21234400	22441248	21857370	24577864	26431598
"Q9NPA3"	NA	NA	NA	NA	NA	NA	12378572	7029141	5073381.5
"Q9NPA8"	32936316	35490628	33408280	12429147	16029237	13976148	9834172	12377077	12713892
"Q9NPD3"	24303190	26413938	26088706	16437568	20442178	20279836	16351527	14344725	16569038
"Q9NPE3"	6486210	15236412	15446376	9869580	9560913	9004973	7795462.5	11432679	7639494.5
"Q9NPF2"	14673405	NA	NA	7525604	5629609	NA	16976728	19976580	17566928
"Q9NPF4"	160769568	180127504	149443744	133447688	148182192	118914800	150232000	120339336	148115168
"Q9NPF5"	4497198.5	9718895	12317615	NA	NA	NA	NA	NA	NA
"Q9NPG3"	NA	NA	NA	NA	NA	NA	NA	NA	NA
"Q9NPH0"	NA	NA	NA	NA	NA	NA	NA	NA	NA
"Q9NPI1"	3331624	2568655	3186518	NA	NA	NA	NA	NA	NA
"Q9NPI6"	11656009	11253753	11478873	14539061	19755214	18284242	11260764	8686910	8932614
"Q9NPJ3"	8741636	8735995	9491880	8416699	7594549	6752495.5	9087704	10469989	10601962
"Q9NPJ6"	7763460.5	4714513	NA	NA	NA	NA	5869823.5	NA	NA
"Q9NPJ8"	9529487	11118181	7358821	7788486	7563383.5	7146104.5	5596188	6830310.5	4033011.8
"Q9NPL8"	10677171	8384803	13180939	6499797	11143391	11537114	10196225	8333821.5	9420025
"Q9NPQ8"	15785189	14478462	13848877	25068644	23804042	24209186	19828106	18531622	17628474
"Q9NPR9"	8305581.5	4571794.5	5088822.5	9922486	6284208	6940622.5	NA	NA	3939774.2
"Q9NQ25"	NA	NA	NA	4407252	7283179	5800403	NA	3334007.5	NA
"Q9NQ29"	13735304	12857441	14872247	8964813	12167773	10222814	8600098	8040225.5	8922680
"Q9NQ38"	NA	NA	NA	NA	NA	NA	NA	NA	NA
"Q9NQ48"	5141721	10009452	9732681	NA	6038939	2979363	6391077	6494535	3691742.8
"Q9NQ50"	21346470	19758680	15501850	14582671	8792328	20344504	14914869	22642480	10860310
"Q9NQ55"	6444144.5	8706496	7499288	1662372.4	3048717	2381807	5102027	5148671.5	2561860.8
"Q9NQ88"	4707524.5	5304393	5912620	8186815	9306170	5394667.5	6599208.5	6239793	9147004
"Q9NQ92"	7500559	6929634.5	5846075	5835892	NA	6048655.5	1818716.4	NA	5718294
"Q9NQA3"	3437095.8	NA	3680637.2	3406155	NA	1876365.9	NA	NA	NA
"Q9NQC3"	217846992	243954016	234280832	444402048	469500416	450072768	382866848	411131680	422112128
"Q9NQC7"	NA	NA	NA	NA	NA	NA	NA	NA	NA
"Q9NQE9"	9626869	8430145	7166378.5	17695078	15763361	15535997	16207892	17060910	15410715
"Q9NQG5"	44362572	45136400	44092856	33059636	32276094	32893318	26817396	29897738	31400308
"Q9NQG6"	NA	NA	NA	NA	NA	NA	NA	NA	NA
"Q9NQG7"	NA	NA	NA	NA	NA	NA	NA	NA	NA
"Q9NQH7"	7979493	7457366	2833884.8	7922418	5011097	3663604	9330515	9870191	9563476
"Q9NQP4"	48398120	46394408	49253528	39008912	34477148	43064100	34377060	38539912	40780576
"Q9NQR4"	39029860	39303464	38097948	32849524	32017936	33408358	36504252	40818896	43160484
"Q9NQS1"	7040105.5	NA	5724524.5	NA	2394074.2	4734559	618337.8	NA	NA
"Q9NQS3"	NA	NA	NA	4771119	NA	8093357.5	NA	NA	NA
"Q9NQS5"	NA	NA	4722208.5	10335685	14366067	10318495	NA	6264460	4837940.5
"Q9NQT4"	19206060	15420453	14802762	10491256	12945182	11286212	9308132	10042778	8150422
"Q9NQT5"	21868688	22857902	22210442	13641134	17304192	18126198	12950081	13207475	16248709
"Q9NQT8"	3087131.8	2591004.5	2008516.8	3575786.8	2179005.5	3846503.5	3297273	3219619.8	NA
"Q9NQV6"	NA	NA	NA	NA	NA	NA	NA	NA	NA
"Q9NQW7"	69013896	73405600	70754992	80217960	77117128	79817192	83399544	82503000	87705168
"Q9NQX3"	11349476	9308383	9816941	6425077	8200027	7069466.5	8090124	8848243	8477798
"Q9NQZ2"	4981975	6485075.5	2007694.8	NA	NA	762301.3	3153033.2	9529802	3601477
"Q9NQZ5"	4004546.2	5311297.5	NA	NA	NA	NA	3489014.8	NA	NA
"Q9NR09"	11542381	6790212.5	5395601	6181418.5	8730454	7465754.5	5870063	7723442.5	8120963
"Q9NR12"	165562416	159897984	161799184	123719760	137689552	147939904	118806008	135877440	146630848
"Q9NR19"	8851102	9934642	11883696	13123199	11858212	12011866	11742482	12832863	14972521
"Q9NR28"	24753492	21309648	21202550	27075048	18538884	21566464	25992094	27016566	22836002
"Q9NR30"	128057352	135599552	134853104	51147020	52772304	50882040	62311812	62532260	60110136
"Q9NR31"	65572888	63718180	57064300	74270168	76414072	73145528	70026216	72459432	65140924
"Q9NR33"	NA	NA	NA	NA	NA	NA	NA	NA	NA
"Q9NR34"	NA	NA	NA	NA	NA	NA	NA	NA	NA
"Q9NR45"	67841480	70188560	71586304	72898056	78701008	71465456	73426200	71749360	72547240
"Q9NR46"	12687851	15115027	12791437	13567328	12494998	16029860	16131580	14571788	15479746
"Q9NR50"	20690254	22078924	18343870	18889278	21388970	20198914	24637108	24025954	24492912
"Q9NR56"	53380276	53047144	50878348	26871824	26914560	23718174	27952940	28106434	27070594
"Q9NR77"	4739210.5	5075671	4256099	3018138.2	3735873.2	4867726.5	1962146.2	3159828.5	4192896.8
"Q9NRA0"	NA	NA	5689251.5	NA	1143769.1	NA	NA	NA	NA
"Q9NRA2"	14719575	15188633	13687094	8621700	9181516	9619075	9898428	10354576	12167464
"Q9NRA8"	NA	2865503	5430989.5	NA	NA	NA	NA	NA	NA
"Q9NRC8"	NA	5381347	1641525.9	NA	NA	NA	NA	NA	NA
"Q9NRD1"	3576367	NA	3465098.5	12801868	9014075	10364181	NA	NA	NA
"Q9NRF8"	5389864	7944900	6977902.5	4321948	NA	4308709.5	NA	NA	3815149.8
"Q9NRF9"	35714884	31934220	37900980	13280300	22117948	16973460	11954151	12686624	15357743
"Q9NRG0"	19238046	18298440	18074832	9397381	11577200	9568386	6980447	4664087.5	4956257
"Q9NRG7"	1990467.6	1093549	760441.75	1636047.1	NA	NA	NA	NA	1727619
"Q9NRG9"	17072070	15637666	16978368	8179441.5	8460629	7291092	7968495	10088524	11019018
"Q9NRI5"	10756100	9755903	NA	21192002	NA	90348032	NA	49986060	NA
"Q9NRK6"	NA	NA	NA	NA	NA	NA	NA	NA	NA
"Q9NRL2"	12254103	11845633	10883239	10523294	7666600	6991283.5	3780301.2	2350141.2	3672542.8
"Q9NRL3"	11340883	10739715	11702240	12429886	11102892	13324694	9278972	9524310	10041994
"Q9NRN7"	12796359	14816586	14843450	6566912	7362496	7913162.5	8537624	8909123	7928185
"Q9NRP0"	83631720	80703232	90955840	106935744	85945888	117123360	128911736	127562096	124096344
"Q9NRP2"	13103839	10729849	12004164	9216448	NA	NA	NA	NA	2278845.8
"Q9NRR3"	NA	NA	NA	7948924	9008962	5923563	NA	NA	NA
"Q9NRR5"	23040196	22437152	20785910	23752354	22952766	24951642	18994440	24114770	23285952
"Q9NRR8"	17033398	18729944	20839372	16516870	19844368	20116394	5979462.5	9439323	11557433
"Q9NRV9"	38805780	33161242	31067918	29843778	28379054	26665474	34578448	32272322	32512320
"Q9NRW1"	NA	NA	NA	NA	NA	NA	NA	NA	NA
"Q9NRW3"	14436472	12481120	16321189	8785132	11606687	11737121	4249931	NA	7219707.5
"Q9NRW7"	14398038	11038036	13306265	16373874	13473682	17370410	20774332	22371346	21138496
"Q9NRX1"	8444762	7920415	6886403.5	2031650.2	NA	12435942	NA	NA	NA
"Q9NRX2"	8108755	6632054	8730369	6051376	5136528.5	7585457	7149718.5	7442148	6061395
"Q9NRX4"	67153392	64698268	67517112	66958264	56282260	71425528	46598628	50236912	44706948
"Q9NRX5"	11827988	11934533	12543873	8318434.5	7601562	5961099.5	9501188	11017751	11987073
"Q9NRY2"	NA	4432643.5	4958894	NA	NA	NA	NA	NA	NA
"Q9NRY4"	4709859	3286017.2	3855184	NA	NA	2226841.5	3083972.8	3354367.2	3616113.2
"Q9NRY5"	9033075	8522918	9266100	7472005.5	5194306	6501963	6018249.5	6776481.5	5119054
"Q9NRZ5"	NA	NA	NA	NA	NA	4717699	8712075	9444955	10798123
"Q9NRZ7"	6436846	4089077.8	5665285	7204991	7206061.5	7016770	5898846.5	6469680	6078216
"Q9NS69"	54651744	57520144	65550144	55975444	51838580	61191144	67381304	66116032	72291512
"Q9NS86"	17873494	19105140	17718788	17593192	17262678	18114096	15328514	14287691	15124800
"Q9NS87"	8956207	8705253	6966227	NA	NA	NA	NA	NA	NA
"Q9NSC5"	24892152	20921910	19239544	15250922	16374605	14589036	13635142	11020496	12052939
"Q9NSD9"	56009000	51702748	52152452	47834728	43531088	45202140	55590308	58373188	54548568
"Q9NSE4"	61400140	63833552	63879908	72280848	72569568	71713184	78576152	79749232	78995472
"Q9NSI2"	NA	10360151	10570782	NA	NA	NA	NA	NA	NA
"Q9NSK0"	6297219	7238320.5	7611986	7401329.5	8472171	7270530	7114132.5	10615151	7642022
"Q9NSK7"	NA	NA	NA	NA	NA	NA	NA	NA	NA
"Q9NSP4"	NA	NA	NA	NA	NA	NA	NA	NA	NA
"Q9NSU2"	9949920	5573741.5	10937921	15829265	20097606	16010432	NA	NA	NA
"Q9NSV4"	NA	NA	NA	NA	NA	NA	NA	NA	NA
"Q9NSY1"	15207784	17202846	14212024	11723181	18278630	18220062	11633477	6839476.5	5591278
"Q9NT62"	86187960	92487768	90671160	122491536	128615680	122666864	89308160	87639800	93935936
"Q9NTI2"	NA	NA	NA	NA	NA	NA	NA	NA	NA
"Q9NTI5"	23971268	25534884	23379312	13065535	14272380	12439472	11722636	11852450	12086348
"Q9NTJ3"	21356302	22296814	21684868	4848968	16115793	NA	NA	NA	NA
"Q9NTJ4"	21886286	8877652	18400618	14836096	32931078	40684208	8785225	15248645	25544886
"Q9NTJ5"	41661480	40103504	43116332	48242596	50597684	52369192	49428456	48074140	49141512
"Q9NTK5"	132766336	137685248	142324256	134626752	118970368	125554808	140228368	129040632	139854320
"Q9NTM9"	NA	4179884.8	NA	NA	NA	NA	NA	1309072.6	NA
"Q9NTX5"	33299772	35023896	36767580	28813672	34193096	32059894	36352844	34839852	35267756
"Q9NTX7"	NA	NA	NA	NA	NA	NA	NA	NA	NA
"Q9NTZ6"	27783228	26189940	27412498	16705898	16305519	17938384	15096905	16545468	15888974
"Q9NU19"	NA	NA	NA	NA	NA	NA	NA	NA	NA
"Q9NU22"	5194481	3231458.5	3686586.8	NA	NA	4409476.5	NA	NA	NA
"Q9NUB1"	NA	NA	NA	NA	NA	NA	NA	NA	NA
"Q9NUD5"	5057692.5	5127026	4334791.5	NA	NA	NA	NA	NA	NA
"Q9NUG6"	NA	NA	NA	NA	NA	NA	NA	NA	NA
"Q9NUI1"	10238531	9812042	16974636	12988599	13285545	6429847	11617915	11680610	12305705
"Q9NUJ1"	26114076	21878130	25307944	23396536	23102712	22600164	23177424	23426020	22816836
"Q9NUJ3"	NA	NA	NA	NA	NA	NA	NA	NA	NA
"Q9NUL3"	11730377	10294902	13665503	NA	NA	NA	NA	NA	NA
"Q9NUL5"	10473414	10758359	9764870	28052666	30215648	27382598	10934804	8788365	10585250
"Q9NUL7"	NA	NA	NA	NA	NA	NA	NA	NA	NA
"Q9NUM4"	7521104.5	7679022	6469104	7659621.5	8594121	3598498.5	5131775.5	5281386	NA
"Q9NUN5"	NA	NA	NA	NA	NA	NA	NA	NA	NA
"Q9NUP1"	7432852	8768973	5409270.5	7908208.5	3809783.2	NA	5735285.5	7177153.5	NA
"Q9NUP7"	9853580	NA	9120790	NA	NA	NA	NA	NA	NA
"Q9NUQ2"	7561113	7750656.5	6570960	12448896	14658075	14802450	15029550	18123512	11773103
"Q9NUQ3"	NA	NA	NA	NA	NA	NA	NA	NA	NA
"Q9NUQ6"	9771044	16585231	9101871	18319026	22872712	24442644	7079223	NA	11283688
"Q9NUQ7"	5060089	5019749.5	4872259	NA	NA	4094829.8	5104236	NA	NA
"Q9NUQ8"	9139086	8877075	9146183	7740707.5	8364881	9738331	8611813	9208214	9970334
"Q9NUQ9"	159137632	162043456	156701504	174569504	181915984	180584400	179712272	187487664	190014480
"Q9NUS5"	NA	NA	NA	NA	NA	NA	NA	NA	NA
"Q9NUU6"	20691380	20500790	22724026	10106397	9210254	9031258	6677507.5	8807033	NA
"Q9NUU7"	50003696	51239812	53137744	43184288	36325644	41691296	48065824	49256536	51378252
"Q9NUV9"	NA	NA	NA	NA	NA	NA	NA	NA	NA
"Q9NUW8"	NA	1697198.8	NA	NA	NA	NA	NA	1922243.1	NA
"Q9NUY8"	NA	5606142	1948334.2	8821694	8981419	7614253.5	10477028	10050765	9713624
"Q9NV06"	8096601	7624282.5	7948131.5	2866201.8	3020832.5	NA	6593835.5	6773586	4369637
"Q9NV31"	6647206	9860499	10154487	4055907	NA	5086311.5	7326094.5	6988912.5	6136550.5
"Q9NV56"	5639168	5274394	5235050.5	2619850.8	5044418	4746881.5	2801227	2165872.8	1626507.9
"Q9NV70"	7437531.5	5376923.5	6506273.5	4943048	9545131	9626999	6361312	10263004	8855730
"Q9NV88"	5990307	4015836	8667585	3323501.5	5075946	6054973	2740046.5	2241175	4092247.5
"Q9NV96"	14561004	14147504	16510150	10353386	10415990	12037493	11777368	17214508	13479038
"Q9NVA1"	5789244	5385707	8604017	6870116	10110967	8418424	10929659	5302648	9062321
"Q9NVA2"	58730260	64115264	66965888	52870892	49914860	51933876	55994284	57687800	59251880
"Q9NVA4"	11197975	7074603.5	6389929.5	4721707	11458095	12106467	20743914	17842478	17369480
"Q9NVC6"	2050104.2	2269507	2359104.5	1991946.1	NA	NA	NA	NA	NA
"Q9NVD7"	NA	NA	NA	18617336	18603598	18589720	16147300	18909500	16669773
"Q9NVE7"	4406034.5	4889522	5229005.5	6759030.5	8784865	8151612.5	10359316	10813053	7538035.5
"Q9NVG8"	19484456	22819328	21244576	20179896	19398618	23309772	21505408	20236326	19865618
"Q9NVH1"	12975788	11031731	11926634	18571590	19832822	16893858	15710745	17885594	18850826
"Q9NVH2"	3105048.8	2923604.2	2754087.2	1638766.5	1996293.9	1883499.2	1850766	1492836	2528998.2
"Q9NVI1"	NA	1716049	4857127	NA	NA	NA	NA	NA	NA
"Q9NVI7"	38068676	40827504	42615984	40650208	42454832	41258032	43371588	41850736	44964796
"Q9NVJ2"	85015184	71180768	64275468	146457824	122612808	162382288	87662392	104560792	97197656
"Q9NVK5"	NA	NA	NA	NA	NA	1836152.2	NA	NA	2910717.2
"Q9NVM4"	NA	NA	NA	NA	NA	NA	NA	NA	NA
"Q9NVM6"	27127802	28156818	29676762	19154926	19255872	6959484.5	NA	17226024	17001356
"Q9NVM9"	4936861.5	3593135	5106302.5	4058510.2	6297101.5	NA	4756773.5	2327672.8	4668183
"Q9NVN8"	NA	NA	NA	NA	NA	NA	NA	NA	NA
"Q9NVP1"	40006628	36144208	39276260	10047953	13885410	12463876	22279274	23250778	22164162
"Q9NVP2"	NA	NA	NA	NA	NA	NA	NA	NA	NA
"Q9NVQ4"	1117050.5	1365619.9	888215.5	NA	NA	NA	667285.6	335915.44	2990633.2
"Q9NVR2"	3291748.2	2097959.5	2400114	1828624.5	NA	NA	NA	NA	NA
"Q9NVS2"	13604879	12909937	11480685	7780833.5	8755149	7805420	9200668	10804637	11348747
"Q9NVS9"	72127024	70825016	63259116	64407256	69304064	73130576	100325392	108633616	108235448
"Q9NVT9"	11881722	NA	3107945.5	5540351.5	NA	7674558.5	10215167	8258279	12997794
"Q9NVU0"	NA	NA	NA	NA	NA	NA	NA	NA	NA
"Q9NVU7"	6642506	NA	5982047.5	5523908.5	3943755.5	4225860	NA	NA	NA
"Q9NVV0"	NA	1204097.8	1004661.5	1033637.75	1102796.6	498625.88	1752718	NA	NA
"Q9NVV4"	NA	NA	3081628.8	NA	6068880.5	NA	3493837	NA	3861359
"Q9NVV5"	9449019	11142912	9393863	6078239	6424464	6727780.5	NA	NA	NA
"Q9NVW2"	NA	NA	NA	NA	NA	NA	NA	NA	NA
"Q9NVX2"	3626583.8	5260640.5	5725434.5	NA	4304126.5	4055578.2	3451741	NA	NA
"Q9NVZ3"	32324352	32301820	36506756	39244996	42173856	39714120	31132044	29155376	33994952
"Q9NW08"	4392351	4245646	NA	3951923.2	NA	NA	2826061.2	NA	NA
"Q9NW13"	17740012	20370546	21227036	14306953	14189122	13176895	6905620.5	10580004	9361640
"Q9NW15"	3072580	NA	NA	NA	NA	4854047	1079917.9	1949594.9	4834017.5
"Q9NW64"	21471786	20598042	16908868	15409074	17016212	13583322	10812504	9287333	9194775
"Q9NW68"	3912285.5	3469109	1788999.1	NA	6443956	3355460	1037857.6	NA	3023524.8
"Q9NW75"	NA	1029357.7	1653971	NA	NA	NA	NA	NA	NA
"Q9NW81"	NA	NA	2877948.8	NA	NA	NA	3750140	2800043	3768840.2
"Q9NW82"	6820347.5	6242669.5	6837397.5	NA	NA	NA	NA	NA	NA
"Q9NW97"	NA	2119054.2	NA	7767194.5	8731341	NA	NA	NA	NA
"Q9NWB6"	25782722	23094588	25800892	17042324	13549691	19582302	17378504	13825246	13913506
"Q9NWH9"	70869288	70397480	69355816	55340828	53430900	50004148	42716552	43099864	39637864
"Q9NWK9"	NA	NA	NA	NA	NA	NA	NA	NA	NA
"Q9NWM0"	NA	NA	NA	5484636	4314100	3389771	NA	NA	NA
"Q9NWQ8"	16410026	14156842	15852173	8279392.5	NA	4053739.2	11205473	10803395	11431694
"Q9NWS0"	10318346	21817538	27018146	12047254	12533769	11453903	15296445	11729320	11807664
"Q9NWS8"	3789918.5	3118198.8	5236893	7716593	7854757	4950907	7669614.5	7990483.5	6988183.5
"Q9NWT1"	NA	NA	NA	NA	NA	NA	NA	NA	NA
"Q9NWT6"	7459655.5	8837998	8301336.5	7239324.5	9398051	7056822.5	5253078	5061625.5	4720451
"Q9NWT8"	5751976.5	NA	6168219.5	5537525	4310556.5	NA	7913861.5	5650338.5	5937794.5
"Q9NWU1"	9645149	7580741	10261596	8025160	9814809	11902353	10906312	10350002	8631410
"Q9NWU2"	11029064	15210007	5426502.5	14196959	13464819	12131697	9625765	8126152	9329855
"Q9NWU5"	11746864	9482397	8520543	8105850	10704237	NA	NA	9689039	7814192
"Q9NWV4"	52617360	52765768	50766912	34452780	34462352	32105482	31397424	30612444	32128864
"Q9NWV8"	21911474	22904690	13787463	17276538	18844328	21754118	17337360	19066820	24266020
"Q9NWW5"	21171172	23335550	26865528	18322998	22038678	19796834	NA	15937900	21882176
"Q9NWX6"	6121636.5	5105378	3507828.2	5733096.5	3738539.8	6539786.5	4922399	5363445	4699134.5
"Q9NWY4"	NA	NA	NA	NA	NA	NA	NA	NA	NA
"Q9NWZ3"	13944752	10616915	9932427	8379060.5	9201116	10038613	8945197	5876508.5	4596350
"Q9NWZ5"	5460570	NA	NA	NA	NA	NA	5527452	NA	NA
"Q9NX01"	NA	3736748.8	NA	NA	2902553.8	3734199.8	NA	NA	NA
"Q9NX04"	843311.25	1123636.5	1218437	NA	NA	431704	666143.25	NA	1418732.2
"Q9NX07"	NA	3419323.2	1810814.4	NA	NA	NA	NA	NA	NA
"Q9NX08"	8245368.5	7079320	9030469	8289279.5	7276323.5	8688852	7549764	7164435.5	7048087.5
"Q9NX14"	41770652	52233256	44149568	41377892	35456336	31150052	47255948	41425744	37140452
"Q9NX18"	NA	3126352.5	1868011.4	NA	NA	NA	NA	NA	NA
"Q9NX20"	12352730	15775134	17597018	13333961	14839585	10705486	15330799	12863599	18271422
"Q9NX24"	43332132	40324164	44065176	29583846	30802554	31256126	36016116	34368792	35450884
"Q9NX38"	NA	NA	NA	NA	NA	NA	NA	NA	NA
"Q9NX40"	36406684	33024976	37536732	26822860	25609694	28160086	23509648	19410452	19635912
"Q9NX46"	11709097	13182661	12233254	22721696	29221178	24223290	15403055	17182236	17436378
"Q9NX47"	6192111.5	5734144.5	6341417.5	5731833.5	6444795	5337865	4038722	5858375.5	4369144
"Q9NX55"	34567556	30673590	36716804	26265414	21382942	21176274	32134184	31964364	28693070
"Q9NX57"	NA	NA	NA	7833504	8388067.5	10004839	17530662	12983254	14457680
"Q9NX58"	43253264	43407672	42151704	25843234	24161074	28580344	32994402	37195188	34890136
"Q9NX61"	1326169.9	NA	1243107.2	1938160.8	1688844.1	1364317.1	556664.56	NA	2481989.8
"Q9NX62"	9526344	5620403.5	6303719	NA	7019429	11982542	12580286	10423249	12757704
"Q9NX63"	70716872	84495664	67594872	74401840	83247600	79236168	70387496	71261648	70013544
"Q9NX70"	NA	NA	NA	NA	NA	NA	NA	NA	NA
"Q9NX74"	NA	NA	NA	NA	NA	NA	NA	NA	NA
"Q9NX76"	18475466	15638238	12405402	29146760	24648734	30319832	21035154	18617716	22407942
"Q9NX78"	NA	NA	NA	NA	NA	NA	NA	NA	NA
"Q9NXC5"	4122495.2	5046105.5	2880530	NA	6341283	4726829.5	6651129.5	4583294	6131221
"Q9NXD2"	NA	NA	NA	NA	NA	NA	NA	NA	NA
"Q9NXE4"	6555662	7010520.5	4810750	5586020.5	7176928.5	6258882.5	6690060.5	4780437.5	7277848
"Q9NXE8"	NA	NA	NA	NA	NA	NA	NA	NA	NA
"Q9NXF1"	2029172.8	1815167.2	2147199.2	NA	4747543.5	NA	5490681.5	3128335.5	6192487.5
"Q9NXG2"	44681640	41512260	44787768	44719584	42852772	47811976	39415252	36855844	37001428
"Q9NXH8"	6870106.5	6628808.5	7403176.5	8767920	8476215	8449856	4176385.2	7192096.5	7364599.5
"Q9NXH9"	9983926	9058681	8936869	4515845.5	4584109.5	5855079.5	9596039	9032609	10069856
"Q9NXJ5"	8652793	7515009.5	9455066	23298174	17275680	21090366	24498716	25243238	25120532
"Q9NXK6"	NA	NA	NA	NA	NA	2070093	NA	897049.5	3587157
"Q9NXK8"	2313093.5	1235367.5	887466	NA	NA	2740069	NA	NA	NA
"Q9NXN4"	8445849	9934369	8229225.5	NA	7351446.5	11241925	3769881.2	8864308	7278403
"Q9NXR1"	5571085	3123154	2151126.5	6269404.5	5332454	11224190	6905176	4605636	5694012
"Q9NXR7"	14235367	14817210	13042383	20067198	21237384	13053753	14319194	21073544	22040684
"Q9NXS2"	4422885	7333718	5669641.5	5987861	6394992.5	5417164	8039206	7193704	8625923
"Q9NXU5"	3443440.2	3830478.8	2543784.8	3151127	4326356	4709887	4890037	4428688.5	3118934
"Q9NXV2"	3065424.2	5397630.5	NA	5205981.5	8485930	7490165	NA	NA	NA
"Q9NXV6"	24404460	20815524	22623550	19829430	17533172	19576986	16004834	16089404	16219233
"Q9NXW2"	8931910	7475685	8040030	7004456	7811333	7885790.5	4836267	6831951	5019903.5
"Q9NXW9"	NA	3797305.8	1760086.4	NA	NA	NA	1234903.8	NA	NA
"Q9NXX6"	NA	NA	NA	NA	NA	NA	NA	NA	NA
"Q9NY12"	36722856	39003092	40043988	30296332	28818186	30957346	33810300	33793328	33370620
"Q9NY26"	NA	6511250	NA	NA	NA	NA	4042768.2	6944995.5	NA
"Q9NY27"	26076278	26002380	23587496	13958127	17386280	15042274	13861608	16786202	10749216
"Q9NY33"	48360504	44531632	45350064	67599096	67073808	66998176	69845520	67932240	72239576
"Q9NY35"	NA	4564768	5172829	NA	5350629.5	6713695.5	5151916	5468325	6774838
"Q9NY61"	13392297	9907522	8562687	5384506.5	NA	14396755	8268779	8241365	8758584
"Q9NY65"	9451471	11029365	10888943	NA	15895212	15163992	10398562	7036855	NA
"Q9NY93"	11442416	10184386	12228617	5513966.5	NA	NA	NA	4384331	7052366
"Q9NY97"	NA	NA	NA	NA	NA	NA	NA	NA	NA
"Q9NYA1"	NA	2506353	NA	5327695	5370256.5	5890289	6947668.5	6128688.5	4857033.5
"Q9NYB0"	28968500	32198500	34563076	24226282	22820146	15798160	21496592	14902444	24468096
"Q9NYB9"	2276285	2470289.8	6137815	3853745	8111111	7464658.5	9329301	8413785	9348163
"Q9NYF8"	66369020	66841268	66427792	47301740	41716812	43724924	40632224	43897132	38471356
"Q9NYH9"	7067254	6029724.5	4115931.2	NA	3173778.8	NA	3349316.5	4381899.5	NA
"Q9NYI0"	NA	NA	NA	1302296.5	2086748.6	13031762	19587840	22290716	16676070
"Q9NYJ1"	16959324	NA	16704036	NA	7733904.5	NA	NA	NA	NA
"Q9NYJ8"	13860086	12739834	8355554	14049244	13608827	16380217	8943997	10095463	10267364
"Q9NYK5"	14549609	11070987	13668629	12182242	13513515	9265294	11213470	10129404	9934362
"Q9NYL2"	11196627	13711563	10556808	8244936.5	9470978	10214472	13106984	12999312	10609494
"Q9NYL9"	65266844	61670204	61058252	81510528	74259384	83119048	61262988	60471764	62817048
"Q9NYM9"	NA	NA	NA	NA	NA	NA	NA	NA	NA
"Q9NYP7"	12556940	12728605	11151345	12782964	11202225	11885019	22184862	23930786	22243710
"Q9NYR9"	2044786.4	3295856.5	2297803.5	1982195.5	NA	NA	NA	NA	NA
"Q9NYU1"	NA	NA	NA	NA	NA	NA	NA	NA	NA
"Q9NYU2"	41937708	43511440	43367616	44833248	46805740	44865432	47577844	48935056	46231884
"Q9NYV4"	4570496	6774323.5	5427045.5	NA	NA	4028922.2	NA	NA	NA
"Q9NYY8"	NA	NA	NA	NA	NA	NA	NA	NA	NA
"Q9NYZ3"	NA	NA	NA	NA	NA	NA	NA	NA	NA
"Q9NZ01"	85811984	71213688	91641608	58030432	55360784	56964632	56647832	54733232	50355808
"Q9NZ08"	24138954	27567554	26716414	32771220	32244266	35828592	15455540	18164220	16467366
"Q9NZ09"	8503847	9286502	7645727.5	11166112	14848164	10524590	8917204	3709559.8	11463547
"Q9NZ32"	11511431	5424565	2723888.5	7867156	7746494	11064820	8447662	6662141.5	9357196
"Q9NZ43"	NA	NA	NA	NA	NA	NA	NA	NA	NA
"Q9NZ45"	14196577	14409506	13738071	13155845	13205966	17282928	19544992	21496082	18399036
"Q9NZ52"	5285904.5	4792521	3730223	4916899.5	5013612	4086836.8	584632.8	2973024.8	3344512.2
"Q9NZ63"	5482796.5	3505176.2	5772441	NA	NA	NA	NA	NA	NA
"Q9NZB2"	51344868	46930076	47571568	46959728	46771044	48379404	54525872	56143844	58333616
"Q9NZC3"	NA	NA	NA	3659959.5	3336717.8	5127923.5	5400980	4343000.5	6748996
"Q9NZD2"	7848347.5	8785544	5999429	13690783	12336896	13891771	14098918	14419932	14098843
"Q9NZD8"	21854576	22669108	28274198	18818666	23114396	17428678	23855096	24924198	29908188
"Q9NZE8"	NA	NA	NA	NA	NA	NA	NA	NA	NA
"Q9NZF1"	55542936	57555604	57410828	57062712	73846872	65729104	24260602	22642562	34948916
"Q9NZI7"	7109792.5	9232689	9021663	4810274	NA	6575459	NA	NA	9449604
"Q9NZJ6"	NA	NA	NA	NA	NA	NA	NA	NA	NA
"Q9NZJ7"	NA	6727255.5	NA	14730668	17119040	14375203	13805867	14325643	10495128
"Q9NZJ9"	16307347	14443826	13139940	11508366	13268988	8111066	12191394	15750245	9424898
"Q9NZL4"	17134740	20363234	16068023	11599764	17163512	13960130	19282212	18503300	16173558
"Q9NZL9"	44607940	39478048	36811716	35175752	29607074	33096306	29395472	29149278	28546540
"Q9NZM1"	15946938	16085549	14948681	41834220	39568548	42238676	48030400	48057784	47988452
"Q9NZM3"	32898176	37456516	34657044	18528758	31897448	18506812	33086678	29085352	35016320
"Q9NZM5"	5596052.5	7765457	8151071.5	NA	2952782	2262059.5	NA	NA	NA
"Q9NZN3"	NA	NA	NA	NA	NA	NA	NA	NA	NA
"Q9NZN4"	7649859	6249213	8090130.5	NA	NA	NA	NA	NA	NA
"Q9NZN5"	NA	NA	NA	NA	NA	NA	NA	NA	NA
"Q9NZN8"	17076402	16869820	18846108	14417630	11505895	11558958	14905599	6777029	10168527
"Q9NZQ3"	5769156	5437561.5	8090113.5	9625204	13060258	10089642	8489818	13212023	15637404
"Q9NZQ7"	NA	NA	NA	140660384	137495120	146333760	9103571	NA	12680321
"Q9NZT2"	32902444	32103644	31831022	55784392	55849884	59542588	26607482	27905940	27192012
"Q9NZV5"	NA	NA	NA	NA	2143739.2	2960311.5	6024774	7081840	5808352
"Q9NZV6"	NA	NA	NA	9247618	NA	4585846	NA	NA	NA
"Q9NZW5"	NA	NA	3460141.2	NA	NA	NA	4845464	NA	NA
"Q9NZZ3"	59671312	61316044	65131716	90896048	99012296	93039896	42543580	39648272	53445776
"Q9P000"	17538638	18081730	16710450	11695169	15188804	9745137	12051061	14022936	13205371
"Q9P003"	26905370	26147542	63941036	64028856	51151564	136211712	51351148	48835468	42184880
"Q9P013"	17176870	17652212	16817164	11615472	11752010	16017822	8278759.5	9085599	10033382
"Q9P015"	16055640	14897824	15012484	13036650	14735934	14067286	15460234	12773549	14750791
"Q9P016"	17103314	16698106	17057244	NA	12087753	25556248	12187633	NA	4943146.5
"Q9P031"	NA	NA	NA	19122314	NA	NA	NA	6501824	NA
"Q9P032"	11380383	10087585	10848571	5225490.5	5937958.5	NA	13823857	11677378	7499782
"Q9P035"	20226152	16852222	16050650	27670620	25927772	30532622	33620872	32949262	34575608
"Q9P086"	NA	NA	NA	NA	NA	NA	NA	NA	NA
"Q9P0I2"	13242098	11629013	11153187	10959545	11526562	12977353	16695065	17245394	16897558
"Q9P0J0"	29475914	31078212	30633908	23622146	22478288	22228034	30423416	29234578	24334446
"Q9P0J1"	8078762.5	9697356	4549490	15665219	14616763	11380539	15256689	15662807	11886965
"Q9P0J6"	NA	NA	NA	2730910	NA	NA	3961834.5	3566879.8	4426898.5
"Q9P0J7"	3847656.8	2926822.5	1749262.2	6304194	5929522.5	4074050.8	3522250	4989134	4209985
"Q9P0K7"	1997917.6	NA	4682732	5067028	5080261.5	6578840.5	5215741	8548956	5146856.5
"Q9P0L0"	134682528	135808288	155846448	179808352	176811840	149673696	180380528	174483696	167485344
"Q9P0M6"	18837712	13127461	13990236	11592348	11937878	15199278	11690428	12108272	10935398
"Q9P0M9"	14455801	15659533	12290766	9622261	12509637	11045069	11046087	13770253	14076463
"Q9P0P0"	7558766.5	1850199.6	4984034	NA	7192833	6244017.5	NA	NA	NA
"Q9P0R6"	NA	1476294.4	NA	NA	NA	NA	2366311.8	NA	NA
"Q9P0S9"	2922921.5	407415.25	NA	NA	NA	NA	NA	NA	NA
"Q9P0U1"	4306494	2044205.2	NA	1806558.5	2000790.5	3421267.5	NA	1410848.9	2382896
"Q9P0U4"	7066670	6133736.5	5073368.5	NA	6531668	3524082.8	2727943.5	NA	1373845.9
"Q9P0V8"	16122935	14992246	9641582	141925680	146085408	134398128	88571920	90244968	87622472
"Q9P0V9"	NA	NA	NA	NA	NA	NA	NA	NA	NA
"Q9P107"	74146816	77704488	70404216	78099288	87903672	74545616	68073896	66322064	75134600
"Q9P1F3"	450274752	310635904	464059936	586407300	408462560	477672096	461257600	428497344	434091776
"Q9P1Y6"	4181764.8	NA	3044484.8	6616614	7386568	5596159	4032976.2	7509213	NA
"Q9P1Z2"	8421522	5233660.5	5952884.5	10395606	15130043	15238791	15992912	14984772	19252138
"Q9P215"	NA	NA	NA	NA	NA	NA	NA	NA	NA
"Q9P246"	NA	NA	NA	NA	NA	NA	NA	NA	NA
"Q9P253"	10232041	11959701	9117636	14725259	17746428	12127437	11972196	12184953	14450183
"Q9P258"	101278808	103119480	103066072	45143332	40043384	43311676	41059576	40729812	40300772
"Q9P260"	2081110.4	2715954	1809890.1	4054353.2	7803459.5	4555105.5	3358999	5101914	4356020.5
"Q9P265"	3854371.5	5044691.5	5545056.5	7849811	6885006.5	4596070.5	3868789.8	3024786.2	3850866.8
"Q9P270"	15727315	9727653	16116414	11932426	12174019	9425979	13089682	13107371	12146088
"Q9P287"	33324460	30597804	36852132	18571178	24348574	21455782	17824896	21256396	21279184
"Q9P289"	28174572	30705654	23336274	26042716	26004668	26487744	22924962	20490330	21257018
"Q9P299"	7009441.5	4503780	NA	NA	NA	NA	NA	NA	NA
"Q9P2B4"	NA	7018940	9350652	17989124	15054389	16952434	15220871	13463406	6700545.5
"Q9P2D0"	NA	NA	NA	NA	NA	NA	NA	NA	NA
"Q9P2D1"	NA	NA	NA	NA	NA	NA	NA	NA	NA
"Q9P2D3"	8906914	6288719.5	6061671	13353720	9753772	10387062	5349647	7218285.5	11043170
"Q9P2E3"	5515559.5	4118746	4347278.5	7044593.5	8920608	9256843	4452721.5	3711483.5	4575701.5
"Q9P2E5"	811033.6	NA	NA	NA	NA	NA	NA	NA	2768374.8
"Q9P2E9"	38632172	34739676	35405796	80231080	79574656	77535736	43920656	44293096	42906292
"Q9P2G1"	NA	NA	NA	NA	NA	NA	NA	NA	NA
"Q9P2I0"	9226181	11964137	11646472	8761561	13158992	8790534	4762786.5	14261655	10465821
"Q9P2J5"	59106556	60455568	61334264	60944996	61943576	60972668	77080680	76360136	75779400
"Q9P2K3"	8114707	10356574	4220774	NA	NA	NA	NA	NA	NA
"Q9P2K5"	4655223.5	4858264.5	5881615.5	4987000	4189424.8	5235965.5	NA	NA	2047278.9
"Q9P2K8"	NA	NA	NA	NA	NA	NA	NA	NA	NA
"Q9P2N5"	10263835	11031151	9235030	6063899.5	7015790	4453931.5	11376117	5805514.5	6881706
"Q9P2Q2"	9971033	9297677	9071768	7699747	7194828	10191669	13247350	10321245	11902042
"Q9P2R3"	8562962	9253215	8624836	15691802	16109682	16482278	9328220	9689555	8684380
"Q9P2R7"	34446720	30860072	33593712	40566952	35812048	39131556	37167228	37359088	36163660
"Q9P2T1"	26279944	21798446	26729092	24458148	22427986	23591076	22442376	24714470	22475418
"Q9P2W9"	6002583.5	3180751.2	3346239.8	3626994	5707854	2950828	2873470.2	NA	2232465.5
"Q9P2X0"	18651950	24410942	20955370	34915880	30609178	29171660	36329012	35342164	37658428
"Q9P2X3"	5328703	3750468.2	5656197	NA	NA	NA	NA	3641112.5	NA
"Q9P2Y5"	14332000	NA	2760801	NA	1456932.8	NA	NA	1282162.9	NA
"Q9UBB4"	31529610	31839246	31241858	27570998	29381664	25853766	26320634	26482568	26066802
"Q9UBB5"	14062704	13477325	14241106	9130452	11894881	11841199	10256627	9374968	9377316
"Q9UBB6"	1871926.2	NA	2038613.2	NA	NA	1381610.9	4276392	2858105.8	4632136.5
"Q9UBB9"	5831952	3396480.2	4230271.5	NA	7516238	NA	NA	6600888	6451416.5
"Q9UBC1"	NA	NA	NA	NA	NA	NA	NA	NA	NA
"Q9UBC2"	20188970	20285688	22254224	17147928	18911940	16396091	17472962	19767022	19623930
"Q9UBD5"	4642873.5	NA	3599552.2	NA	NA	4812005.5	NA	NA	NA
"Q9UBE0"	48964868	45127664	44770000	43381808	34108092	38034924	43701116	41574876	39532496
"Q9UBF2"	17537692	17305270	19249046	17984992	18306670	19281438	16717756	16625237	17585742
"Q9UBF6"	NA	16024942	5786556	NA	21535148	9235810	15055351	15607773	18410748
"Q9UBF8"	NA	2838497.2	3390110.5	NA	2241497.8	2035794.4	NA	2420999.2	2254084.8
"Q9UBG0"	2680747.2	2995315.8	NA	NA	NA	NA	NA	NA	NA
"Q9UBH6"	NA	NA	NA	NA	NA	NA	NA	NA	NA
"Q9UBI1"	15955867	11997620	16971130	14948639	17296374	19076732	16332400	17223518	15066445
"Q9UBI6"	4286409	NA	10700648	11038511	21204790	21320476	13322720	7798734.5	12960945
"Q9UBI9"	NA	11542144	6676909.5	4441216	NA	NA	4949546.5	NA	NA
"Q9UBK7"	NA	NA	NA	4374804	8642944	8085006.5	2650594.8	3690754.8	NA
"Q9UBK8"	5367769	NA	2992279	NA	NA	NA	6341858	NA	NA
"Q9UBK9"	3913588.2	6476399	5623540	NA	NA	NA	4108820.5	NA	NA
"Q9UBL3"	15892211	15058363	17352308	14732103	12747557	12337792	3492714.2	12953366	13764495
"Q9UBM7"	7919867.5	12308807	10052116	11434880	10199516	15829481	10693526	10375999	6773545.5
"Q9UBN7"	4939122.5	NA	5118534	5540439	4726464.5	NA	NA	NA	3053765.2
"Q9UBP0"	NA	8942458	NA	1801046.2	NA	1702717.2	NA	NA	3819285
"Q9UBP6"	NA	1198597.2	NA	886043.2	1505941	NA	NA	NA	502231.25
"Q9UBQ0"	88154216	83266768	82794016	93304936	88545896	89714464	77876040	80661072	73378352
"Q9UBQ5"	65801468	67019800	63138984	52576532	54533148	48239060	40651264	38202676	42521868
"Q9UBQ7"	68080296	63945740	66629104	75239352	72718680	75498984	81235696	80417080	76795608
"Q9UBR2"	51543820	55819508	56187976	46640100	41162432	46919528	31311034	38704844	35499844
"Q9UBR5"	6571924.5	2886983	2184546.2	NA	NA	NA	6867960.5	NA	5894565
"Q9UBS0"	3513683	NA	NA	NA	NA	NA	NA	NA	4840121.5
"Q9UBS3"	NA	NA	NA	NA	NA	NA	2026585.4	5087744.5	8214317.5
"Q9UBS4"	60482756	64719464	64356040	61416004	58367672	54474548	63850976	63174376	58205504
"Q9UBS8"	4016764	5215242	4548503	NA	NA	4496139.5	NA	NA	4225391
"Q9UBT2"	44200272	51521748	50976860	41603744	41510120	44062792	44223248	43825852	45593956
"Q9UBU8"	12815889	9874815	8483553	18574006	10339566	NA	6076382.5	NA	NA
"Q9UBU9"	19896670	22096044	21378956	16159132	19332908	19559564	13400152	15525984	14486698
"Q9UBV2"	14982886	12329320	13553151	14448208	17161982	14758171	15921634	18843662	16608581
"Q9UBV8"	5843695	5365427.5	5860918.5	7572125	9752480	8414439	9002072	10048466	11580688
"Q9UBW5"	43775684	43400416	40644232	39889028	36353448	36968680	34518356	30581252	30010126
"Q9UBW7"	5381378	1812150.4	3208627	NA	NA	NA	NA	NA	NA
"Q9UBW8"	8294139	8671150	7814705	10964911	8083688	7738127	8016507	9245312	10948741
"Q9UBX3"	28300280	27298426	25809736	22155550	25415946	21847658	19131652	18315882	21532346
"Q9UBY8"	NA	NA	NA	9955138	5518000	2491574.8	3764296.2	6262313.5	5634790.5
"Q9UBY9"	NA	NA	NA	NA	NA	NA	NA	NA	NA
"Q9UDT6"	NA	NA	5133640.5	NA	7014041	8237286	10692597	14399072	10277719
"Q9UDW1"	54901648	42414412	49669464	82261336	86817000	71758152	65731148	69062000	69482504
"Q9UDX5"	NA	NA	NA	NA	2462216	9792896	10699420	6119277.5	3700979.2
"Q9UDY2"	4004285	4974486.5	3622132	NA	NA	NA	NA	NA	NA
"Q9UDY8"	2777840.8	2906183.2	2270006.8	4635610.5	5161123.5	6667172.5	2077613	1868559.9	1643674.6
"Q9UEE9"	15605464	13374420	15132216	6067324	NA	NA	14021314	4316483.5	NA
"Q9UER7"	9932599	3161398.8	10820280	10851452	14310953	13792504	14454621	3867150.2	15693284
"Q9UET6"	1376585.4	4449535	1352278.8	2203780.8	3005100	1887670	2766405.5	3697575	2655513.8
"Q9UEU0"	5566863.5	6005753	5082634	NA	4482216.5	7493917.5	8673271	6435349	7419247.5
"Q9UEW8"	7215624	6728118.5	5890745	5417980	8414023	4508488.5	7153040.5	3932736.2	6803171
"Q9UFB7"	NA	NA	NA	NA	NA	NA	NA	NA	NA
"Q9UFC0"	4424889	3985632	3468620	1793431.2	1635894	NA	821953.44	844551.8	1338691
"Q9UFF9"	NA	NA	NA	NA	NA	NA	NA	NA	NA
"Q9UFG5"	8335396	8295132	6430075	6248652	6796792.5	4959889.5	7391617.5	4768813	5411949
"Q9UFN0"	35326124	31314608	31478790	36748176	44379468	32455948	26489084	29791446	29456648
"Q9UFW8"	7442318.5	9173542	11270342	NA	NA	NA	NA	NA	NA
"Q9UG22"	NA	NA	NA	NA	NA	NA	NA	NA	NA
"Q9UG56"	NA	NA	NA	NA	NA	NA	NA	NA	NA
"Q9UG63"	22313528	27807644	24410060	20317620	15680722	18867890	25010294	22125224	26198408
"Q9UGC7"	NA	NA	NA	NA	NA	NA	NA	NA	NA
"Q9UGH3"	872955.25	940312.1	886335.9	NA	318666.5	NA	286392.88	646056.5	445771.53
"Q9UGI8"	27070748	27925544	28567072	31798802	29121838	30485682	30116852	32148946	29959464
"Q9UGJ1"	5775702	3230116.5	3345272.8	3946736.2	4731587	5396411	2830973.2	3508839.8	2948773
"Q9UGM6"	8368219.5	9098685	6398788.5	7497901	7255826	6001967.5	4877430	5122849	NA
"Q9UGN4"	NA	4912643.5	NA	8864461	NA	5755852	12178026	11173114	11274831
"Q9UGP4"	8932387	7708318	6155260	4404982.5	6116791.5	NA	NA	NA	NA
"Q9UGP8"	38561684	41185956	40720396	37651372	40188100	37934948	47557468	50509540	52375380
"Q9UGQ3"	NA	NA	NA	NA	NA	NA	NA	NA	NA
"Q9UGR2"	7677995	5987930	8350730.5	7292753	8172509	9431513	5467260	NA	5566179.5
"Q9UGU0"	NA	NA	NA	NA	NA	NA	NA	NA	NA
"Q9UGV2"	5705920	4007519.5	6625981.5	4886944	5522557	6496214	8970566	7026798	7084224.5
"Q9UH17"	NA	NA	NA	NA	NA	NA	NA	NA	NA
"Q9UH62"	10293870	8415119	10695269	14913122	11218514	12693517	11432061	10423413	10379289
"Q9UH65"	43552836	43353724	43504600	48517576	49910236	52717096	38403860	38344972	34029888
"Q9UH99"	80892664	77976232	80194264	32722946	33586720	34978360	37639924	35678832	41171316
"Q9UHA2"	1403732.9	1267550.4	1246213	695747.8	932874	355406.6	NA	NA	NA
"Q9UHA3"	10614291	10210315	8782350	NA	NA	4997512	5067543.5	NA	NA
"Q9UHA4"	43239000	38887276	39635232	36891488	39952572	38478300	44915984	34579068	43054212
"Q9UHB4"	1393766	1330961.1	2771719.8	NA	3457514.8	NA	1819723.1	3219059	1887822.4
"Q9UHB6"	20633970	19360522	19470616	30713970	26522972	28116218	34480128	34733172	35120812
"Q9UHB7"	NA	NA	NA	NA	NA	NA	NA	NA	NA
"Q9UHB9"	38911952	35610220	36047976	47375260	43514632	46906492	48640060	48223000	50529116
"Q9UHC7"	NA	NA	NA	NA	NA	NA	NA	NA	NA
"Q9UHD1"	78249880	87793344	87647792	68923832	67275104	67096288	71937984	70256096	69718128
"Q9UHD2"	8861692	9407946	9604126	20475908	19306506	18420844	14571060	15934607	14336149
"Q9UHD8"	43699408	44553408	43562700	38715312	38007320	36100488	51192324	50190500	47658928
"Q9UHD9"	23556538	22695800	22420792	27962850	26779486	30906804	23850224	25121478	19500698
"Q9UHF1"	8383096	10081666	12349341	NA	NA	NA	NA	NA	NA
"Q9UHF7"	5734300	11556401	8919500	9036365	NA	6288638.5	NA	NA	NA
"Q9UHG3"	21248476	23135774	22145552	22544634	22121780	21019174	20164324	20836040	19982882
"Q9UHI6"	6336516.5	5733488	4227059	NA	5947445	2704414.5	1792864.8	2414464	4097962
"Q9UHJ6"	NA	10461604	NA	13921591	NA	NA	7099593	5139750.5	15228571
"Q9UHL4"	159015648	180403184	173698480	253962688	253035552	245681376	200034832	210329392	225677632
"Q9UHN1"	NA	NA	NA	NA	NA	NA	NA	NA	NA
"Q9UHP3"	6307737.5	1878417	4727270.5	6313066	7780032.5	8712222	4429901.5	5771472.5	NA
"Q9UHQ4"	21065284	22444398	36196344	54770108	44046436	66944512	NA	19338378	21425530
"Q9UHQ9"	9350976	6266005	11193202	17011012	18285474	18279374	19819576	18393356	19760746
"Q9UHR5"	36594784	35651560	34875488	22674228	14345894	22245110	14459675	15405830	14629319
"Q9UHR6"	4035298.5	3508652.5	5206350	NA	NA	NA	NA	1684342.5	3006253.5
"Q9UHV9"	102606432	107132496	93959168	62837140	63253256	72791752	75250728	73080984	77427048
"Q9UHW9"	NA	3975334.8	3125360.5	NA	3130423	5793735	7828942	7414403	5893253
"Q9UHX1"	93771216	89053960	104656192	51853460	54468072	51781480	56596588	56743616	59630640
"Q9UHX3"	8925361	8888818	15602247	4235505	7371310.5	2064179.5	NA	2458325.2	4873134.5
"Q9UHY1"	14515231	14943201	13132342	19605788	20466884	21230708	18519764	16486216	19546488
"Q9UHY7"	18943456	24022732	19467908	23543668	23568796	24177184	26095156	24653086	29614620
"Q9UI08"	43594792	48104900	55543312	48935840	49110744	50707916	63571064	68168224	62788416
"Q9UI09"	15245481	15938380	19852084	18406138	16134618	14242812	21382280	23743530	20046074
"Q9UI10"	28555314	29500764	28371014	31637302	32871902	30939726	34118852	37750772	35083692
"Q9UI12"	54943140	51669888	52961576	66393304	67710528	66672260	96462768	106013504	98550704
"Q9UI14"	NA	NA	NA	204668096	NA	6885974	NA	2995571.2	6239535
"Q9UI15"	7287742.5	6804945	6136400	7927472	7844287	10029198	6595350.5	8363655.5	10764520
"Q9UI26"	4724455.5	3791237.5	2576992.5	2744869.8	NA	3614241.2	3868574.5	2567623.5	2833210
"Q9UI30"	47842872	41795656	49891872	23471784	24780988	23952416	21532714	19175902	17417002
"Q9UIA0"	18326974	23759312	22898586	6651436.5	9159394	10095068	14031759	13741325	15643642
"Q9UIA9"	35360748	32607858	34406248	39492760	37402816	40524940	44374184	42436616	44528908
"Q9UIB8"	14239321	9203599	13139568	NA	NA	NA	8489154	9515947	11806828
"Q9UIC8"	NA	NA	NA	NA	NA	NA	NA	NA	NA
"Q9UID3"	4048040.5	3773916.2	3539593.2	5314942	4982227	1910041.6	7195244.5	4777363.5	5229476.5
"Q9UIF9"	NA	NA	NA	NA	NA	NA	NA	NA	NA
"Q9UIG0"	43481684	39931960	42366296	23206796	32427698	18242336	23291602	21135540	22352366
"Q9UII4"	NA	NA	NA	10049888	11396521	7495883.5	NA	NA	NA
"Q9UIJ7"	43062060	39288804	35428368	38951188	48027112	43374660	49617288	53983176	49088220
"Q9UIL1"	NA	NA	NA	NA	NA	NA	NA	NA	NA
"Q9UIL8"	2072393.2	4069675.5	NA	NA	NA	NA	NA	NA	NA
"Q9UIM3"	NA	NA	NA	NA	NA	NA	NA	NA	NA
"Q9UIQ6"	12288524	12523307	11072958	18590088	14494291	13974140	12587976	12245690	12562709
"Q9UIS9"	4120839.8	7370487.5	4689572	3953268.2	NA	4142522.8	2916749.8	830597.9	2292548.2
"Q9UIV1"	11453444	11477133	9582965	NA	7602991.5	8214382.5	8258750.5	7723912.5	7557453
"Q9UIW2"	111962368	130443696	112594416	NA	21515866	NA	NA	46407988	36776468
"Q9UJ41"	4367374	4883626	4614258	7094778.5	5452297.5	9765111	4013698.8	6915883	5750603.5
"Q9UJ68"	27345178	31930422	30601116	36886716	38831632	36410904	46687136	48210692	48996596
"Q9UJ70"	25728566	23505870	25159120	74902112	69662328	74750168	28164922	33193274	31035016
"Q9UJ72"	NA	NA	NA	NA	NA	NA	NA	NA	NA
"Q9UJ83"	NA	NA	NA	NA	NA	NA	1387912.6	NA	3502863
"Q9UJA5"	8240311	7324966.5	7163317	7108203.5	9807893	6482612	7677012.5	5218839	5696381.5
"Q9UJD0"	NA	NA	NA	NA	NA	NA	3783854.8	3760990.5	3724109.2
"Q9UJF2"	12357426	12222932	11786862	8844217	10433815	10047247	11140990	11367952	11379445
"Q9UJJ9"	NA	8589707	5724734.5	NA	NA	NA	NA	NA	NA
"Q9UJS0"	18427154	16123652	18438400	28286290	27669350	23343564	25884042	23690110	26559986
"Q9UJT0"	NA	NA	NA	NA	NA	NA	NA	NA	NA
"Q9UJU6"	110289576	121266064	123557976	91220856	95887064	97786184	84081704	85030376	79594960
"Q9UJV9"	8807735	14556270	12988844	8155167	11172971	10000813	15498788	10588161	10401311
"Q9UJW0"	10354432	11809705	12131963	14323534	13845948	14378546	12795660	13872923	14006406
"Q9UJX2"	10795170	7503296	7125962.5	12540834	7199633	4587443.5	3153552.8	5261149.5	6154003.5
"Q9UJX3"	9076082	9789705	5121191.5	NA	4193719.5	NA	NA	NA	NA
"Q9UJX4"	2950077.2	3409732.5	3053212.5	NA	2337999.8	2732134	1598966.5	NA	NA
"Q9UJX5"	6782723.5	6091066.5	6814549	NA	1981209.8	5088828	3461900.8	NA	NA
"Q9UJX6"	4966799	NA	3466889.8	NA	NA	NA	2607895.8	NA	NA
"Q9UJY4"	NA	NA	NA	NA	NA	NA	NA	NA	NA
"Q9UJY5"	26129052	16487712	19677274	30061604	29163212	19445772	33121506	28066498	32722680
"Q9UJZ1"	73260176	66330568	64548164	79257912	84005584	81586328	82600992	82701096	83690440
"Q9UK39"	NA	NA	NA	NA	NA	NA	NA	NA	NA
"Q9UK41"	38538660	55239112	46727240	54288892	52636156	50680880	57102752	68104960	57603856
"Q9UK45"	35529668	37043004	38562892	25027808	20054708	22528198	27388002	27474922	21191652
"Q9UK58"	3857660.5	4122064.2	4998247.5	3685646.2	4773403.5	4091713.8	4635985.5	3465761.2	3508721.8
"Q9UK59"	10585964	14831774	11730338	7360460.5	7828581	7453193	2525854.8	4883192	4861790
"Q9UK61"	9146993	9687426	7448142.5	NA	NA	NA	NA	NA	NA
"Q9UK76"	76307376	87679144	88318576	22835670	18502298	20101144	13714625	12103415	15201992
"Q9UK97"	NA	NA	NA	NA	NA	NA	NA	NA	NA
"Q9UK99"	NA	NA	NA	NA	NA	NA	NA	NA	NA
"Q9UKB1"	NA	NA	NA	NA	NA	NA	NA	NA	NA
"Q9UKD1"	4835635	6228695.5	7382948.5	NA	NA	9907186	NA	NA	NA
"Q9UKD2"	70906848	72102840	66269056	43370068	38804704	41846140	44900384	47063124	42627104
"Q9UKE5"	NA	NA	NA	9882094	8453041	10293795	10132874	7068367	9431536
"Q9UKF6"	40549332	39712060	47397900	29464862	30150222	27237568	23691256	24437944	29801800
"Q9UKG1"	27107178	33200118	23570430	21625164	22368514	23354642	16547438	19603878	17717900
"Q9UKI2"	NA	NA	NA	NA	NA	NA	NA	NA	NA
"Q9UKJ1"	NA	NA	NA	NA	NA	NA	NA	NA	NA
"Q9UKJ3"	NA	NA	NA	NA	NA	NA	NA	NA	NA
"Q9UKK3"	6241186	2253505.5	3763289.8	11824887	10453590	8863589	6845487.5	8313136.5	7321713
"Q9UKK6"	NA	4445094.5	NA	NA	NA	NA	NA	NA	9702942
"Q9UKK9"	52618120	58264048	56156820	90312328	88923320	92263552	94584216	89633352	97710776
"Q9UKL0"	16184542	15668391	14967525	9545336	12007319	7988419	6711817	7533984	7773859
"Q9UKM7"	6607891.5	12183480	6281226	6088591	9691953	8983235	5608118	8916600	6321127.5
"Q9UKM9"	104776416	104493832	112398104	73682472	63595640	70846200	42611384	48634156	41260092
"Q9UKN8"	3608591	3518297.5	4304003.5	3637087.2	4150033.8	NA	1026965.6	1423953.6	2181831.2
"Q9UKR5"	NA	6379545.5	6602539	8230079.5	7253170.5	6073893	8478165	6391479	7666182.5
"Q9UKT5"	8536404	6108969	5336005	NA	5303122.5	NA	NA	NA	NA
"Q9UKU7"	NA	NA	NA	NA	NA	NA	NA	6404272.5	140044752
"Q9UKV0"	NA	NA	NA	NA	NA	NA	NA	NA	NA
"Q9UKV3"	56590744	57200928	53888264	36894720	35723912	40833204	31343680	32728910	30754864
"Q9UKV8"	13722915	16143341	16551215	22137276	22215160	22144390	20266474	20904190	21931290
"Q9UKW4"	32944986	32206964	31012836	49718144	52638228	51253588	41243220	38519388	39868732
"Q9UKX7"	24749146	22076312	23243858	9568302	10411746	9260285	10106997	8202841.5	9519904
"Q9UKY1"	NA	NA	NA	NA	NA	NA	NA	NA	NA
"Q9UKY7"	240940064	256373648	255438256	332556160	311741568	309459104	267216224	262850960	283339680
"Q9UKZ1"	18655780	18242634	23434510	12455225	12422828	13959188	15652451	12674536	12059298
"Q9UL03"	8525844	6849797	5135378.5	5838089	6211242	5488045.5	6232855	4818373.5	NA
"Q9UL15"	7449520.5	5300794	4078236	6403044	5981553	5880704.5	3073152.5	4462052	2952512
"Q9UL17"	NA	NA	NA	NA	NA	NA	NA	NA	NA
"Q9UL18"	4631436.5	3556212.2	3883918.8	3540538.8	4174140.8	3979257.8	3576912	5567217	3953777
"Q9UL25"	159369664	168303040	162687808	263418320	289201120	279927776	220145088	230962016	231210576
"Q9UL26"	NA	5942337.5	4994854.5	7182433	9691686	5775200	8104806.5	8755274	10708527
"Q9UL33"	9181388	7415361	7080538.5	6802210.5	8386723	7168081.5	7312792	6179304.5	5681330
"Q9UL40"	2265395.5	6912125.5	5781133.5	NA	8099273	10073761	NA	NA	NA
"Q9UL45"	2487046.2	1018904.7	2805107.8	3018614	4386374.5	1767524.6	1681150.5	NA	3454116.5
"Q9UL46"	146754080	148859840	139475168	227402464	178817856	212473840	132708784	121631600	132248000
"Q9UL54"	NA	NA	NA	NA	NA	NA	NA	NA	NA
"Q9UL63"	972987.1	NA	NA	NA	NA	3238201.2	NA	NA	5067591
"Q9ULA0"	18984696	20387674	17409676	32672390	30596552	32337380	18673056	18937600	21278884
"Q9ULC3"	NA	NA	NA	2020247.8	NA	4317701	NA	NA	5087318
"Q9ULC4"	30425872	31067236	33039508	31852030	33645036	26465388	37072432	31419830	39577996
"Q9ULC5"	19372784	18842912	14608739	45288736	50071564	42932540	27081540	24757994	29686242
"Q9ULE6"	5077570.5	5266029.5	3225220.2	NA	NA	NA	NA	NA	NA
"Q9ULG6"	NA	3733026.8	4335487.5	NA	2392154.8	10775817	3240042.5	NA	NA
"Q9ULH0"	5632948	2637064	1115686.5	NA	NA	4004280.8	1787048.9	4326932.5	2843993
"Q9ULH1"	10772318	11348083	11877986	28332442	28210184	29161756	27231764	28984278	28301190
"Q9ULJ3"	NA	NA	NA	NA	NA	NA	NA	NA	NA
"Q9ULJ6"	7689296.5	9498779	7715754	4556553.5	6109177	5446285.5	6220144.5	6308755	4391084
"Q9ULJ7"	NA	NA	NA	NA	NA	NA	NA	NA	NA
"Q9ULK4"	4135792.8	6790680	4952682.5	NA	4664607.5	NA	4647119.5	4404905	2101664.8
"Q9ULL0"	9153571	8783855	10056392	NA	NA	NA	NA	6204545.5	NA
"Q9ULL5"	NA	NA	NA	NA	NA	NA	NA	NA	NA
"Q9ULP9"	3947586.8	NA	7927149	4747996	6026346.5	6800107	6689623	5344828.5	6470155.5
"Q9ULQ0"	NA	NA	NA	NA	NA	NA	NA	NA	NA
"Q9ULQ1"	NA	1532130.6	1865079.5	NA	NA	NA	NA	NA	NA
"Q9ULR0"	14615728	10326512	11226739	3929954.5	NA	4590682.5	NA	NA	NA
"Q9ULR3"	NA	5305508	NA	NA	NA	5989661.5	5733087	NA	5493810
"Q9ULS5"	NA	NA	NA	9124055	11528412	10694566	NA	NA	NA
"Q9ULT0"	NA	NA	NA	NA	NA	NA	NA	NA	NA
"Q9ULT8"	4931814	2388451.2	4519875	3991306.5	4734932.5	4190493.2	3308907	3301455	4172697.5
"Q9ULU4"	6948423.5	5431949.5	5225822	NA	NA	NA	NA	4969408	1586209.6
"Q9ULV3"	5417283	6994135.5	4711889.5	NA	NA	NA	NA	NA	NA
"Q9ULV4"	115374352	112956512	115912440	184105472	181678016	184596272	163153888	155868848	173425120
"Q9ULW0"	NA	NA	NA	NA	NA	NA	NA	NA	NA
"Q9ULW3"	NA	NA	NA	NA	NA	NA	NA	NA	NA
"Q9ULX3"	13728178	13228195	11115791	2091710.5	4576207.5	NA	4973637.5	3814984.2	5789805.5
"Q9ULX6"	13671301	15508771	13326536	NA	4301643.5	9997348	8430919	12496382	6849692
"Q9ULX9"	8952387	10653964	10390586	21721324	24094472	22250924	15215539	13113424	15452915
"Q9ULZ3"	181046912	171465776	167808784	82278232	73445736	79160200	69135072	66149976	66825632
"Q9UM00"	45587928	48605816	50072032	68303552	72800512	74317128	52389292	64119372	63572900
"Q9UM01"	NA	NA	NA	NA	NA	NA	NA	NA	NA
"Q9UM54"	39560736	39740756	38990744	64122336	58686744	65168812	87977936	93685728	86829064
"Q9UMR2"	10459585	10075626	9455323	7468533.5	10216006	10988791	11219459	7502391	12546224
"Q9UMS0"	17158084	17028188	13804566	10598783	10851935	11880914	10742826	10790786	10049097
"Q9UMS4"	200335328	196740000	195540336	135044384	131043416	133056064	100704008	107252504	100705144
"Q9UMW8"	NA	NA	NA	21319674	19114046	20933512	NA	NA	NA
"Q9UMX0"	84220864	86696064	93170264	67936376	80469976	71813376	72144160	71204760	78017944
"Q9UMX1"	NA	NA	NA	NA	NA	NA	NA	NA	NA
"Q9UMX5"	113648024	115612840	105196640	94797160	91513832	88188512	53510308	72245576	66874212
"Q9UMY1"	8236220	6665339.5	6716787	1588653.4	8195575.5	NA	5893823.5	7133392.5	5805783.5
"Q9UMY4"	25527782	25653942	26493312	22587832	22081212	24528122	24492140	25287268	26393046
"Q9UMZ2"	7843513	4476264.5	3954126	3122451.2	2684488	NA	NA	6669848	4525909.5
"Q9UN19"	NA	NA	NA	NA	NA	NA	NA	NA	NA
"Q9UN36"	9830327	5689753.5	8787484	30791660	29741596	27527318	67044348	64238576	64054620
"Q9UN37"	16362930	18996488	15804288	20258476	21565444	20580466	18423622	17765164	17441554
"Q9UN86"	89158592	88114328	87903192	60664904	58208500	57183440	56563408	56745016	49349560
"Q9UNA1"	9024030	5093219.5	9848971	19109518	17458562	8450412	18802762	17637312	18519864
"Q9UNE7"	12119315	13496830	12902089	5824272.5	7950814.5	8667279	9738187	8289804.5	9979918
"Q9UNF0"	69834056	79674488	77117664	61488712	65940780	64092116	91956744	95005024	93571656
"Q9UNF1"	15390057	17511294	17415700	27823390	33183186	29164342	27021192	28239720	25700036
"Q9UNH7"	31132258	33734080	31517848	57766340	54183400	57075072	38426592	39949468	40899732
"Q9UNI6"	4654062.5	4892442.5	6423142.5	6975868	6689674.5	4950544	6828786.5	8089645	6415047.5
"Q9UNK0"	1072479.8	1477944.6	728320	NA	NA	NA	NA	1768556.9	NA
"Q9UNL2"	32078546	36967856	35224168	43598944	43790844	52721428	50906140	50849988	48677260
"Q9UNM6"	48726880	48328652	50726168	55374716	51307736	49737036	62035752	61662924	56869980
"Q9UNN5"	39689656	37159296	38013776	14308805	9883312	16619605	18748630	20787916	19460182
"Q9UNN8"	NA	NA	NA	NA	NA	NA	NA	NA	NA
"Q9UNP9"	54694292	52565048	53765592	26632876	21236162	18311076	20609062	24364370	20207042
"Q9UNQ2"	5445933.5	4619776	6512805.5	NA	NA	NA	NA	NA	3074879.2
"Q9UNS1"	884168.9	1166207.2	696778.3	NA	NA	NA	NA	NA	NA
"Q9UNS2"	22530474	20650438	18228232	20835334	21323426	17008530	22828906	21978514	22550738
"Q9UNW1"	NA	NA	NA	NA	NA	NA	NA	NA	NA
"Q9UNX3"	224000112	219758560	207115488	209977232	184777136	186501456	205817712	214722256	189919376
"Q9UNX4"	8212763	9406498	9375026	5324971.5	4452045.5	5024229	7196942	6885201.5	6047043
"Q9UNY4"	NA	NA	NA	NA	NA	NA	NA	NA	NA
"Q9UNZ2"	19983660	23084942	18431812	18376936	17926874	18423788	13372041	15269160	13156068
"Q9UP65"	3831224.8	3977791.5	6894664.5	11158990	9039840	12655289	6889365	8921107	10959277
"Q9UP83"	8510159	5936695	5343468.5	5957315	5244506	4918546	4641259.5	738506.8	5795263.5
"Q9UPM8"	NA	NA	NA	NA	NA	NA	NA	NA	NA
"Q9UPN3"	48331280	45961100	44919800	50138420	62242240	64331688	54515284	59879156	61823668
"Q9UPN4"	4624262	4737378	4159313.2	NA	NA	NA	NA	NA	NA
"Q9UPN6"	11606971	11303711	11444071	9399308	4547273	5843904	2491271.2	4454432	6401252
"Q9UPN7"	33101708	36493432	36101012	36985800	36622292	37000192	46791640	49677092	46307788
"Q9UPN9"	17964402	15793608	13727882	19914954	20659144	20525862	11944393	10856237	13356244
"Q9UPP1"	NA	NA	NA	NA	NA	NA	NA	NA	NA
"Q9UPQ8"	NA	NA	NA	NA	NA	NA	NA	NA	NA
"Q9UPQ9"	NA	NA	NA	NA	NA	NA	NA	NA	NA
"Q9UPR3"	NA	607418.1	652841.9	NA	831474	280865.62	NA	308219.1	NA
"Q9UPS6"	NA	NA	NA	NA	NA	NA	NA	NA	NA
"Q9UPT5"	3598218.2	5133867	5869110.5	3997303.5	5232790.5	5528107	NA	NA	4800569.5
"Q9UPT8"	25288056	24470196	23638750	14772083	16104407	16352902	10078466	11518445	11245552
"Q9UPU5"	2939034.2	3347471	3008228.8	2936885	3268972.2	3432191.8	3149919.2	3265301.2	3484176
"Q9UPU7"	NA	NA	NA	NA	NA	NA	NA	NA	NA
"Q9UPW0"	17712078	14870235	23283328	NA	7848078	NA	NA	13211263	NA
"Q9UPW5"	1631875.4	1994977.2	1782398.1	NA	NA	NA	NA	NA	NA
"Q9UPW6"	15655551	15696941	14895457	NA	NA	NA	NA	NA	NA
"Q9UPY3"	NA	NA	NA	NA	NA	NA	NA	NA	NA
"Q9UPY5"	1647442.2	NA	NA	NA	NA	2339416	4425998.5	3537613.8	3891337
"Q9UPY8"	NA	NA	NA	4274192	4172516.8	3699950.8	6565385.5	5050056.5	6055791.5
"Q9UPZ3"	NA	1659556.8	NA	1672724.8	1715565.8	NA	NA	NA	NA
"Q9UQ03"	NA	NA	NA	NA	NA	NA	15041811	23621354	20092912
"Q9UQ13"	9039097	7370629.5	6858167.5	12907799	12244771	12256329	6172209	7855564	7007929
"Q9UQ16"	3468889.5	3726370.2	2951414.5	9121888	10931251	5823073.5	NA	7554553	10802601
"Q9UQ35"	56407376	52717984	56571628	45152444	43241400	44775892	35487976	36747824	34797644
"Q9UQ80"	198416928	209055056	213413696	127906048	114510736	126811528	170233056	178195536	170140976
"Q9UQ90"	NA	NA	6033395	NA	2844481.2	NA	6318998	6265866	6304300
"Q9UQB8"	18295944	17517192	17897192	12138355	14052639	12614699	19628506	21708260	20475378
"Q9UQC2"	NA	NA	NA	NA	NA	NA	NA	NA	NA
"Q9UQE7"	45782640	39378888	41427740	25608814	24729408	25010964	21077094	21389584	20542202
"Q9UQL6"	NA	NA	NA	NA	NA	NA	NA	NA	NA
"Q9UQN3"	NA	5322785.5	NA	6138931.5	5693292	5020503	3177227.5	NA	NA
"Q9UQQ2"	NA	NA	1406992	6522915	4828048	4706913.5	2494118.2	NA	5841969.5
"Q9UQR0"	NA	NA	NA	NA	NA	NA	NA	NA	NA
"Q9UQR1"	3246991.2	5592081	4624153.5	NA	5780992.5	NA	NA	NA	NA
"Q9Y217"	9568604	10077729	7120135.5	12189510	13910596	12919699	13143561	12866398	10677945
"Q9Y221"	7237275.5	8270425.5	6309917	4751483.5	4143879	5222108	3485134	8323192.5	6860982
"Q9Y223"	13012654	7873483.5	12145772	6985077	NA	18967458	9660610	11079320	4589560.5
"Q9Y224"	37255292	37401612	38197492	30192494	27354292	26330936	27500958	29662570	28006834
"Q9Y227"	2566574.8	NA	NA	2855271.8	NA	NA	NA	NA	NA
"Q9Y228"	12236955	13936304	15474604	NA	5353456.5	7693229	NA	6305058	NA
"Q9Y230"	86504208	91983616	91586032	62371544	59073400	60277804	66509236	65695916	67507104
"Q9Y232"	NA	NA	NA	NA	2505120.5	5938119	1900707.8	NA	NA
"Q9Y237"	27373316	22680208	32727020	9832442	NA	7501015.5	NA	NA	NA
"Q9Y240"	14805045	12704468	15645854	NA	4851405	NA	5892217	6448701	8535668
"Q9Y241"	20351696	17502076	21807232	19300138	19353640	18360170	20236106	17593770	23647528
"Q9Y244"	3488828.8	3427716	16927060	NA	NA	11985618	NA	NA	NA
"Q9Y248"	NA	2114548.2	2391472.2	NA	NA	NA	NA	NA	NA
"Q9Y251"	NA	NA	NA	NA	16906040	7324497	NA	NA	NA
"Q9Y256"	NA	NA	NA	NA	NA	NA	NA	NA	NA
"Q9Y259"	10469954	9181782	7953076.5	10648625	10525566	10445858	9069664	10338224	12528369
"Q9Y262"	84703136	81550528	82315184	70489592	68525384	65188208	54240384	55646472	55662928
"Q9Y263"	35085584	32957074	36657896	38008668	37683700	32052402	32711212	34313284	32023878
"Q9Y265"	171298528	182660272	180355712	107687296	109273352	117828728	119598360	121832576	119753824
"Q9Y266"	152563648	154298320	159050448	79411856	79929696	83749048	90005848	90549352	89581224
"Q9Y276"	NA	NA	NA	NA	NA	NA	7697502	9443703	NA
"Q9Y277"	198643104	207405376	196564496	200653232	208315248	213967472	203646560	195157872	199395696
"Q9Y281"	2070454.5	5517965.5	4298975	10268702	5525155	7323275	5621987	4129028.2	8176371
"Q9Y282"	22079560	23312278	21375268	20348124	18528530	18934378	21609496	21499652	21665144
"Q9Y285"	56575224	58837540	57219632	45870044	43892696	44969264	53848696	53344092	55289012
"Q9Y287"	7568332	NA	4164677.5	NA	NA	NA	NA	NA	NA
"Q9Y289"	NA	NA	NA	NA	NA	NA	4633623.5	4417664.5	4767329
"Q9Y291"	6295477	4641821.5	4707062	NA	4805226.5	3634378	5386707	5736545.5	4649802.5
"Q9Y294"	18682930	19804836	16273038	4685761	5826566.5	7244537	6338858	5054124.5	7285332
"Q9Y295"	32706688	30864672	30554324	19536564	19264310	18322962	23065786	23776874	23427000
"Q9Y296"	14777920	16072449	13589251	18227232	24854744	16576421	12785692	15397740	15687708
"Q9Y2A7"	NA	NA	NA	9996373	13942871	6549724	NA	12275482	8121449.5
"Q9Y2B0"	128557968	137419424	129959280	110184272	104849464	104850512	95142584	96188992	107033864
"Q9Y2B5"	NA	NA	NA	NA	NA	NA	NA	NA	NA
"Q9Y2B9"	NA	NA	NA	NA	NA	NA	NA	NA	NA
"Q9Y2C4"	12651875	7558790.5	13245648	9004895	11980666	10382608	12156115	9133761	14526728
"Q9Y2D5"	6677246	3471675	8453261	12361227	11406543	13056131	NA	NA	NA
"Q9Y2E5"	NA	NA	6077800	NA	NA	NA	4884694	NA	NA
"Q9Y2G2"	5740972	NA	4077950	NA	2781245.5	NA	NA	2176805	8333421.5
"Q9Y2G5"	2901632	NA	3492142	3782246	NA	3068472.2	4092859	NA	1984801
"Q9Y2H0"	7290269.5	10535132	9782327	15462056	12929719	13928522	20661104	17225046	16934692
"Q9Y2H1"	10715819	11784245	12712361	32211568	30694074	34231956	10827628	9696534	11375654
"Q9Y2H6"	11009244	11028506	11765756	18316230	16964692	18121926	15427373	14677591	15857554
"Q9Y2I1"	1789038.6	3133926	1794197.2	2588953.2	NA	2472925.5	3126136	NA	2391587
"Q9Y2I7"	NA	14256664	6658883	5400820.5	NA	NA	3876809.5	6441339	15975210
"Q9Y2I8"	8549824	7296979	7383363.5	6264099.5	6280303.5	7885781.5	5979013	5154787	6416568
"Q9Y2J2"	NA	NA	NA	13872761	12729033	15499236	NA	NA	NA
"Q9Y2J8"	NA	NA	NA	21205900	NA	NA	12422901	NA	NA
"Q9Y2K2"	3738579.2	5284811.5	4030930.5	3762188.8	3652103.2	2177615.5	NA	NA	NA
"Q9Y2K7"	NA	7429714.5	5011269	NA	NA	NA	NA	NA	NA
"Q9Y2L1"	22662408	25248712	25560008	17285680	17315474	17450666	19195800	16267210	16500074
"Q9Y2L5"	10685075	11728989	11035919	11350655	16430879	12905218	11976366	12163805	12356973
"Q9Y2L9"	6222709	5837481.5	5957133	10652935	13130200	13178628	13739397	16401241	14208338
"Q9Y2P8"	6483088.5	2299847.8	5079167	NA	NA	NA	6911801	2704507.8	2327604.2
"Q9Y2Q3"	59852024	66627616	66452184	94726720	98551432	103167416	79924320	74869568	81257264
"Q9Y2Q5"	24980356	28283914	26963436	26251942	27397136	17918222	23583950	14082447	26758864
"Q9Y2Q9"	11023074	11134200	9493392	NA	7152442	NA	5999025.5	8324225.5	9693192
"Q9Y2R0"	21159110	24453880	18405334	29006254	31869438	32812536	25902700	28589132	29917790
"Q9Y2R4"	15157350	12070429	10294809	6247921.5	6575040	9678067	10083678	9537652	10185687
"Q9Y2R5"	15512564	14919873	14754094	12501582	10536549	15304559	12916299	14638232	15608815
"Q9Y2R9"	9967876	8280037.5	9960879	6519310.5	9650092	6727101.5	6807299	10740721	6576447.5
"Q9Y2S2"	NA	NA	NA	1465330.1	5656792.5	1438381.8	6198019	3545345.2	6688330.5
"Q9Y2S6"	145263456	126108320	124916792	38743240	37372380	35511076	64160416	64671216	50288328
"Q9Y2S7"	8199829.5	11910545	12721234	10283690	10098207	10876447	12518698	13952320	12501092
"Q9Y2T2"	28932178	28607340	29007974	39968852	40772120	39954376	35669768	37844076	32757180
"Q9Y2U5"	NA	2982176	2939693.8	3623702.5	NA	NA	5863031	4797450.5	NA
"Q9Y2U8"	13441225	11274972	12342467	9649275	8039653	8166882.5	16499352	10319839	9851521
"Q9Y2V2"	43878628	36205832	38013864	29709462	31455978	30080004	21338656	22866806	20061476
"Q9Y2V7"	5171664	NA	3112949	2237562.8	2729516.8	NA	4082962	NA	1417392.9
"Q9Y2W1"	75364320	75066592	73396776	48801244	43310512	44882008	36601900	37262292	35397468
"Q9Y2W2"	17083378	14495012	15097799	9504008	9629874	10374526	7484635.5	7511956	9481943
"Q9Y2X0"	4146450	NA	2829676	NA	NA	4994989	4184960.8	6449383.5	5932997.5
"Q9Y2X3"	46148940	44933660	45489712	35869708	37445380	38013952	41412748	44305740	47428824
"Q9Y2X7"	11984281	17592542	12066187	15937788	19343282	16116764	23840668	27597272	25224768
"Q9Y2X9"	13771521	14829015	12561244	13012689	15044073	15214076	4893703.5	5718101	6473685.5
"Q9Y2Y0"	NA	11580612	13807876	NA	3886867.8	NA	7917194.5	NA	NA
"Q9Y2Z0"	73371992	70760384	70633152	49177440	50972092	55565240	44961808	43945188	46248284
"Q9Y2Z2"	NA	NA	NA	NA	NA	NA	NA	NA	NA
"Q9Y2Z4"	19245290	17923060	16044663	23344744	26340338	21017144	26940492	25456066	26064576
"Q9Y2Z9"	4479985.5	5404989.5	6047606.5	NA	NA	3146768	1001162.5	1282584.2	409470.25
"Q9Y303"	NA	NA	NA	NA	NA	NA	NA	NA	NA
"Q9Y305"	16401227	18976572	15752566	42884612	43945116	40330448	32724422	32953324	33264410
"Q9Y312"	NA	9420169	7702019	NA	NA	NA	6450902.5	5745253.5	NA
"Q9Y314"	24152760	23898952	23163214	22679074	23826350	18481450	7229069	14768622	13940999
"Q9Y315"	23333518	23438126	21159546	18625912	19282176	20381014	20104474	19014810	21997638
"Q9Y316"	40117364	37935796	36706396	35778284	34728304	36878232	41517196	38621608	42084336
"Q9Y320"	19809756	21114286	19906002	15468662	12746797	11430484	12243737	10314210	12101826
"Q9Y324"	NA	NA	NA	NA	NA	NA	NA	NA	NA
"Q9Y333"	103619744	91079536	101851240	79757216	77764544	92178640	75305128	81362648	82393592
"Q9Y336"	NA	NA	NA	NA	NA	NA	NA	NA	NA
"Q9Y343"	NA	NA	NA	NA	NA	NA	NA	NA	NA
"Q9Y371"	63099224	59276548	58028396	58937420	55576404	53677504	42334652	38749164	43240788
"Q9Y375"	NA	NA	NA	NA	NA	NA	NA	NA	NA
"Q9Y376"	35405048	36011980	34031652	30631340	32289064	29875570	32172224	32051540	29390466
"Q9Y383"	98832432	94886424	100619600	68127408	66690088	69388720	70160504	64666060	69383152
"Q9Y385"	40090912	37511120	38091792	19219922	22543424	18311556	22377000	24275398	17450718
"Q9Y388"	NA	NA	NA	NA	NA	NA	NA	NA	NA
"Q9Y394"	10838128	10967194	10543958	25396330	23720598	25060654	40857500	45887248	38898184
"Q9Y399"	4412445.5	4112270.5	5310695.5	3887129.2	2592550.8	4326325	5734607.5	6106000.5	6064978.5
"Q9Y3A2"	NA	NA	NA	NA	NA	NA	NA	NA	NA
"Q9Y3A3"	14222103	16566148	13651012	18416000	18892032	22490970	15144388	18236976	12438649
"Q9Y3A4"	8866437	9351244	7940726.5	4658920.5	NA	NA	5376780.5	6267913.5	6496229
"Q9Y3A5"	25237128	27557030	25824302	29241108	27176304	26156186	37809572	38140908	37797220
"Q9Y3A6"	37128276	40786876	35873500	72139592	75666496	81155976	74956216	73392072	75876768
"Q9Y3B1"	NA	NA	NA	NA	NA	NA	NA	NA	NA
"Q9Y3B2"	17629754	16725731	19594044	10244140	10290735	13032060	4336488.5	10525331	12237817
"Q9Y3B3"	36466648	39098332	41213380	49992248	56102816	55730988	55260712	53143588	59081228
"Q9Y3B4"	67113904	72950112	66305064	22606186	26048610	26677362	31454732	33779284	34130344
"Q9Y3B7"	22542492	26284272	24618330	16028380	15541137	17871028	19799862	21117636	21721854
"Q9Y3B8"	2747458.2	NA	NA	NA	NA	NA	4997874.5	NA	NA
"Q9Y3B9"	18516708	14871295	15133437	NA	NA	NA	NA	1174364.4	4516443.5
"Q9Y3C0"	5507240	5635360.5	7453133.5	5858029.5	7959929	7530705.5	5348217	NA	2099704.2
"Q9Y3C1"	13586355	13356124	13281340	9654132	7027785.5	9353101	10180939	10553449	12227909
"Q9Y3C4"	8144492.5	6034761.5	6667719.5	8046045.5	8074154.5	7640659.5	9401751	10094589	10087700
"Q9Y3C6"	38825856	38126584	41622520	30141668	32193746	30584568	39733556	33714364	34484340
"Q9Y3C8"	77053616	72222136	70992688	50443188	48872440	52372244	51171556	51432540	48271252
"Q9Y3D0"	15029391	15259348	20296702	11625020	9684137	11712264	13782344	9125010	12572930
"Q9Y3D2"	10451039	9836207	56659820	7692701	NA	10474045	62469728	NA	NA
"Q9Y3D3"	4084470.5	NA	NA	1673345.4	3233156.2	NA	NA	5478032	NA
"Q9Y3D5"	NA	NA	NA	NA	NA	NA	NA	NA	NA
"Q9Y3D6"	18681932	15499355	10606830	17056238	23518280	13164145	31137434	20212280	26313618
"Q9Y3D7"	11768343	10052857	11154833	8373055.5	6346373	8013976.5	7067547.5	5457424.5	6901948.5
"Q9Y3D8"	11506348	14452774	11509720	12777737	12166274	9996543	8888187	10765700	9341686
"Q9Y3D9"	10027920	9482940	11101785	7848972.5	5811362.5	7321098	7872326.5	8342698.5	8259462.5
"Q9Y3E0"	8946345	8109852.5	9630155	19895424	24968672	20636732	23896706	19747076	22059984
"Q9Y3E5"	14586590	16636459	14633806	14598991	16928438	18829680	22650950	24041054	23515794
"Q9Y3E7"	10365087	8237067.5	10976188	8404977	6359461.5	6572462	19742218	NA	NA
"Q9Y3F4"	49644432	52970824	53645028	39547652	38409380	36810996	48107156	48072744	47044300
"Q9Y3I0"	54800320	55842452	56929700	35225024	38345220	37496728	42212652	39978716	42951368
"Q9Y3I1"	3781793	5296563	4213432	8603059	9130856	5834249	NA	NA	2659431
"Q9Y3L3"	34096468	34166060	33885596	46100108	42492280	46107264	44141636	47725036	46938268
"Q9Y3L5"	20888242	25558362	17019374	41597196	43044216	36796496	25015688	26821652	28702550
"Q9Y3P9"	5757646.5	8053489	5911119	6740947	9858640	6308755.5	7253979	8409377	7712916
"Q9Y3Q3"	15749362	17919080	15709849	11000126	16273459	15723808	15009157	15796323	14892278
"Q9Y3Q8"	47919340	52220596	46776448	58351688	57079808	61898600	54078132	56716548	49448976
"Q9Y3R5"	8069156.5	6664083	6537619	7706874.5	11863940	9780691	10737168	11928505	12054649
"Q9Y3S2"	7530634.5	6680696.5	4889198	NA	NA	NA	NA	NA	NA
"Q9Y3T6"	NA	NA	NA	NA	NA	NA	NA	NA	NA
"Q9Y3T9"	13597551	12480367	10957049	8713084	8444344	8872419	12014972	10462266	9846246
"Q9Y3U8"	253370624	317888192	355129856	292888064	245227440	248720256	284416352	277944192	254016256
"Q9Y3X0"	6838075	4010462	5648573.5	4414999	6057449.5	NA	NA	NA	NA
"Q9Y3Y2"	71909016	83465864	76843224	78643888	68639952	74870296	37453204	41948704	40304240
"Q9Y3Z3"	182593312	191972672	189942000	147954832	145231888	147238784	87059752	90419304	87247368
"Q9Y450"	17177506	19046808	21598934	13454011	8892567	12783795	17497700	17297266	13747640
"Q9Y478"	5652474	1869063.1	3454386.2	3258111.8	1957154.1	3342116.8	4861885	3675780.5	5871167.5
"Q9Y483"	8417753	9841911	10113454	NA	NA	NA	NA	NA	NA
"Q9Y484"	NA	NA	NA	NA	NA	5270016.5	NA	NA	1656358.9
"Q9Y485"	NA	NA	NA	NA	NA	NA	NA	NA	NA
"Q9Y487"	14463371	NA	7144448.5	NA	NA	NA	6058522	NA	7318250.5
"Q9Y490"	232275264	230530064	230271728	487118080	499803552	494256192	472077632	459909408	483028160
"Q9Y496"	NA	NA	NA	NA	NA	NA	NA	NA	NA
"Q9Y4A5"	5211877.5	14592510	4873648	8031331.5	3765713.5	4020926.5	NA	NA	NA
"Q9Y4B6"	3371113.2	4753551.5	4341098.5	2580488.8	3954789.2	5451835.5	NA	NA	NA
"Q9Y4C8"	6236536	5217322.5	4945245	3505783	2783321.8	3347656	4391554	6940519.5	6100116.5
"Q9Y4D2"	2374276.5	2899411.8	3010660	689194.56	NA	NA	211874.8	588201.9	525378.4
"Q9Y4D7"	10124285	NA	NA	NA	NA	NA	NA	3819838.8	NA
"Q9Y4D8"	NA	NA	NA	NA	NA	NA	NA	NA	NA
"Q9Y4E1"	4009024.2	NA	8123444	7643761.5	NA	6246595.5	7084249.5	9004246	2857229.2
"Q9Y4E6"	2899373	531266.1	1095305.1	NA	1106614.6	NA	933289	NA	NA
"Q9Y4E8"	28510422	25978110	31332338	42209464	39590976	44689908	26800238	26329608	28698092
"Q9Y4G6"	5484942	3759984.2	6032561	6853329.5	NA	5288312	8609255	9860947	7787004
"Q9Y4H2"	17340750	18413326	18278468	14947059	14320516	14772232	13539571	15358185	16839332
"Q9Y4H4"	83021784	63187864	71744808	85307168	92521048	65276520	39707224	39714352	54280280
"Q9Y4I1"	3230925.2	2794775.2	2564552.5	NA	1312739	NA	3031612.2	3171366	3074015.2
"Q9Y4J8"	6871213.5	5259243	5279445.5	6168889	NA	NA	4858478.5	5516463.5	4245138.5
"Q9Y4K1"	8290566	2641447.2	9450053	6342528	NA	NA	NA	NA	NA
"Q9Y4K3"	6963501.5	3958078.8	4339149.5	NA	3336747.8	NA	1583422.6	NA	NA
"Q9Y4L1"	138393360	146117440	140888272	147484576	138910272	142667280	170228320	175831344	175554528
"Q9Y4L5"	NA	NA	NA	NA	NA	NA	NA	NA	NA
"Q9Y4P1"	10423544	8117755	10892169	8046178	2024520.2	3807166.5	7145825	5843441.5	5543937.5
"Q9Y4P3"	41031004	42213860	45751072	64615368	67523544	67305440	95599408	96603296	99778240
"Q9Y4P8"	11455268	9501714	10608041	13308834	13498878	NA	13095343	11635161	13342689
"Q9Y4R8"	3385966.5	3191160.2	3703958	NA	4309743	3078612.8	1748541.1	1253400.1	4273993
"Q9Y4W2"	3988740.5	5670143.5	6024921.5	6904015.5	8223098.5	NA	NA	2402081.2	4198611.5
"Q9Y4W6"	24337534	23357780	24695622	29633966	26465418	29278520	30857544	31174290	28893488
"Q9Y4X5"	14269432	13010104	14004675	20089200	20070746	20600802	17618178	16548069	16883974
"Q9Y4Y9"	96016040	108715136	111154056	51297044	62417548	29459500	53981876	NA	57267704
"Q9Y4Z0"	35841560	46271636	53586408	38059236	34811380	38134228	38181816	35926348	39041676
"Q9Y508"	23539734	22042980	18752662	27012542	24298398	25319732	14340096	14439730	15108859
"Q9Y512"	19851748	21750772	20764396	24515190	25666550	26383468	25567314	25140000	26531972
"Q9Y520"	48735092	45481148	44320240	31870970	31175986	28655500	26248426	26224316	26347878
"Q9Y535"	NA	NA	NA	NA	NA	NA	NA	NA	NA
"Q9Y547"	64341988	61876420	51671728	34644728	28157310	43517164	18233794	22363024	19196122
"Q9Y561"	NA	8258711	6186837.5	9032919	9886436	NA	NA	NA	NA
"Q9Y570"	17564438	19411236	17273776	14017872	15213538	15185724	20496402	20671770	18919968
"Q9Y572"	3158238	4221895	NA	5631513.5	NA	5307872	NA	NA	NA
"Q9Y580"	6131442.5	12138643	8973488	9641271	5453267	7408507	3574289.8	2802701.2	1901996.6
"Q9Y584"	NA	NA	NA	NA	NA	NA	NA	NA	NA
"Q9Y587"	1908988.6	1494756	1787507.9	NA	1870215.2	3356939.2	2278195	1739788.9	2537003
"Q9Y5A7"	12426060	NA	4128793.5	44565508	37552800	39903968	12294837	NA	NA
"Q9Y5A9"	34602088	30544608	26296288	15850912	18071834	21290090	22299746	23073756	29616828
"Q9Y5B0"	9368349	7465215	8615372	7577296.5	5836419.5	7768429.5	NA	3363537.2	7413676
"Q9Y5B6"	NA	2834862.2	3378498.8	NA	NA	3461329	NA	3681445.2	3137192.8
"Q9Y5B8"	NA	NA	3014202	NA	NA	NA	2015457.5	NA	NA
"Q9Y5B9"	67731760	65987524	64033568	37062916	40776276	36194212	36395736	37827296	34489148
"Q9Y5H0"	NA	NA	NA	NA	NA	NA	NA	NA	NA
"Q9Y5J1"	32488544	27884418	25125306	NA	9240817	11591813	14666487	15572051	13733990
"Q9Y5J5"	NA	NA	NA	NA	NA	NA	NA	NA	NA
"Q9Y5J6"	NA	NA	NA	NA	NA	NA	NA	NA	NA
"Q9Y5J7"	37977964	44231308	40763076	32499168	28648016	33522854	40866908	45432080	42122268
"Q9Y5J9"	23555100	18711942	19761002	7056462	5940576.5	6147192.5	8738045	7999257.5	7733460
"Q9Y5K5"	66058524	63304596	70032104	46890248	47125600	48867832	57812124	60566632	62861480
"Q9Y5K6"	15579656	16190321	15825303	16531214	17969698	17991184	9228546	9865238	10304378
"Q9Y5K8"	35048860	37417460	39423900	51016816	49167284	52410548	53787052	58515096	57594220
"Q9Y5L0"	19244970	16864640	17193742	15720364	17037426	13678360	17656640	18448548	17873228
"Q9Y5L4"	57166016	63713044	68675032	41059244	34473548	36797056	43987292	41490604	43703984
"Q9Y5M8"	86807568	82137664	78799072	85746264	88672616	93562248	117626904	117705824	108114888
"Q9Y5N5"	1297596.4	1931789.9	1006486.06	NA	NA	NA	NA	NA	NA
"Q9Y5P4"	10917303	10928406	11965543	12844919	12282674	11264838	15086807	14840605	14970789
"Q9Y5P6"	17097048	20313190	21122498	24824758	23109894	23637618	26832338	27887374	26924460
"Q9Y5Q0"	NA	NA	NA	NA	NA	NA	5744668	10110552	5762519
"Q9Y5Q3"	17490172	18655536	22579672	7647813.5	13468787	6820087.5	NA	NA	NA
"Q9Y5Q8"	8352592.5	6849746.5	7612881.5	2618697.8	7899980	5091401.5	3876232.5	NA	4839203.5
"Q9Y5Q9"	6166891.5	7062525.5	2971415.2	3954363.8	4527120	1918046.1	937518.9	1757293.9	2857841
"Q9Y5R8"	NA	NA	NA	12275542	NA	14982997	6741052	14333394	10005104
"Q9Y5S1"	3183226.2	3811288	3393564	5966963	8312067.5	4328524.5	3122193.2	5307586	3608519
"Q9Y5S2"	NA	NA	1551109	23739506	5576336	6657766.5	7943304.5	9780227	7256693
"Q9Y5S9"	111067992	133591808	137025536	73221680	72418272	74958136	63324852	59892112	58508448
"Q9Y5T5"	3987990	5717308.5	3112567.2	2848872	4764574	3862440.8	2265225.2	NA	4649580.5
"Q9Y5U2"	10465339	6671237	8265534.5	6862200.5	7221470.5	5947240	5261912	7057880.5	4788618
"Q9Y5U9"	47600396	51693048	55365608	42643700	63990976	49554832	52174188	31268690	85686112
"Q9Y5V0"	42297380	41448552	34710728	14492561	14454594	20494134	21310898	19858572	22816600
"Q9Y5W9"	NA	NA	NA	NA	NA	NA	NA	NA	NA
"Q9Y5X0"	NA	NA	NA	20056788	4834520.5	22337118	NA	31954858	NA
"Q9Y5X1"	25684054	28281470	24735794	67831928	72484392	72943744	67765328	66615984	71410040
"Q9Y5X2"	1595209.4	4626800.5	5097140.5	10881964	16244439	15260684	12660237	12945718	12728997
"Q9Y5X3"	54297972	60679100	57082988	35099308	36680956	37820496	50954364	50860456	47362632
"Q9Y5Y2"	17888014	19213720	17285422	18352308	18040226	7219776	12997289	16961406	15023526
"Q9Y5Y5"	2054058.9	5581628.5	6271659	7045177.5	7130421	6318052.5	8645818	9169573	6996709
"Q9Y5Y6"	7009765	9328345	9331164	6160052.5	55602916	NA	36461724	2445115.2	4803317
"Q9Y5Z4"	85793848	82515088	83219432	72096936	77862616	78938008	64560016	67813152	63445624
"Q9Y5Z7"	NA	NA	NA	NA	NA	NA	NA	NA	NA
"Q9Y5Z9"	3249492	3857516.5	3764854.8	2584152.5	4077604.8	NA	NA	NA	NA
"Q9Y605"	10459973	10886862	13713913	NA	10068677	NA	NA	NA	NA
"Q9Y606"	10841999	11073222	10299884	10021707	9712610	9500851	10218721	11060382	11556131
"Q9Y608"	17866096	29387346	25255844	22089594	21068062	25082290	NA	NA	19601892
"Q9Y613"	21314476	17179478	17119730	17989458	22051922	19257224	22277026	22030030	23773662
"Q9Y616"	NA	NA	NA	NA	NA	NA	NA	NA	NA
"Q9Y617"	81070384	82115392	79062136	79261912	74959200	81006616	91504808	94128048	92367088
"Q9Y618"	5270491.5	5820525	6396376.5	NA	NA	NA	NA	NA	NA
"Q9Y619"	7587251.5	13494489	21048830	3338312.5	2015894.5	9005141	3497785.8	NA	4031043.5
"Q9Y624"	7139441	6470005.5	8084471.5	12379901	12969865	15206200	21094668	20693740	25098490
"Q9Y639"	35023180	33503570	32343626	54875348	57622844	55154060	46577556	53858236	50356472
"Q9Y646"	3846399.5	3492060.2	3344629.2	5179302.5	3990709.8	3896163.5	5973280.5	5417124.5	6843602
"Q9Y653"	NA	NA	NA	NA	NA	NA	NA	NA	NA
"Q9Y657"	NA	3648561.8	4096748.2	NA	NA	NA	NA	NA	NA
"Q9Y666"	NA	NA	NA	NA	NA	NA	NA	NA	NA
"Q9Y672"	NA	NA	NA	NA	NA	NA	NA	NA	NA
"Q9Y673"	33375896	33561868	40131596	42651904	35793844	44722600	39446808	32367868	40125732
"Q9Y676"	9042881	11108402	11452098	8385431.5	18275468	14668898	12372128	11658824	8348548.5
"Q9Y678"	101401736	96408904	97185136	124338864	129691064	122518048	99081600	93995000	99107912
"Q9Y679"	33501246	30880182	36231716	32674864	33238740	32582550	33444478	28303508	29779790
"Q9Y680"	NA	NA	NA	NA	NA	NA	NA	NA	NA
"Q9Y692"	2202601	NA	2582835.8	NA	NA	NA	NA	NA	NA
"Q9Y696"	105029560	105272424	109574664	226350256	217083920	232606624	153279376	156747488	148204256
"Q9Y697"	6464557	NA	NA	3465328	6359618	NA	7689146.5	4596323.5	5862204.5
"Q9Y6A4"	13836212	9295442	4170367.8	8897950	9699235	11126314	12601788	10608816	10241080
"Q9Y6A5"	18129802	9787771	9436160	NA	NA	NA	NA	NA	NA
"Q9Y6A9"	48618476	50710488	47677672	62076072	59855092	63833844	59080440	59866188	53984504
"Q9Y6B6"	23202180	14165143	15705380	30362300	24123692	19006824	27783612	28508556	25939280
"Q9Y6B7"	1297135.6	2177871	2853438	5285314.5	5040034	4451344.5	5206071.5	2133130.8	3820117.5
"Q9Y6C9"	45348704	41352168	38941796	66261056	58334040	60576828	59954096	58975280	65869772
"Q9Y6D5"	7316713	3968417.5	NA	2236243.2	2741972.8	5019588.5	5640751	7017449.5	4490660
"Q9Y6D6"	18099790	17785128	19038474	13598635	15845202	13780467	17288880	15451726	14643539
"Q9Y6D9"	9125669	9193137	10769091	5352168	NA	6822339.5	8914611	NA	6592249
"Q9Y6E0"	32414378	34153424	31237848	45888600	46277992	42095568	32666492	33847568	34072992
"Q9Y6E2"	39673824	38773032	36546008	24111776	19941652	25373114	36366076	38337788	34792076
"Q9Y6G3"	6565363.5	4516032	NA	NA	NA	NA	4584621	NA	4665534
"Q9Y6G5"	9718550	8105128.5	2308705.5	9057184	5106430	5984050	8222997.5	9322188	6860368.5
"Q9Y6G9"	48413668	49050412	43362380	55284948	56774876	53164380	47931644	46636816	46003292
"Q9Y6H1"	132323240	130920032	136210384	46386792	48561224	53588220	188588304	203193520	210149136
"Q9Y6I3"	16687810	17452372	16754028	12123030	14636929	15492118	15247185	15867854	17102730
"Q9Y6I4"	8339651	7145976	NA	NA	NA	NA	NA	NA	NA
"Q9Y6I7"	NA	NA	NA	NA	NA	NA	NA	NA	NA
"Q9Y6I9"	37324152	31082816	31286416	26066664	19877836	20669546	25030734	20233074	28541652
"Q9Y6K0"	15164507	16669815	13265771	18068536	17346756	15063879	22829146	22056714	21084302
"Q9Y6K1"	3352841	NA	2248144.8	NA	NA	NA	NA	NA	NA
"Q9Y6K5"	77402664	82446576	79706664	243352656	243908448	251708800	62654108	62108624	56708196
"Q9Y6K9"	29556276	29146620	31511974	26599122	20663056	24584312	21354294	19894316	18438868
"Q9Y6M1"	69361720	77308632	63007664	47512320	48657360	46905408	52252904	49322596	51332836
"Q9Y6M5"	24438780	20765448	26304358	15428312	11921134	12180462	18719430	20761238	20148112
"Q9Y6M7"	10672486	10147201	11710215	24177544	25241182	19786704	63556760	67035184	52859468
"Q9Y6M9"	19955738	18700454	18890634	17802512	17439312	13933483	15471615	15454567	19353952
"Q9Y6N5"	139442384	141898736	144067744	592659390	566587650	599918080	451762912	430726304	473790304
"Q9Y6P5"	NA	NA	NA	NA	NA	NA	NA	NA	NA
"Q9Y6Q9"	2776579.5	1293410.2	NA	NA	NA	NA	NA	NA	NA
"Q9Y6R4"	NA	10269404	NA	8293828	10424821	8719388	7857340	11267300	10116452
"Q9Y6U3"	NA	NA	NA	NA	NA	NA	NA	NA	NA
"Q9Y6V7"	6069732.5	6157338.5	6248514.5	4688234.5	6955040	3704543.8	4927183.5	5880089	5666128
"Q9Y6W3"	5254511.5	4174823.8	4331730	NA	3252362.8	2343684.8	5181916.5	NA	NA
"Q9Y6W5"	31199864	28784092	27453030	43347360	48047544	37781768	43895696	41383296	43910448
"Q9Y6W6"	1564421.1	NA	NA	4493278.5	1824654.1	2806828	NA	NA	NA
"Q9Y6X3"	4035163.2	NA	NA	2966514.5	NA	NA	NA	NA	NA
"Q9Y6X5"	NA	NA	NA	NA	NA	NA	NA	NA	NA
"Q9Y6X9"	3639292.2	3557261	NA	NA	NA	NA	4773825	2892430.8	2898468
"Q9Y6Y0"	13962115	12506269	11185935	9857166	9725008	8095915.5	22043036	16942136	19314194
"Q9Y6Y8"	29309052	31358202	33117980	31089360	31603042	33048564	34232804	34171380	34040096
