Protein	Protein ID	Entry Name	Gene	Protein Length	Organism	Protein Existence	Description	Protein Probability	Top Peptide Probability	Combined Total Peptides	Combined Spectral Count	Combined Unique Spectral Count	Combined Total Spectral Count	yeast1 Spectral Count	yeast2 Spectral Count	yeast3 Spectral Count	yeast1 Unique Spectral Count	yeast2 Unique Spectral Count	yeast3 Unique Spectral Count	yeast1 Total Spectral Count	yeast2 Total Spectral Count	yeast3 Total Spectral Count	yeast1 Intensity	yeast2 Intensity	yeast3 Intensity	yeast1 MaxLFQ Intensity	yeast2 MaxLFQ Intensity	yeast3 MaxLFQ Intensity	Indistinguishable Proteins
contam_sp|P00761|TRYP_PIG	P00761	TRYP_PIG		231	Sus scrofa	1:Experimental evidence at protein level	Trypsin	1.0	0.999	4	106	106	106	35	35	36	35	35	36	35	35	36	8.0421683E8	9.2175712E8	9.3740224E8	3.26208544E8	4.06476576E8	4.09203744E8	
contam_sp|P32503|GAG_SCVLA	P32503	GAG_SCVLA	gag	680	Saccharomyces cerevisiae virus L-A	1:Experimental evidence at protein level	Major capsid protein	1.0	0.999	13	121	121	121	38	41	42	38	41	42	38	41	42	3.99988448E8	3.91679424E8	4.22291776E8	6.8508728E7	7.3639184E7	7.4112784E7	
contam_sp|P68871|HBB_HUMAN	P68871	HBB_HUMAN	HBB	147	Homo sapiens	1:Experimental evidence at protein level	Hemoglobin subunit beta	0.9682	0.999	1	3	3	3	1	1	1	1	1	1	1	1	1	9833383.0	8826600.0	1.0068687E7	9833383.0	8826600.0	1.0068687E7	
contam_sp|Q06830|PRDX1_HUMAN	Q06830	PRDX1_HUMAN	PRDX1	199	Homo sapiens	1:Experimental evidence at protein level	Peroxiredoxin-1	0.9768	0.9922	2	3	3	3	1	2	0	1	2	0	1	2	0	1.4558321E7	2.083439E7	1.3078474E7	1.4558321E7	1.8140786E7	1.3078474E7	
contam_sp|Q92764|KRT35_HUMAN	Q92764	KRT35_HUMAN	KRT35	455	Homo sapiens	1:Experimental evidence at protein level	Keratin, type I cuticular Ha5	0.5308	0.9737	1	1	1	1	1	0	0	1	0	0	1	0	0	4653801.5	4027416.2	3062594.5	4653801.5	4027416.2	3062594.5	
sp|O13297|CET1_YEAST	O13297	CET1_YEAST	CET1	549	Saccharomyces cerevisiae (strain ATCC 204508 / S288c)	1:Experimental evidence at protein level	mRNA-capping enzyme subunit beta	1.0	0.999	2	5	5	5	3	1	1	3	1	1	3	1	1	6247760.5	5457614.5	3826849.0	3893987.8	3517595.5	2320307.5	
sp|O13516|RS9A_YEAST	O13516	RS9A_YEAST	RPS9A	197	Saccharomyces cerevisiae (strain ATCC 204508 / S288c)	1:Experimental evidence at protein level	40S ribosomal protein S9-A	1.0	0.999	13	3	3	217	1	1	1	1	1	1	72	71	74	1.4760963E7	1.9892872E7	1.9151448E7	1.4760963E7	1.9892872E7	1.9151448E7	
sp|O13535|YH11B_YEAST	O13535	YH11B_YEAST	TY1B-H	1793	Saccharomyces cerevisiae (strain ATCC 204508 / S288c)	3:Protein inferred from homology	Transposon Ty1-H Gag-Pol polyprotein	0.9998	0.999	13	91	0	91	32	32	27	0	0	0	32	32	27	4.06273184E8	4.62836064E8	5.05492704E8	1.1107576E8	1.21852128E8	1.46044736E8	sp|P0C2I4|YH11A_YEAST
sp|O13547|CCW14_YEAST	O13547	CCW14_YEAST	CCW14	238	Saccharomyces cerevisiae (strain ATCC 204508 / S288c)	1:Experimental evidence at protein level	Covalently-linked cell wall protein 14	0.9682	0.999	1	5	5	5	1	2	2	1	2	2	1	2	2	3.6821264E7	2.621205E7	3.7302692E7	3.6821264E7	2.621205E7	3.7302692E7	
sp|O13563|RPN13_YEAST	O13563	RPN13_YEAST	RPN13	156	Saccharomyces cerevisiae (strain ATCC 204508 / S288c)	1:Experimental evidence at protein level	26S proteasome regulatory subunit RPN13	0.9994	0.999	2	4	4	4	1	1	2	1	1	2	1	1	2	7677872.0	1.4444747E7	1.3594526E7	7677872.0	8170718.0	7863802.5	
sp|O14455|RL36B_YEAST	O14455	RL36B_YEAST	RPL36B	100	Saccharomyces cerevisiae (strain ATCC 204508 / S288c)	1:Experimental evidence at protein level	60S ribosomal protein L36-B	1.0	0.999	4	73	13	73	23	22	28	4	4	5	23	22	28	7.3600064E8	6.3474496E8	5.8687757E8	2.57237008E8	2.2318528E8	2.31355744E8	
sp|O14467|MBF1_YEAST	O14467	MBF1_YEAST	MBF1	151	Saccharomyces cerevisiae (strain ATCC 204508 / S288c)	1:Experimental evidence at protein level	Multiprotein-bridging factor 1	1.0	0.999	9	61	61	61	21	20	20	21	20	20	21	20	20	4.35036384E8	3.2086608E8	4.18164928E8	1.17950656E8	9.557232E7	1.06140136E8	
sp|O43137|YB085_YEAST	O43137	YB085_YEAST	YBR085C-A	85	Saccharomyces cerevisiae (strain ATCC 204508 / S288c)	1:Experimental evidence at protein level	Uncharacterized protein YBR085C-A	1.0	0.999	2	9	9	9	3	3	3	3	3	3	3	3	3	5.5996616E7	5.6181084E7	5.9834124E7	3.90464E7	4.535254E7	4.824366E7	
sp|O60200|MDM35_YEAST	O60200	MDM35_YEAST	MDM35	86	Saccharomyces cerevisiae (strain ATCC 204508 / S288c)	1:Experimental evidence at protein level	Mitochondrial distribution and morphology protein 35	0.9962	0.9981	2	2	2	2	0	0	2	0	0	2	0	0	2	3409941.2	5348817.0	8584775.0	3409941.2	5348817.0	5455200.0	
sp|O74700|TIM9_YEAST	O74700	TIM9_YEAST	TIM9	87	Saccharomyces cerevisiae (strain ATCC 204508 / S288c)	1:Experimental evidence at protein level	Mitochondrial import inner membrane translocase subunit TIM9	0.9682	0.999	1	3	3	3	1	1	1	1	1	1	1	1	1	1.4879075E7	1.4666126E7	1.6645577E7	1.4879075E7	1.4666126E7	1.6645577E7	
sp|O94742|SEM1_YEAST	O94742	SEM1_YEAST	SEM1	89	Saccharomyces cerevisiae (strain ATCC 204508 / S288c)	1:Experimental evidence at protein level	26S proteasome complex subunit SEM1	0.9682	0.999	1	3	3	3	1	1	1	1	1	1	1	1	1	8139432.5	8671572.0	1.2058156E7	8139432.5	8671572.0	1.2058156E7	
sp|P00045|CYC7_YEAST	P00045	CYC7_YEAST	CYC7	113	Saccharomyces cerevisiae (strain ATCC 204508 / S288c)	1:Experimental evidence at protein level	Cytochrome c isoform 2	1.0	0.999	2	2	1	2	1	1	0	1	0	0	1	1	0	7858726.0	8184285.0	6520372.0	4996083.0	5021482.5	3963213.5	
sp|P00127|QCR6_YEAST	P00127	QCR6_YEAST	QCR6	147	Saccharomyces cerevisiae (strain ATCC 204508 / S288c)	1:Experimental evidence at protein level	Cytochrome b-c1 complex subunit 6, mitochondrial	0.9682	0.999	1	2	2	2	1	1	0	1	1	0	1	1	0	1.0464377E7	1.1785474E7	1.1688086E7	1.0464377E7	1.1785474E7	1.1688086E7	
sp|P00330|ADH1_YEAST	P00330	ADH1_YEAST	ADH1	348	Saccharomyces cerevisiae (strain ATCC 204508 / S288c)	1:Experimental evidence at protein level	Alcohol dehydrogenase 1	1.0	0.999	15	708	334	708	240	241	227	112	118	104	240	241	227	1.47389E10	1.26901228E10	1.52369756E10	2.48336384E9	2.31966464E9	2.53892275E9	
sp|P00358|G3P2_YEAST	P00358	G3P2_YEAST	TDH2	332	Saccharomyces cerevisiae (strain ATCC 204508 / S288c)	1:Experimental evidence at protein level	Glyceraldehyde-3-phosphate dehydrogenase 2	1.0	0.999	19	993	132	993	364	338	291	46	47	39	364	338	291	3.6195033E10	3.5455291E10	3.629851E10	7.6054154E9	7.885185E9	7.8025754E9	
sp|P00359|G3P3_YEAST	P00359	G3P3_YEAST	TDH3	332	Saccharomyces cerevisiae (strain ATCC 204508 / S288c)	1:Experimental evidence at protein level	Glyceraldehyde-3-phosphate dehydrogenase 3	1.0	0.999	20	133	85	986	47	49	37	29	31	25	362	337	287	4.5546419E9	5.440556E9	6.0207611E9	2.96391424E9	4.8508908E9	5.1142308E9	
sp|P00360|G3P1_YEAST	P00360	G3P1_YEAST	TDH1	332	Saccharomyces cerevisiae (strain ATCC 204508 / S288c)	1:Experimental evidence at protein level	Glyceraldehyde-3-phosphate dehydrogenase 1	1.0	0.999	19	246	246	717	84	79	83	84	79	83	257	244	216	3.87991808E9	3.94421197E9	3.99203763E9	8.9304595E8	9.2844109E8	9.4917856E8	
sp|P00425|COX5B_YEAST	P00425	COX5B_YEAST	COX5B	151	Saccharomyces cerevisiae (strain ATCC 204508 / S288c)	1:Experimental evidence at protein level	Cytochrome c oxidase subunit 5B, mitochondrial	0.891	0.9963	1	1	1	1	0	1	0	0	1	0	0	1	0	5634452.0	5634454.0	6567289.0	5634452.0	5634454.0	6567289.0	
sp|P00427|COX6_YEAST	P00427	COX6_YEAST	COX6	148	Saccharomyces cerevisiae (strain ATCC 204508 / S288c)	1:Experimental evidence at protein level	Cytochrome c oxidase subunit 6, mitochondrial	0.9996	0.9989	2	5	5	5	2	1	2	2	1	2	2	1	2	1.0665404E7	9613012.0	1.1380192E7	6107442.5	5279841.5	6493006.0	
sp|P00431|CCPR_YEAST	P00431	CCPR_YEAST	CCP1	361	Saccharomyces cerevisiae (strain ATCC 204508 / S288c)	1:Experimental evidence at protein level	Cytochrome c peroxidase, mitochondrial	1.0	0.999	4	12	12	12	3	4	5	3	4	5	3	4	5	1.6704231E7	1.4342666E7	1.6301678E7	6593741.5	7652665.5	6463437.5	
sp|P00445|SODC_YEAST	P00445	SODC_YEAST	SOD1	154	Saccharomyces cerevisiae (strain ATCC 204508 / S288c)	1:Experimental evidence at protein level	Superoxide dismutase [Cu-Zn]	1.0	0.999	10	191	191	191	59	65	67	59	65	67	59	65	67	1.66674637E9	1.59902438E9	1.61590579E9	3.42067104E8	3.48762784E8	3.62226784E8	
sp|P00447|SODM_YEAST	P00447	SODM_YEAST	SOD2	233	Saccharomyces cerevisiae (strain ATCC 204508 / S288c)	1:Experimental evidence at protein level	Superoxide dismutase [Mn], mitochondrial	1.0	0.999	7	33	33	33	11	11	11	11	11	11	11	11	11	7.9791248E7	8.4334088E7	8.6934688E7	1.9079376E7	2.0728672E7	2.092159E7	
sp|P00498|HIS1_YEAST	P00498	HIS1_YEAST	HIS1	297	Saccharomyces cerevisiae (strain ATCC 204508 / S288c)	1:Experimental evidence at protein level	ATP phosphoribosyltransferase	1.0	0.999	9	39	39	39	14	13	12	14	13	12	14	13	12	1.81825264E8	1.57716752E8	1.74060176E8	3.476966E7	2.849625E7	3.263778E7	
sp|P00546|CDK1_YEAST	P00546	CDK1_YEAST	CDC28	298	Saccharomyces cerevisiae (strain ATCC 204508 / S288c)	1:Experimental evidence at protein level	Cyclin-dependent kinase 1	0.9994	0.9987	4	2	2	6	1	0	1	1	0	1	3	1	2	9085512.0	6976385.0	3529863.8	4695729.0	3714981.8	4685202.0	
sp|P00549|KPYK1_YEAST	P00549	KPYK1_YEAST	CDC19	500	Saccharomyces cerevisiae (strain ATCC 204508 / S288c)	1:Experimental evidence at protein level	Pyruvate kinase 1	1.0	0.999	28	1046	911	1046	363	360	323	311	311	289	363	360	323	2.09435566E10	2.30702285E10	2.41315512E10	2.55729894E9	3.00617702E9	3.22243405E9	
sp|P00560|PGK_YEAST	P00560	PGK_YEAST	PGK1	416	Saccharomyces cerevisiae (strain ATCC 204508 / S288c)	1:Experimental evidence at protein level	Phosphoglycerate kinase	1.0	0.999	25	1098	1098	1098	366	378	354	366	378	354	366	378	354	1.90504141E10	1.90006088E10	2.00911217E10	2.29362586E9	2.3178304E9	2.51964365E9	
sp|P00724|INV2_YEAST	P00724	INV2_YEAST	SUC2	532	Saccharomyces cerevisiae (strain ATCC 204508 / S288c)	1:Experimental evidence at protein level	Invertase 2	1.0	0.9973	3	7	7	7	2	2	3	2	2	3	2	2	3	2.8579132E7	2.6336834E7	2.9879068E7	1.0783735E7	9918045.0	1.0580959E7	
sp|P00729|CBPY_YEAST	P00729	CBPY_YEAST	PRC1	532	Saccharomyces cerevisiae (strain ATCC 204508 / S288c)	1:Experimental evidence at protein level	Carboxypeptidase Y	1.0	0.999	7	90	90	90	29	30	31	29	30	31	29	30	31	1.48597184E8	2.5094168E8	2.46023216E8	2.7673894E7	4.4177908E7	4.3901464E7	
sp|P00812|ARGI_YEAST	P00812	ARGI_YEAST	CAR1	333	Saccharomyces cerevisiae (strain ATCC 204508 / S288c)	1:Experimental evidence at protein level	Arginase	1.0	0.999	7	18	18	18	7	7	4	7	7	4	7	7	4	5.5673996E7	5.6166108E7	5.1105156E7	1.2346301E7	1.1729583E7	1.2670642E7	
sp|P00815|HIS2_YEAST	P00815	HIS2_YEAST	HIS4	799	Saccharomyces cerevisiae (strain ATCC 204508 / S288c)	1:Experimental evidence at protein level	Histidine biosynthesis trifunctional protein	1.0	0.999	23	163	163	163	49	58	56	49	58	56	49	58	56	5.3746317E8	5.6625478E8	5.9362547E8	5.7663432E7	5.2492564E7	5.669166E7	
sp|P00817|IPYR_YEAST	P00817	IPYR_YEAST	IPP1	287	Saccharomyces cerevisiae (strain ATCC 204508 / S288c)	1:Experimental evidence at protein level	Inorganic pyrophosphatase	1.0	0.999	11	166	163	166	53	57	56	52	56	55	53	57	56	1.03515392E9	9.9137338E8	9.7643277E8	2.11597008E8	2.3042992E8	2.1122968E8	
sp|P00830|ATPB_YEAST	P00830	ATPB_YEAST	ATP2	511	Saccharomyces cerevisiae (strain ATCC 204508 / S288c)	1:Experimental evidence at protein level	ATP synthase subunit beta, mitochondrial	1.0	0.999	15	109	109	109	35	37	37	35	37	37	35	37	37	4.5619008E8	4.45743328E8	4.73555424E8	9.0789664E7	9.8043072E7	1.04754048E8	
sp|P00890|CISY1_YEAST	P00890	CISY1_YEAST	CIT1	479	Saccharomyces cerevisiae (strain ATCC 204508 / S288c)	1:Experimental evidence at protein level	Citrate synthase, mitochondrial	1.0	0.999	19	107	107	107	36	34	37	36	34	37	36	34	37	3.3429184E8	3.29718688E8	3.6901872E8	4.0191096E7	4.3635696E7	4.4304232E7	
sp|P00899|TRPE_YEAST	P00899	TRPE_YEAST	TRP2	507	Saccharomyces cerevisiae (strain ATCC 204508 / S288c)	1:Experimental evidence at protein level	Anthranilate synthase component 1	1.0	0.999	9	24	24	24	9	7	8	9	7	8	9	7	8	7.3109656E7	6.122502E7	7.0798736E7	1.5705337E7	1.4727193E7	1.713927E7	
sp|P00912|TRPF_YEAST	P00912	TRPF_YEAST	TRP1	224	Saccharomyces cerevisiae (strain ATCC 204508 / S288c)	1:Experimental evidence at protein level	N-(5'-phosphoribosyl)anthranilate isomerase	0.6164	0.9814	1	3	3	3	1	1	1	1	1	1	1	1	1	2960392.0	1923509.8	2413274.8	2960392.0	1923509.8	2413274.8	
sp|P00924|ENO1_YEAST	P00924	ENO1_YEAST	ENO1	437	Saccharomyces cerevisiae (strain ATCC 204508 / S288c)	1:Experimental evidence at protein level	Enolase 1	1.0	0.999	20	472	472	1014	148	164	160	148	164	160	342	345	327	4.5861581E9	4.5865646E9	4.972865E9	1.37751744E9	1.60963994E9	1.73302528E9	
sp|P00925|ENO2_YEAST	P00925	ENO2_YEAST	ENO2	437	Saccharomyces cerevisiae (strain ATCC 204508 / S288c)	1:Experimental evidence at protein level	Enolase 2	1.0	0.999	22	1124	582	1124	390	376	358	196	195	191	390	376	358	2.33145917E10	2.45083013E10	2.6359423E10	4.5265265E9	5.068716E9	5.360663E9	
sp|P00927|THDH_YEAST	P00927	THDH_YEAST	ILV1	576	Saccharomyces cerevisiae (strain ATCC 204508 / S288c)	1:Experimental evidence at protein level	Threonine dehydratase, mitochondrial	1.0	0.999	3	5	5	5	3	1	1	3	1	1	3	1	1	1.3190246E7	1.46292E7	8909372.0	5305954.5	6171288.5	6233700.0	
sp|P00931|TRP_YEAST	P00931	TRP_YEAST	TRP5	707	Saccharomyces cerevisiae (strain ATCC 204508 / S288c)	1:Experimental evidence at protein level	Tryptophan synthase	1.0	0.999	25	143	143	143	48	50	45	48	50	45	48	50	45	5.3984102E8	5.06434432E8	5.7087302E8	4.9679112E7	4.7288736E7	4.8792268E7	
sp|P00937|TRPG_YEAST	P00937	TRPG_YEAST	TRP3	484	Saccharomyces cerevisiae (strain ATCC 204508 / S288c)	1:Experimental evidence at protein level	Multifunctional tryptophan biosynthesis protein	1.0	0.999	11	29	29	29	10	10	9	10	10	9	10	10	9	6.8751008E7	8.6169976E7	1.64811456E8	2.9127628E7	2.7994184E7	2.9517986E7	
sp|P00942|TPIS_YEAST	P00942	TPIS_YEAST	TPI1	248	Saccharomyces cerevisiae (strain ATCC 204508 / S288c)	1:Experimental evidence at protein level	Triosephosphate isomerase	1.0	0.999	10	311	311	311	102	104	105	102	104	105	102	104	105	4.724137E9	4.7570278E9	4.7807519E9	7.4905747E8	7.3889024E8	7.4619277E8	
sp|P00950|PMG1_YEAST	P00950	PMG1_YEAST	GPM1	247	Saccharomyces cerevisiae (strain ATCC 204508 / S288c)	1:Experimental evidence at protein level	Phosphoglycerate mutase 1	1.0	0.999	14	377	377	377	130	126	121	130	126	121	130	126	121	8.6540093E9	8.3610148E9	9.2962263E9	1.83091149E9	1.84144448E9	1.84694554E9	
sp|P00958|SYMC_YEAST	P00958	SYMC_YEAST	MES1	751	Saccharomyces cerevisiae (strain ATCC 204508 / S288c)	1:Experimental evidence at protein level	Methionine--tRNA ligase, cytoplasmic	1.0	0.999	23	90	90	90	31	30	29	31	30	29	31	30	29	2.64999904E8	2.38580032E8	2.6034856E8	3.3298436E7	3.1903772E7	3.2019928E7	
sp|P01094|IPA3_YEAST	P01094	IPA3_YEAST	PAI3	68	Saccharomyces cerevisiae (strain ATCC 204508 / S288c)	1:Experimental evidence at protein level	Protease A inhibitor 3	0.9485	0.9983	1	4	4	4	1	1	2	1	1	2	1	1	2	9716215.0	9239322.0	1.0501356E7	9716215.0	9239322.0	1.0501356E7	
sp|P01098|STF1_YEAST	P01098	STF1_YEAST	STF1	86	Saccharomyces cerevisiae (strain ATCC 204508 / S288c)	1:Experimental evidence at protein level	ATPase-stabilizing factor 9 kDa, mitochondrial	0.9873	0.9878	2	6	6	6	2	2	2	2	2	2	2	2	2	7320627.0	7507452.0	7402271.0	5022402.0	5326657.5	5044911.5	
sp|P01120|RAS2_YEAST	P01120	RAS2_YEAST	RAS2	322	Saccharomyces cerevisiae (strain ATCC 204508 / S288c)	1:Experimental evidence at protein level	Ras-like protein 2	1.0	0.999	13	51	41	51	16	16	19	13	13	15	16	16	19	1.92782528E8	1.81404448E8	1.9346872E8	2.50468E7	2.539246E7	2.6205506E7	
sp|P01123|YPT1_YEAST	P01123	YPT1_YEAST	YPT1	206	Saccharomyces cerevisiae (strain ATCC 204508 / S288c)	1:Experimental evidence at protein level	GTP-binding protein YPT1	1.0	0.999	6	22	22	34	7	8	7	7	8	7	11	12	11	1.40607136E8	1.21081728E8	1.00330264E8	4.6273308E7	4.0914868E7	4.6866032E7	
sp|P02293|H2B1_YEAST	P02293	H2B1_YEAST	HTB1	131	Saccharomyces cerevisiae (strain ATCC 204508 / S288c)	1:Experimental evidence at protein level	Histone H2B.1	1.0	0.999	3	80	0	80	25	28	27	0	0	0	25	28	27	7.3498336E8	6.3504358E8	6.7247187E8	4.02653152E8	3.53801088E8	3.65670176E8	sp|P02294|H2B2_YEAST
sp|P02309|H4_YEAST	P02309	H4_YEAST	HHF1	103	Saccharomyces cerevisiae (strain ATCC 204508 / S288c)	1:Experimental evidence at protein level	Histone H4	1.0	0.999	6	92	92	92	26	32	34	26	32	34	26	32	34	6.9332307E8	6.4256986E8	6.3118829E8	2.14235552E8	2.07270272E8	2.20817936E8	
sp|P02400|RLA4_YEAST	P02400	RLA4_YEAST	RPP2B	110	Saccharomyces cerevisiae (strain ATCC 204508 / S288c)	1:Experimental evidence at protein level	60S acidic ribosomal protein P2-beta	1.0	0.999	5	84	84	84	26	28	30	26	28	30	26	28	30	8.6158259E8	9.1690637E8	9.8278003E8	3.15334272E8	3.20922688E8	4.0021264E8	
sp|P02406|RL28_YEAST	P02406	RL28_YEAST	RPL28	149	Saccharomyces cerevisiae (strain ATCC 204508 / S288c)	1:Experimental evidence at protein level	60S ribosomal protein L28	1.0	0.999	8	68	68	68	21	24	23	21	24	23	21	24	23	5.5116358E8	6.3904678E8	6.3401408E8	3.21623296E8	2.92040544E8	2.96683296E8	
sp|P02407|RS17A_YEAST	P02407	RS17A_YEAST	RPS17A	136	Saccharomyces cerevisiae (strain ATCC 204508 / S288c)	1:Experimental evidence at protein level	40S ribosomal protein S17-A	1.0	0.999	6	97	0	97	34	30	33	0	0	0	34	30	33	1.33958874E9	1.13588134E9	1.2658848E9	4.0070176E8	3.63360096E8	3.77011712E8	sp|P14127|RS17B_YEAST
sp|P02557|TBB_YEAST	P02557	TBB_YEAST	TUB2	457	Saccharomyces cerevisiae (strain ATCC 204508 / S288c)	1:Experimental evidence at protein level	Tubulin beta chain	1.0	0.999	10	49	49	49	16	16	17	16	16	17	16	16	17	1.36534256E8	1.76901568E8	1.72694864E8	2.6867902E7	3.529438E7	3.6099764E7	
sp|P02829|HSP82_YEAST	P02829	HSP82_YEAST	HSP82	709	Saccharomyces cerevisiae (strain ATCC 204508 / S288c)	1:Experimental evidence at protein level	ATP-dependent molecular chaperone HSP82	1.0	0.999	33	50	50	519	16	17	17	16	17	17	172	164	183	3.53752736E8	3.45357056E8	3.54793888E8	6.3501156E7	6.5578744E7	6.4259056E7	
sp|P02992|EFTU_YEAST	P02992	EFTU_YEAST	TUF1	437	Saccharomyces cerevisiae (strain ATCC 204508 / S288c)	1:Experimental evidence at protein level	Elongation factor Tu, mitochondrial	1.0	0.999	7	25	25	25	9	7	9	9	7	9	9	7	9	1.0041476E8	8.6892088E7	1.09970056E8	2.2726126E7	2.2811214E7	2.418776E7	
sp|P02994|EF1A_YEAST	P02994	EF1A_YEAST	TEF1	458	Saccharomyces cerevisiae (strain ATCC 204508 / S288c)	1:Experimental evidence at protein level	Elongation factor 1-alpha	1.0	0.999	24	843	843	843	298	293	252	298	293	252	298	293	252	1.77583268E10	1.72104745E10	1.74426112E10	2.82879846E9	3.03946906E9	2.96856269E9	
sp|P03875|AI1M_YEAST	P03875	AI1M_YEAST	AI1	834	Saccharomyces cerevisiae (strain ATCC 204508 / S288c)	4:Protein predicted	Putative COX1/OXI3 intron 1 protein	0.5646	0.977	1	3	3	3	1	1	1	1	1	1	1	1	1	1.812834E7	1.5600585E7	1.963541E7	1.812834E7	1.5600585E7	1.963541E7	
sp|P03965|CARB_YEAST	P03965	CARB_YEAST	CPA2	1118	Saccharomyces cerevisiae (strain ATCC 204508 / S288c)	1:Experimental evidence at protein level	Carbamoyl-phosphate synthase arginine-specific large chain	1.0	0.999	17	44	44	55	16	16	12	16	16	12	20	19	16	1.63601408E8	1.60891424E8	9.2190256E7	3.8288548E7	3.9652124E7	4.1084132E7	
sp|P04046|PUR1_YEAST	P04046	PUR1_YEAST	ADE4	510	Saccharomyces cerevisiae (strain ATCC 204508 / S288c)	1:Experimental evidence at protein level	Amidophosphoribosyltransferase	1.0	0.999	14	46	46	46	16	15	15	16	15	15	16	15	15	1.91944528E8	1.50798608E8	1.75161696E8	2.7778798E7	2.2797004E7	2.2772662E7	
sp|P04050|RPB1_YEAST	P04050	RPB1_YEAST	RPO21	1733	Saccharomyces cerevisiae (strain ATCC 204508 / S288c)	1:Experimental evidence at protein level	DNA-directed RNA polymerase II subunit RPB1	1.0	0.999	24	67	64	67	23	23	21	22	22	20	23	23	21	1.6936648E8	1.79126432E8	1.67976624E8	2.2058316E7	1.9344114E7	2.1788892E7	
sp|P04076|ARLY_YEAST	P04076	ARLY_YEAST	ARG4	463	Saccharomyces cerevisiae (strain ATCC 204508 / S288c)	1:Experimental evidence at protein level	Argininosuccinate lyase	1.0	0.999	12	31	31	31	11	9	11	11	9	11	11	9	11	1.141168E8	1.00412536E8	7.5893264E7	3.1966348E7	2.7653554E7	2.9332258E7	
sp|P04147|PABP_YEAST	P04147	PABP_YEAST	PAB1	577	Saccharomyces cerevisiae (strain ATCC 204508 / S288c)	1:Experimental evidence at protein level	Polyadenylate-binding protein, cytoplasmic and nuclear	1.0	0.999	21	147	147	147	46	49	52	46	49	52	46	49	52	7.305959E8	6.6137114E8	6.9222995E8	8.233216E7	7.408616E7	7.6476976E7	
sp|P04161|PUR3_YEAST	P04161	PUR3_YEAST	ADE8	214	Saccharomyces cerevisiae (strain ATCC 204508 / S288c)	1:Experimental evidence at protein level	Phosphoribosylglycinamide formyltransferase	1.0	0.9989	3	8	8	8	3	2	3	3	2	3	3	2	3	1.819946E7	1.8762228E7	1.7309616E7	1.0636585E7	9289524.0	8994420.0	
sp|P04449|RL24A_YEAST	P04449	RL24A_YEAST	RPL24A	155	Saccharomyces cerevisiae (strain ATCC 204508 / S288c)	1:Experimental evidence at protein level	60S ribosomal protein L24-A	0.9993	0.999	7	13	13	112	4	4	5	4	4	5	38	35	39	1.07352568E8	8.658732E7	7.8444528E7	1.07352568E8	8.658732E7	7.8444528E7	
sp|P04456|RL25_YEAST	P04456	RL25_YEAST	RPL25	142	Saccharomyces cerevisiae (strain ATCC 204508 / S288c)	1:Experimental evidence at protein level	60S ribosomal protein L25	1.0	0.999	5	125	125	125	41	40	44	41	40	44	41	40	44	1.36112986E9	1.53334003E9	1.44905267E9	5.1038544E8	5.8158483E8	5.4907642E8	
sp|P04650|RL39_YEAST	P04650	RL39_YEAST	RPL39	51	Saccharomyces cerevisiae (strain ATCC 204508 / S288c)	1:Experimental evidence at protein level	60S ribosomal protein L39	1.0	0.999	2	48	48	48	16	16	16	16	16	16	16	16	16	3.6778592E8	2.84902432E8	2.87175744E8	2.23800784E8	1.98355504E8	1.9802704E8	
sp|P04801|SYTC_YEAST	P04801	SYTC_YEAST	THS1	734	Saccharomyces cerevisiae (strain ATCC 204508 / S288c)	1:Experimental evidence at protein level	Threonine--tRNA ligase, cytoplasmic	1.0	0.999	24	147	147	147	49	50	48	49	50	48	49	50	48	4.89994144E8	5.0901376E8	5.13051936E8	4.0781428E7	4.1564816E7	4.1745096E7	
sp|P04802|SYDC_YEAST	P04802	SYDC_YEAST	DPS1	557	Saccharomyces cerevisiae (strain ATCC 204508 / S288c)	1:Experimental evidence at protein level	Aspartate--tRNA ligase, cytoplasmic	1.0	0.999	26	193	193	193	63	67	63	63	67	63	63	67	63	9.443337E8	8.6462266E8	8.5761216E8	1.30099752E8	1.24168512E8	1.24077872E8	
sp|P04806|HXKA_YEAST	P04806	HXKA_YEAST	HXK1	485	Saccharomyces cerevisiae (strain ATCC 204508 / S288c)	1:Experimental evidence at protein level	Hexokinase-1	1.0	0.999	19	224	224	276	76	75	73	76	75	73	94	90	92	1.83309133E9	2.1038583E9	2.19920486E9	3.07745184E8	4.07658752E8	3.99286336E8	
sp|P04807|HXKB_YEAST	P04807	HXKB_YEAST	HXK2	486	Saccharomyces cerevisiae (strain ATCC 204508 / S288c)	1:Experimental evidence at protein level	Hexokinase-2	1.0	0.999	23	318	266	318	101	104	113	83	89	94	101	104	113	2.50223053E9	2.88685261E9	2.89880909E9	3.77931744E8	5.06896672E8	4.83801632E8	
sp|P04819|DNLI1_YEAST	P04819	DNLI1_YEAST	CDC9	755	Saccharomyces cerevisiae (strain ATCC 204508 / S288c)	1:Experimental evidence at protein level	DNA ligase 1	0.9681	0.999	1	4	4	4	2	1	1	2	1	1	2	1	1	1840451.2	2548479.0	2539182.8	1840451.2	2548479.0	2539182.8	
sp|P04840|VDAC1_YEAST	P04840	VDAC1_YEAST	POR1	283	Saccharomyces cerevisiae (strain ATCC 204508 / S288c)	1:Experimental evidence at protein level	Mitochondrial outer membrane protein porin 1	1.0	0.999	12	191	191	191	62	60	69	62	60	69	62	60	69	1.5109865E9	1.42082534E9	1.55244134E9	2.15484032E8	2.17559312E8	2.4617448E8	
sp|P04911|H2A1_YEAST	P04911	H2A1_YEAST	HTA1	132	Saccharomyces cerevisiae (strain ATCC 204508 / S288c)	1:Experimental evidence at protein level	Histone H2A.1	1.0	0.999	4	81	0	81	26	29	26	0	0	0	26	29	26	5.07102784E8	5.9567974E8	5.8957946E8	2.03231312E8	2.11002336E8	2.15711984E8	sp|P04912|H2A2_YEAST
sp|P05030|PMA1_YEAST	P05030	PMA1_YEAST	PMA1	918	Saccharomyces cerevisiae (strain ATCC 204508 / S288c)	1:Experimental evidence at protein level	Plasma membrane ATPase 1	1.0	0.999	25	356	151	356	113	120	123	47	50	54	113	120	123	3.54552192E9	3.3801344E9	3.45892813E9	3.91194624E8	4.3055008E8	4.34609952E8	
sp|P05317|RLA0_YEAST	P05317	RLA0_YEAST	RPP0	312	Saccharomyces cerevisiae (strain ATCC 204508 / S288c)	1:Experimental evidence at protein level	60S acidic ribosomal protein P0	1.0	0.999	10	141	141	141	46	45	50	46	45	50	46	45	50	1.1636343E9	1.24256909E9	1.25207757E9	2.80433696E8	2.84458752E8	2.82147776E8	
sp|P05318|RLA1_YEAST	P05318	RLA1_YEAST	RPP1A	106	Saccharomyces cerevisiae (strain ATCC 204508 / S288c)	1:Experimental evidence at protein level	60S acidic ribosomal protein P1-alpha	1.0	0.999	2	24	24	24	7	9	8	7	9	8	7	9	8	2.06101264E8	2.87660928E8	2.29534848E8	1.87495008E8	2.57201552E8	2.04291984E8	
sp|P05319|RLA2_YEAST	P05319	RLA2_YEAST	RPP2A	106	Saccharomyces cerevisiae (strain ATCC 204508 / S288c)	1:Experimental evidence at protein level	60S acidic ribosomal protein P2-alpha	1.0	0.999	4	55	55	55	18	19	18	18	19	18	18	19	18	7.3849574E8	6.6966394E8	7.9855046E8	2.99883296E8	3.43023104E8	3.6807888E8	
sp|P05373|HEM2_YEAST	P05373	HEM2_YEAST	HEM2	342	Saccharomyces cerevisiae (strain ATCC 204508 / S288c)	1:Experimental evidence at protein level	Delta-aminolevulinic acid dehydratase	1.0	0.999	6	22	22	22	8	7	7	8	7	7	8	7	7	3.7649756E7	3.3814704E7	3.6044388E7	1.0644924E7	1.0623036E7	1.1383275E7	
sp|P05374|CHO2_YEAST	P05374	CHO2_YEAST	CHO2	869	Saccharomyces cerevisiae (strain ATCC 204508 / S288c)	1:Experimental evidence at protein level	Phosphatidylethanolamine N-methyltransferase	1.0	0.9988	6	11	10	12	6	3	2	5	3	2	6	3	3	1.8805644E7	1.769864E7	1.8940552E7	4800890.5	6003360.5	6523124.5	
sp|P05375|PLMT_YEAST	P05375	PLMT_YEAST	OPI3	206	Saccharomyces cerevisiae (strain ATCC 204508 / S288c)	1:Experimental evidence at protein level	Phosphatidyl-N-methylethanolamine N-methyltransferase	0.9653	0.9989	1	2	2	2	0	1	1	0	1	1	0	1	1	0.0	4485506.0	2880181.0	0.0	4485506.0	2880181.0	
sp|P05453|ERF3_YEAST	P05453	ERF3_YEAST	SUP35	685	Saccharomyces cerevisiae (strain ATCC 204508 / S288c)	1:Experimental evidence at protein level	Eukaryotic peptide chain release factor GTP-binding subunit	1.0	0.999	15	40	40	40	14	14	12	14	14	12	14	14	12	1.45154496E8	1.4940088E8	1.89662224E8	2.795008E7	2.6637374E7	2.948549E7	
sp|P05694|METE_YEAST	P05694	METE_YEAST	MET6	767	Saccharomyces cerevisiae (strain ATCC 204508 / S288c)	1:Experimental evidence at protein level	5-methyltetrahydropteroyltriglutamate--homocysteine methyltransferase	1.0	0.999	33	230	230	230	76	81	73	76	81	73	76	81	73	9.8189062E8	9.7355366E8	9.5628109E8	9.469712E7	8.8504664E7	9.0060832E7	
sp|P05737|RL7A_YEAST	P05737	RL7A_YEAST	RPL7A	244	Saccharomyces cerevisiae (strain ATCC 204508 / S288c)	1:Experimental evidence at protein level	60S ribosomal protein L7-A	1.0	0.999	11	166	22	166	53	54	59	8	7	7	53	54	59	1.86666522E9	1.73040627E9	1.6855561E9	3.64035264E8	3.68343232E8	3.86138176E8	
sp|P05738|RL9A_YEAST	P05738	RL9A_YEAST	RPL9A	191	Saccharomyces cerevisiae (strain ATCC 204508 / S288c)	1:Experimental evidence at protein level	60S ribosomal protein L9-A	1.0	0.999	7	98	5	98	31	32	35	2	1	2	31	32	35	7.1300365E8	7.9387552E8	7.456361E8	2.55572592E8	2.91927328E8	2.9106176E8	
sp|P05739|RL6B_YEAST	P05739	RL6B_YEAST	RPL6B	176	Saccharomyces cerevisiae (strain ATCC 204508 / S288c)	1:Experimental evidence at protein level	60S ribosomal protein L6-B	1.0	0.999	9	82	82	157	27	29	26	27	29	26	50	51	56	3.5594416E8	3.2394448E8	3.34670208E8	8.9118568E7	7.61664E7	8.14486E7	
sp|P05740|RL17A_YEAST	P05740	RL17A_YEAST	RPL17A	184	Saccharomyces cerevisiae (strain ATCC 204508 / S288c)	1:Experimental evidence at protein level	60S ribosomal protein L17-A	1.0	0.999	7	110	23	110	34	34	42	7	8	8	34	34	42	1.20161421E9	9.9498771E8	1.02770234E9	3.2367264E8	2.88691616E8	2.8873168E8	
sp|P05743|RL26A_YEAST	P05743	RL26A_YEAST	RPL26A	127	Saccharomyces cerevisiae (strain ATCC 204508 / S288c)	1:Experimental evidence at protein level	60S ribosomal protein L26-A	1.0	0.999	9	123	5	123	41	41	41	1	3	1	41	41	41	1.11548467E9	9.135175E8	9.6526701E8	3.31767904E8	2.9614224E8	3.03431552E8	
sp|P05744|RL33A_YEAST	P05744	RL33A_YEAST	RPL33A	107	Saccharomyces cerevisiae (strain ATCC 204508 / S288c)	1:Experimental evidence at protein level	60S ribosomal protein L33-A	1.0	0.999	3	29	0	29	10	8	11	0	0	0	10	8	11	3.87010848E8	3.2466128E8	3.52739616E8	3.00009696E8	3.4191264E8	3.60340096E8	sp|P41056|RL33B_YEAST
sp|P05745|RL36A_YEAST	P05745	RL36A_YEAST	RPL36A	100	Saccharomyces cerevisiae (strain ATCC 204508 / S288c)	1:Experimental evidence at protein level	60S ribosomal protein L36-A	0.9939	0.9989	4	8	8	68	2	3	3	2	3	3	21	21	26	5.0166412E7	4.2960976E7	4.5879004E7	5.0166412E7	4.2960976E7	4.5879004E7	
sp|P05747|RL29_YEAST	P05747	RL29_YEAST	RPL29	59	Saccharomyces cerevisiae (strain ATCC 204508 / S288c)	1:Experimental evidence at protein level	60S ribosomal protein L29	1.0	0.999	2	17	17	17	7	7	3	7	7	3	7	7	3	2.6015192E8	9.9450664E7	6.527578E7	2.13534832E8	6.687498E7	3.0835566E7	
sp|P05748|RL15A_YEAST	P05748	RL15A_YEAST	RPL15A	204	Saccharomyces cerevisiae (strain ATCC 204508 / S288c)	1:Experimental evidence at protein level	60S ribosomal protein L15-A	1.0	0.999	8	130	61	130	39	42	49	18	19	24	39	42	49	1.38567603E9	1.3253527E9	1.3657184E9	2.66116384E8	2.73412352E8	2.94381184E8	
sp|P05749|RL22A_YEAST	P05749	RL22A_YEAST	RPL22A	121	Saccharomyces cerevisiae (strain ATCC 204508 / S288c)	1:Experimental evidence at protein level	60S ribosomal protein L22-A	1.0	0.999	2	30	17	30	11	9	10	5	6	6	11	9	10	1.3901216E8	1.20519336E8	1.30915216E8	7.8773088E7	8.2705752E7	8.8817664E7	
sp|P05750|RS3_YEAST	P05750	RS3_YEAST	RPS3	240	Saccharomyces cerevisiae (strain ATCC 204508 / S288c)	1:Experimental evidence at protein level	40S ribosomal protein S3	1.0	0.999	15	243	243	243	77	83	83	77	83	83	77	83	83	2.16059853E9	2.28705562E9	2.37696435E9	3.1351968E8	3.2140912E8	3.50403808E8	
sp|P05755|RS9B_YEAST	P05755	RS9B_YEAST	RPS9B	195	Saccharomyces cerevisiae (strain ATCC 204508 / S288c)	1:Experimental evidence at protein level	40S ribosomal protein S9-B	1.0	0.999	13	224	10	224	73	74	77	2	4	4	73	74	77	2.32187341E9	1.98879744E9	2.04254477E9	2.8858272E8	2.625416E8	2.71143968E8	
sp|P05756|RS13_YEAST	P05756	RS13_YEAST	RPS13	151	Saccharomyces cerevisiae (strain ATCC 204508 / S288c)	1:Experimental evidence at protein level	40S ribosomal protein S13	1.0	0.999	7	113	113	113	34	40	39	34	40	39	34	40	39	5.0904672E8	5.4001018E8	6.332361E8	1.30977136E8	1.4478232E8	1.60376784E8	
sp|P05759|RS31_YEAST	P05759	RS31_YEAST	RPS31	152	Saccharomyces cerevisiae (strain ATCC 204508 / S288c)	1:Experimental evidence at protein level	Ubiquitin-40S ribosomal protein S31	1.0	0.999	5	131	28	131	45	42	44	11	7	10	45	42	44	1.04261638E9	8.1150266E8	1.0294503E9	3.9810544E8	3.75401024E8	3.9460256E8	
sp|P06101|CDC37_YEAST	P06101	CDC37_YEAST	CDC37	506	Saccharomyces cerevisiae (strain ATCC 204508 / S288c)	1:Experimental evidence at protein level	Hsp90 co-chaperone Cdc37	1.0	0.999	8	23	23	23	9	7	7	9	7	7	9	7	7	8.8136656E7	5.3751344E7	6.0678728E7	1.9259514E7	1.6979122E7	1.8228914E7	
sp|P06102|NOT3_YEAST	P06102	NOT3_YEAST	NOT3	836	Saccharomyces cerevisiae (strain ATCC 204508 / S288c)	1:Experimental evidence at protein level	General negative regulator of transcription subunit 3	0.9682	0.999	1	1	1	1	1	0	0	1	0	0	1	0	0	3245013.5	2735512.2	3298895.2	3245013.5	2735512.2	3298895.2	
sp|P06103|EIF3B_YEAST	P06103	EIF3B_YEAST	PRT1	763	Saccharomyces cerevisiae (strain ATCC 204508 / S288c)	1:Experimental evidence at protein level	Eukaryotic translation initiation factor 3 subunit B	1.0	0.999	22	85	85	85	28	30	27	28	30	27	28	30	27	2.62984304E8	2.4010824E8	2.43674064E8	3.3404252E7	3.0440748E7	3.119842E7	
sp|P06105|SC160_YEAST	P06105	SC160_YEAST	SCP160	1222	Saccharomyces cerevisiae (strain ATCC 204508 / S288c)	1:Experimental evidence at protein level	Protein SCP160	1.0	0.999	47	165	165	165	53	58	54	53	58	54	53	58	54	6.4272442E8	6.0218688E8	6.4815757E8	3.8094024E7	3.435436E7	3.8503596E7	
sp|P06168|ILV5_YEAST	P06168	ILV5_YEAST	ILV5	395	Saccharomyces cerevisiae (strain ATCC 204508 / S288c)	1:Experimental evidence at protein level	Ketol-acid reductoisomerase, mitochondrial	1.0	0.999	14	186	186	186	60	63	63	60	63	63	60	63	63	8.6553888E8	8.6463194E8	1.01786758E9	1.4129328E8	1.46293328E8	1.62201552E8	
sp|P06169|PDC1_YEAST	P06169	PDC1_YEAST	PDC1	563	Saccharomyces cerevisiae (strain ATCC 204508 / S288c)	1:Experimental evidence at protein level	Pyruvate decarboxylase isozyme 1	1.0	0.999	29	1087	557	1087	364	377	346	191	195	171	364	377	346	2.10623877E10	1.9091202E10	2.09937879E10	2.80180224E9	3.11372544E9	3.18180224E9	
sp|P06182|CCHL_YEAST	P06182	CCHL_YEAST	CYC3	269	Saccharomyces cerevisiae (strain ATCC 204508 / S288c)	1:Experimental evidence at protein level	Holocytochrome-c synthase	1.0	0.999	6	13	13	13	5	4	4	5	4	4	5	4	4	2.7900472E7	2.8026048E7	2.7711464E7	1.0529986E7	1.0256301E7	9716565.0	
sp|P06197|PIS_YEAST	P06197	PIS_YEAST	PIS1	220	Saccharomyces cerevisiae (strain ATCC 204508 / S288c)	1:Experimental evidence at protein level	CDP-diacylglycerol--inositol 3-phosphatidyltransferase	1.0	0.9989	3	13	13	13	5	5	3	5	5	3	5	5	3	3.577716E7	3.3893572E7	3.4128032E7	1.7037992E7	1.6280262E7	1.6223568E7	
sp|P06208|LEU1_YEAST	P06208	LEU1_YEAST	LEU4	619	Saccharomyces cerevisiae (strain ATCC 204508 / S288c)	1:Experimental evidence at protein level	2-isopropylmalate synthase	1.0	0.999	13	50	19	50	18	16	16	7	6	6	18	16	16	1.76194528E8	1.66166272E8	1.45074128E8	3.6037568E7	3.4861056E7	3.2816688E7	
sp|P06244|KAPA_YEAST	P06244	KAPA_YEAST	TPK1	397	Saccharomyces cerevisiae (strain ATCC 204508 / S288c)	1:Experimental evidence at protein level	cAMP-dependent protein kinase type 1	0.9975	0.999	3	1	1	5	1	0	0	1	0	0	2	2	1	4135743.8	0.0	0.0	0.0	0.0	0.0	
sp|P06245|KAPB_YEAST	P06245	KAPB_YEAST	TPK2	380	Saccharomyces cerevisiae (strain ATCC 204508 / S288c)	1:Experimental evidence at protein level	cAMP-dependent protein kinase type 2	0.9946	0.999	3	11	7	11	4	4	3	3	2	2	4	4	3	1.3887896E7	1.9271034E7	1.4717466E7	6100561.0	1.0871535E7	9360915.0	
sp|P06367|RS14A_YEAST	P06367	RS14A_YEAST	RPS14A	137	Saccharomyces cerevisiae (strain ATCC 204508 / S288c)	1:Experimental evidence at protein level	40S ribosomal protein S14-A	0.996	0.9943	7	6	6	87	2	1	3	2	1	3	28	29	30	1.8859644E7	2.2115616E7	1.9620658E7	1.5203347E7	1.7073458E7	1.55939E7	
sp|P06634|DED1_YEAST	P06634	DED1_YEAST	DED1	604	Saccharomyces cerevisiae (strain ATCC 204508 / S288c)	1:Experimental evidence at protein level	ATP-dependent RNA helicase DED1	1.0	0.999	18	69	49	69	24	26	19	18	18	13	24	26	19	2.72334208E8	3.09113632E8	3.21827136E8	4.0629656E7	3.9410304E7	3.887114E7	
sp|P06700|SIR2_YEAST	P06700	SIR2_YEAST	SIR2	562	Saccharomyces cerevisiae (strain ATCC 204508 / S288c)	1:Experimental evidence at protein level	NAD-dependent histone deacetylase SIR2	0.579	0.9783	1	1	1	1	1	0	0	1	0	0	1	0	0	1106695.4	0.0	0.0	0.0	0.0	0.0	
sp|P06704|CDC31_YEAST	P06704	CDC31_YEAST	CDC31	161	Saccharomyces cerevisiae (strain ATCC 204508 / S288c)	1:Experimental evidence at protein level	Cell division control protein 31	0.9677	0.999	1	2	2	2	1	0	1	1	0	1	1	0	1	6104177.5	6020724.5	7192629.0	6104177.5	6020724.5	7192629.0	
sp|P06738|PHSG_YEAST	P06738	PHSG_YEAST	GPH1	902	Saccharomyces cerevisiae (strain ATCC 204508 / S288c)	1:Experimental evidence at protein level	Glycogen phosphorylase	1.0	0.999	26	103	103	103	34	38	31	34	38	31	34	38	31	2.40274944E8	2.66649408E8	2.56599376E8	2.6465482E7	2.9587376E7	2.761292E7	
sp|P06780|RHO1_YEAST	P06780	RHO1_YEAST	RHO1	209	Saccharomyces cerevisiae (strain ATCC 204508 / S288c)	1:Experimental evidence at protein level	GTP-binding protein RHO1	1.0	0.999	5	28	28	28	8	8	12	8	8	12	8	8	12	1.78129296E8	1.19063088E8	1.8292552E8	6.2828292E7	5.0429504E7	9.0149696E7	
sp|P06782|SNF1_YEAST	P06782	SNF1_YEAST	SNF1	633	Saccharomyces cerevisiae (strain ATCC 204508 / S288c)	1:Experimental evidence at protein level	Carbon catabolite-derepressing protein kinase	1.0	0.999	7	18	18	18	5	6	7	5	6	7	5	6	7	2.4391852E7	3.1813798E7	3.4382464E7	7053495.5	8317830.5	8531501.0	
sp|P06785|TYSY_YEAST	P06785	TYSY_YEAST	CDC21	304	Saccharomyces cerevisiae (strain ATCC 204508 / S288c)	1:Experimental evidence at protein level	Thymidylate synthase	1.0	0.999	4	13	13	13	4	4	5	4	4	5	4	4	5	2.349794E7	2.8681732E7	2.6054936E7	1.0676358E7	1.2306175E7	1.1628523E7	
sp|P06786|TOP2_YEAST	P06786	TOP2_YEAST	TOP2	1428	Saccharomyces cerevisiae (strain ATCC 204508 / S288c)	1:Experimental evidence at protein level	DNA topoisomerase 2	0.6938	0.9867	1	2	2	2	1	0	1	1	0	1	1	0	1	5213169.0	4874793.0	5668358.0	5213169.0	4874793.0	5668358.0	
sp|P06787|CALM_YEAST	P06787	CALM_YEAST	CMD1	147	Saccharomyces cerevisiae (strain ATCC 204508 / S288c)	1:Experimental evidence at protein level	Calmodulin	1.0	0.999	5	30	30	30	9	11	10	9	11	10	9	11	10	1.6418216E8	1.57266112E8	2.0658936E8	7.2322912E7	9.1279376E7	9.885828E7	
sp|P07149|FAS1_YEAST	P07149	FAS1_YEAST	FAS1	2051	Saccharomyces cerevisiae (strain ATCC 204508 / S288c)	1:Experimental evidence at protein level	Fatty acid synthase subunit beta	1.0	0.999	59	425	425	425	133	149	143	133	149	143	133	149	143	1.60472218E9	1.65752038E9	1.72458419E9	6.4832012E7	6.529594E7	6.7752496E7	
sp|P07170|KAD2_YEAST	P07170	KAD2_YEAST	ADK1	222	Saccharomyces cerevisiae (strain ATCC 204508 / S288c)	1:Experimental evidence at protein level	Adenylate kinase	1.0	0.999	14	153	153	153	50	50	53	50	50	53	50	50	53	1.04385766E9	1.0102896E9	1.02605722E9	1.60151424E8	1.58910192E8	1.56405296E8	
sp|P07172|HIS8_YEAST	P07172	HIS8_YEAST	HIS5	385	Saccharomyces cerevisiae (strain ATCC 204508 / S288c)	1:Experimental evidence at protein level	Histidinol-phosphate aminotransferase	1.0	0.999	6	19	19	19	7	7	5	7	7	5	7	7	5	6.69273E7	6.3565492E7	6.1908604E7	1.7180084E7	1.7359756E7	1.5590465E7	
sp|P07213|TOM70_YEAST	P07213	TOM70_YEAST	TOM70	617	Saccharomyces cerevisiae (strain ATCC 204508 / S288c)	1:Experimental evidence at protein level	Mitochondrial import receptor subunit TOM70	1.0	0.999	23	96	96	96	34	34	28	34	34	28	34	34	28	2.81442656E8	2.79032608E8	2.613712E8	2.4815536E7	2.5447402E7	2.4579756E7	
sp|P07244|PUR2_YEAST	P07244	PUR2_YEAST	ADE57	802	Saccharomyces cerevisiae (strain ATCC 204508 / S288c)	1:Experimental evidence at protein level	Bifunctional purine biosynthetic protein ADE5,7	1.0	0.999	23	149	149	149	48	53	48	48	53	48	48	53	48	5.4740128E8	5.8575648E8	6.5067034E8	6.2910208E7	6.8695664E7	7.7653352E7	
sp|P07245|C1TC_YEAST	P07245	C1TC_YEAST	ADE3	946	Saccharomyces cerevisiae (strain ATCC 204508 / S288c)	1:Experimental evidence at protein level	C-1-tetrahydrofolate synthase, cytoplasmic	1.0	0.999	36	287	258	287	94	97	96	84	87	87	94	97	96	1.02347514E9	1.1412407E9	1.15336448E9	7.6468776E7	8.5404216E7	8.4123632E7	
sp|P07246|ADH3_YEAST	P07246	ADH3_YEAST	ADH3	375	Saccharomyces cerevisiae (strain ATCC 204508 / S288c)	1:Experimental evidence at protein level	Alcohol dehydrogenase 3, mitochondrial	1.0	0.999	14	103	100	359	32	34	37	31	33	36	118	120	121	3.61050144E8	3.56267616E8	3.52567936E8	7.9418392E7	7.801252E7	7.61588E7	
sp|P07251|ATPA_YEAST	P07251	ATPA_YEAST	ATP1	545	Saccharomyces cerevisiae (strain ATCC 204508 / S288c)	1:Experimental evidence at protein level	ATP synthase subunit alpha, mitochondrial	1.0	0.999	14	133	133	133	42	49	42	42	49	42	42	49	42	6.3218778E8	5.9648774E8	6.3134624E8	8.9325616E7	8.3538184E7	8.5657624E7	
sp|P07256|QCR1_YEAST	P07256	QCR1_YEAST	COR1	457	Saccharomyces cerevisiae (strain ATCC 204508 / S288c)	1:Experimental evidence at protein level	Cytochrome b-c1 complex subunit 1, mitochondrial	1.0	0.999	10	28	28	28	11	10	7	11	10	7	11	10	7	7.0112248E7	8.3976136E7	6.8065072E7	1.8159166E7	1.8034206E7	1.7492568E7	
sp|P07257|QCR2_YEAST	P07257	QCR2_YEAST	QCR2	368	Saccharomyces cerevisiae (strain ATCC 204508 / S288c)	1:Experimental evidence at protein level	Cytochrome b-c1 complex subunit 2, mitochondrial	1.0	0.999	10	25	25	25	10	6	9	10	6	9	10	6	9	1.26943544E8	1.41928032E8	1.5139296E8	3.3253608E7	2.9830372E7	3.1374086E7	
sp|P07259|PYR1_YEAST	P07259	PYR1_YEAST	URA2	2214	Saccharomyces cerevisiae (strain ATCC 204508 / S288c)	1:Experimental evidence at protein level	Protein URA2	1.0	0.999	91	789	778	789	252	261	276	248	258	272	252	261	276	3.44292915E9	3.59301862E9	3.7770729E9	1.32923736E8	1.37669648E8	1.4470856E8	
sp|P07260|IF4E_YEAST	P07260	IF4E_YEAST	CDC33	213	Saccharomyces cerevisiae (strain ATCC 204508 / S288c)	1:Experimental evidence at protein level	Eukaryotic translation initiation factor 4E	1.0	0.999	8	43	43	43	13	16	14	13	16	14	13	16	14	1.4889544E8	2.011304E8	1.40808048E8	4.947582E7	6.3212312E7	5.9095928E7	
sp|P07262|DHE4_YEAST	P07262	DHE4_YEAST	GDH1	454	Saccharomyces cerevisiae (strain ATCC 204508 / S288c)	1:Experimental evidence at protein level	NADP-specific glutamate dehydrogenase 1	1.0	0.999	21	109	75	109	39	37	33	28	25	22	39	37	33	4.4754208E8	4.56169888E8	4.7581184E8	5.8690656E7	5.893402E7	5.9458704E7	
sp|P07263|SYH_YEAST	P07263	SYH_YEAST	HTS1	546	Saccharomyces cerevisiae (strain ATCC 204508 / S288c)	1:Experimental evidence at protein level	Histidine--tRNA ligase, mitochondrial	1.0	0.999	10	45	36	45	16	15	14	13	12	11	16	15	14	1.254142E8	1.1772068E8	1.09231544E8	1.805663E7	1.911157E7	2.1404102E7	
sp|P07264|LEUC_YEAST	P07264	LEUC_YEAST	LEU1	779	Saccharomyces cerevisiae (strain ATCC 204508 / S288c)	1:Experimental evidence at protein level	3-isopropylmalate dehydratase	1.0	0.999	12	25	25	25	9	9	7	9	9	7	9	9	7	4.9381324E7	4.8824868E7	6.0370388E7	9856212.0	1.1675259E7	1.1309521E7	
sp|P07267|CARP_YEAST	P07267	CARP_YEAST	PEP4	405	Saccharomyces cerevisiae (strain ATCC 204508 / S288c)	1:Experimental evidence at protein level	Saccharopepsin	1.0	0.999	10	75	75	75	25	25	25	25	25	25	25	25	25	4.36527488E8	5.7117421E8	5.6136378E8	1.32731704E8	1.82368112E8	1.88385856E8	
sp|P07273|TFS2_YEAST	P07273	TFS2_YEAST	DST1	309	Saccharomyces cerevisiae (strain ATCC 204508 / S288c)	1:Experimental evidence at protein level	Transcription elongation factor S-II	1.0	0.999	6	13	13	13	5	4	4	5	4	4	5	4	4	1.8723094E7	1.5787103E7	1.5372193E7	8021849.0	6995099.0	6665262.5	
sp|P07274|PROF_YEAST	P07274	PROF_YEAST	PFY1	126	Saccharomyces cerevisiae (strain ATCC 204508 / S288c)	1:Experimental evidence at protein level	Profilin	1.0	0.999	1	14	14	14	5	5	4	5	5	4	5	5	4	4.2919756E7	3.4447432E7	2.6559042E7	2.682567E7	2.7089076E7	2.0166984E7	
sp|P07275|PUT2_YEAST	P07275	PUT2_YEAST	PUT2	575	Saccharomyces cerevisiae (strain ATCC 204508 / S288c)	1:Experimental evidence at protein level	Delta-1-pyrroline-5-carboxylate dehydrogenase, mitochondrial	0.9319	0.9978	1	2	2	2	1	1	0	1	1	0	1	1	0	4164706.0	4951984.0	5382642.0	4164706.0	4951984.0	5382642.0	
sp|P07278|KAPR_YEAST	P07278	KAPR_YEAST	BCY1	416	Saccharomyces cerevisiae (strain ATCC 204508 / S288c)	1:Experimental evidence at protein level	cAMP-dependent protein kinase regulatory subunit	1.0	0.999	14	52	52	52	18	15	19	18	15	19	18	15	19	1.4976896E8	1.38913136E8	1.51957536E8	1.6565031E7	1.5587869E7	1.6112127E7	
sp|P07280|RS19A_YEAST	P07280	RS19A_YEAST	RPS19A	144	Saccharomyces cerevisiae (strain ATCC 204508 / S288c)	1:Experimental evidence at protein level	40S ribosomal protein S19-A	1.0	0.999	9	126	0	126	40	44	42	0	0	0	40	44	42	1.2693687E9	1.32108288E9	1.45878925E9	3.55420128E8	3.34096768E8	3.73708096E8	sp|P07281|RS19B_YEAST
sp|P07283|PMM_YEAST	P07283	PMM_YEAST	SEC53	254	Saccharomyces cerevisiae (strain ATCC 204508 / S288c)	1:Experimental evidence at protein level	Phosphomannomutase	1.0	0.999	11	97	97	97	33	32	32	33	32	32	33	32	32	2.06735568E8	1.93113104E8	2.0842176E8	4.2860628E7	4.0980904E7	4.6664824E7	
sp|P07284|SYSC_YEAST	P07284	SYSC_YEAST	SES1	462	Saccharomyces cerevisiae (strain ATCC 204508 / S288c)	1:Experimental evidence at protein level	Serine--tRNA ligase, cytoplasmic	1.0	0.999	17	97	97	97	31	34	32	31	34	32	31	34	32	4.76963168E8	5.28615648E8	4.82774656E8	8.2249664E7	8.3015824E7	8.2328872E7	
sp|P07285|TRPD_YEAST	P07285	TRPD_YEAST	TRP4	380	Saccharomyces cerevisiae (strain ATCC 204508 / S288c)	1:Experimental evidence at protein level	Anthranilate phosphoribosyltransferase	0.9581	0.9987	1	2	2	2	1	1	0	1	1	0	1	1	0	1825225.9	1889562.9	1479992.9	1825225.9	1889562.9	1479992.9	
sp|P07342|ILVB_YEAST	P07342	ILVB_YEAST	ILV2	687	Saccharomyces cerevisiae (strain ATCC 204508 / S288c)	1:Experimental evidence at protein level	Acetolactate synthase catalytic subunit, mitochondrial	1.0	0.999	9	31	31	31	10	11	10	10	11	10	10	11	10	8.3609656E7	7.6991296E7	8.2853912E7	1.860268E7	1.6996692E7	1.8151536E7	
sp|P07347|ARD1_YEAST	P07347	ARD1_YEAST	ARD1	238	Saccharomyces cerevisiae (strain ATCC 204508 / S288c)	1:Experimental evidence at protein level	N-terminal acetyltransferase A complex catalytic subunit ARD1	1.0	0.999	3	10	10	10	3	4	3	3	4	3	3	4	3	2.5525776E7	2.0971634E7	2.3104064E7	1.1594959E7	7796741.0	9519387.0	
sp|P07560|SEC4_YEAST	P07560	SEC4_YEAST	SEC4	215	Saccharomyces cerevisiae (strain ATCC 204508 / S288c)	1:Experimental evidence at protein level	Ras-related protein SEC4	1.0	0.999	8	44	32	44	13	16	15	9	12	11	13	16	15	1.750744E8	1.62772384E8	1.66853232E8	4.2290348E7	4.1933236E7	3.8970316E7	
sp|P07702|LYS2_YEAST	P07702	LYS2_YEAST	LYS2	1392	Saccharomyces cerevisiae (strain ATCC 204508 / S288c)	1:Experimental evidence at protein level	L-2-aminoadipate reductase	1.0	0.999	11	28	28	28	11	9	8	11	9	8	11	9	8	5.7969584E7	6.8137032E7	7.071884E7	1.7347986E7	1.8044472E7	1.6685257E7	
sp|P07703|RPAC1_YEAST	P07703	RPAC1_YEAST	RPC40	335	Saccharomyces cerevisiae (strain ATCC 204508 / S288c)	1:Experimental evidence at protein level	DNA-directed RNA polymerases I and III subunit RPAC1	1.0	0.999	3	10	10	10	4	3	3	4	3	3	4	3	3	2.9375554E7	2.2585212E7	2.7429168E7	1.0241812E7	8163583.0	9834640.0	
sp|P07806|SYV_YEAST	P07806	SYV_YEAST	VAS1	1104	Saccharomyces cerevisiae (strain ATCC 204508 / S288c)	1:Experimental evidence at protein level	Valine--tRNA ligase, mitochondrial	1.0	0.999	28	152	152	152	51	52	49	51	52	49	51	52	49	5.03217472E8	4.83912032E8	5.04055936E8	4.4464888E7	4.0428372E7	4.0868332E7	
sp|P07991|OAT_YEAST	P07991	OAT_YEAST	CAR2	424	Saccharomyces cerevisiae (strain ATCC 204508 / S288c)	1:Experimental evidence at protein level	Ornithine aminotransferase	1.0	0.999	3	10	10	10	4	2	4	4	2	4	4	2	4	3.830546E7	4.6439404E7	6.6054824E7	2.2639248E7	2.5152218E7	3.1883716E7	
sp|P08417|FUMH_YEAST	P08417	FUMH_YEAST	FUM1	488	Saccharomyces cerevisiae (strain ATCC 204508 / S288c)	1:Experimental evidence at protein level	Fumarate hydratase, mitochondrial	1.0	0.999	11	53	53	53	18	17	18	18	17	18	18	17	18	1.37665936E8	1.3620568E8	1.58140544E8	3.0891342E7	3.4100508E7	3.4649316E7	
sp|P08456|PSS_YEAST	P08456	PSS_YEAST	CHO1	276	Saccharomyces cerevisiae (strain ATCC 204508 / S288c)	1:Experimental evidence at protein level	CDP-diacylglycerol--serine O-phosphatidyltransferase	1.0	0.999	2	6	6	6	2	2	2	2	2	2	2	2	2	1.8076108E7	1.298209E7	2.93528E7	1.3142766E7	9331213.0	9847323.0	
sp|P08518|RPB2_YEAST	P08518	RPB2_YEAST	RPB2	1224	Saccharomyces cerevisiae (strain ATCC 204508 / S288c)	1:Experimental evidence at protein level	DNA-directed RNA polymerase II subunit RPB2	1.0	0.999	18	47	47	47	19	15	13	19	15	13	19	15	13	1.30320336E8	9.6526264E7	1.1387416E8	1.3639713E7	1.2353062E7	1.3547417E7	
sp|P08524|ERG20_YEAST	P08524	ERG20_YEAST	ERG20	352	Saccharomyces cerevisiae (strain ATCC 204508 / S288c)	1:Experimental evidence at protein level	Farnesyl pyrophosphate synthase	1.0	0.999	11	83	83	83	26	29	28	26	29	28	26	29	28	3.15704992E8	3.44637472E8	3.23061312E8	6.2954448E7	5.7387868E7	6.1958352E7	
sp|P08566|ARO1_YEAST	P08566	ARO1_YEAST	ARO1	1588	Saccharomyces cerevisiae (strain ATCC 204508 / S288c)	1:Experimental evidence at protein level	Pentafunctional AROM polypeptide	1.0	0.999	35	124	124	124	42	41	41	42	41	41	42	41	41	4.06751392E8	3.93583008E8	4.1583632E8	8.3002968E7	8.5259376E7	9.0200056E7	
sp|P08679|CISY2_YEAST	P08679	CISY2_YEAST	CIT2	460	Saccharomyces cerevisiae (strain ATCC 204508 / S288c)	1:Experimental evidence at protein level	Citrate synthase, peroxisomal	1.0	0.9988	4	13	13	13	5	4	4	5	4	4	5	4	4	1.4017085E7	1.4047272E7	1.5218723E7	4729098.0	4848642.0	5238388.0	
sp|P09032|EI2BG_YEAST	P09032	EI2BG_YEAST	GCD1	578	Saccharomyces cerevisiae (strain ATCC 204508 / S288c)	1:Experimental evidence at protein level	Translation initiation factor eIF-2B subunit gamma	1.0	0.9987	3	5	5	5	1	1	3	1	1	3	1	1	3	1.0657244E7	9521948.0	9949235.0	3929948.8	3481922.0	3638642.5	
sp|P09064|IF2B_YEAST	P09064	IF2B_YEAST	SUI3	285	Saccharomyces cerevisiae (strain ATCC 204508 / S288c)	1:Experimental evidence at protein level	Eukaryotic translation initiation factor 2 subunit beta	1.0	0.999	11	42	42	42	14	14	14	14	14	14	14	14	14	1.76638288E8	1.77669792E8	1.50796288E8	3.550832E7	3.3697288E7	3.344843E7	
sp|P09232|PRTB_YEAST	P09232	PRTB_YEAST	PRB1	635	Saccharomyces cerevisiae (strain ATCC 204508 / S288c)	1:Experimental evidence at protein level	Cerevisin	1.0	0.999	7	81	81	81	25	26	30	25	26	30	25	26	30	4.6852608E8	4.82649952E8	5.11521952E8	1.11892264E8	1.06929648E8	1.11498272E8	
sp|P09436|SYIC_YEAST	P09436	SYIC_YEAST	ILS1	1072	Saccharomyces cerevisiae (strain ATCC 204508 / S288c)	1:Experimental evidence at protein level	Isoleucine--tRNA ligase, cytoplasmic	1.0	0.999	37	246	246	246	77	88	81	77	88	81	77	88	81	6.8221939E8	7.9550413E8	8.1368685E8	4.7429492E7	5.3108496E7	5.2686776E7	
sp|P09440|C1TM_YEAST	P09440	C1TM_YEAST	MIS1	975	Saccharomyces cerevisiae (strain ATCC 204508 / S288c)	1:Experimental evidence at protein level	C-1-tetrahydrofolate synthase, mitochondrial	0.9998	0.9916	7	3	3	40	2	1	0	2	1	0	14	14	12	1.3768688E7	1.7417948E7	1.0360484E7	9368267.0	1.1781095E7	1.0360484E7	
sp|P09457|ATPO_YEAST	P09457	ATPO_YEAST	ATP5	212	Saccharomyces cerevisiae (strain ATCC 204508 / S288c)	1:Experimental evidence at protein level	ATP synthase subunit 5, mitochondrial	1.0	0.999	1	4	4	4	2	1	1	2	1	1	2	1	1	1.3888588E7	1.1415053E7	1.1308439E7	1.1665635E7	8868259.0	7956627.0	
sp|P09624|DLDH_YEAST	P09624	DLDH_YEAST	LPD1	499	Saccharomyces cerevisiae (strain ATCC 204508 / S288c)	1:Experimental evidence at protein level	Dihydrolipoyl dehydrogenase, mitochondrial	1.0	0.999	16	67	67	67	18	26	23	18	26	23	18	26	23	2.75418752E8	2.13189808E8	1.95706192E8	3.48751E7	3.2548098E7	3.0534762E7	
sp|P09733|TBA1_YEAST	P09733	TBA1_YEAST	TUB1	447	Saccharomyces cerevisiae (strain ATCC 204508 / S288c)	1:Experimental evidence at protein level	Tubulin alpha-1 chain	1.0	0.999	11	42	17	42	14	14	14	6	5	6	14	14	14	1.33002888E8	1.35126864E8	1.43028608E8	2.380097E7	2.6559754E7	2.7695192E7	
sp|P09734|TBA3_YEAST	P09734	TBA3_YEAST	TUB3	445	Saccharomyces cerevisiae (strain ATCC 204508 / S288c)	1:Experimental evidence at protein level	Tubulin alpha-3 chain	1.0	0.999	11	9	9	34	4	4	1	4	4	1	12	13	9	3.551726E7	3.316666E7	3.330616E7	1.0829212E7	1.1611257E7	1.0636467E7	
sp|P09938|RIR2_YEAST	P09938	RIR2_YEAST	RNR2	399	Saccharomyces cerevisiae (strain ATCC 204508 / S288c)	1:Experimental evidence at protein level	Ribonucleoside-diphosphate reductase small chain 1	1.0	0.999	14	139	139	139	43	49	47	43	49	47	43	49	47	6.7903789E8	7.6579213E8	7.046937E8	1.32501824E8	1.3152268E8	1.26075944E8	
sp|P09950|HEM1_YEAST	P09950	HEM1_YEAST	HEM1	548	Saccharomyces cerevisiae (strain ATCC 204508 / S288c)	1:Experimental evidence at protein level	5-aminolevulinate synthase, mitochondrial	0.9565	0.9986	1	3	3	3	1	1	1	1	1	1	1	1	1	8929392.0	8173145.0	9497490.0	8929392.0	8173145.0	9497490.0	
sp|P0C0T4|RS25B_YEAST	P0C0T4	RS25B_YEAST	RPS25B	108	Saccharomyces cerevisiae (strain ATCC 204508 / S288c)	1:Experimental evidence at protein level	40S ribosomal protein S25-B	1.0	0.999	3	53	0	53	18	18	17	0	0	0	18	18	17	4.24076352E8	4.3995472E8	3.82867904E8	2.99197632E8	2.73548896E8	2.38135648E8	sp|Q3E792|RS25A_YEAST
sp|P0C0V8|RS21A_YEAST	P0C0V8	RS21A_YEAST	RPS21A	87	Saccharomyces cerevisiae (strain ATCC 204508 / S288c)	1:Experimental evidence at protein level	40S ribosomal protein S21-A	0.9991	0.9987	7	5	5	132	2	2	1	2	2	1	43	44	45	2164592.5	4112158.5	4491811.0	2164592.5	4112158.5	4491811.0	
sp|P0C0W1|RS22A_YEAST	P0C0W1	RS22A_YEAST	RPS22A	130	Saccharomyces cerevisiae (strain ATCC 204508 / S288c)	1:Experimental evidence at protein level	40S ribosomal protein S22-A	1.0	0.999	6	101	0	101	34	31	36	0	0	0	34	31	36	7.3471725E8	6.8569254E8	6.9887878E8	2.18308224E8	1.929344E8	2.06546976E8	sp|Q3E7Y3|RS22B_YEAST
sp|P0C0W9|RL11A_YEAST	P0C0W9	RL11A_YEAST	RPL11A	174	Saccharomyces cerevisiae (strain ATCC 204508 / S288c)	1:Experimental evidence at protein level	60S ribosomal protein L11-A	1.0	0.999	4	70	0	70	26	25	19	0	0	0	26	25	19	6.1687712E8	5.6466118E8	5.8041549E8	2.7361792E8	2.5548184E8	2.76882976E8	sp|Q3E757|RL11B_YEAST
sp|P0C0X0|RS28B_YEAST	P0C0X0	RS28B_YEAST	RPS28B	67	Saccharomyces cerevisiae (strain ATCC 204508 / S288c)	1:Experimental evidence at protein level	40S ribosomal protein S28-B	1.0	0.999	4	103	0	103	33	34	36	0	0	0	33	34	36	7.6177773E8	8.6616262E8	8.5435789E8	2.49597536E8	2.62018768E8	2.7677024E8	sp|Q3E7X9|RS28A_YEAST
sp|P0C2H6|RL27A_YEAST	P0C2H6	RL27A_YEAST	RPL27A	136	Saccharomyces cerevisiae (strain ATCC 204508 / S288c)	1:Experimental evidence at protein level	60S ribosomal protein L27-A	1.0	0.999	6	136	0	136	45	46	45	0	0	0	45	46	45	1.26474598E9	1.23625638E9	1.39523546E9	3.59980416E8	3.30721248E8	3.15440352E8	sp|P0C2H7|RL27B_YEAST
sp|P0C2H8|RL31A_YEAST	P0C2H8	RL31A_YEAST	RPL31A	113	Saccharomyces cerevisiae (strain ATCC 204508 / S288c)	1:Experimental evidence at protein level	60S ribosomal protein L31-A	1.0	0.999	7	135	31	135	47	43	45	9	11	11	47	43	45	1.00776851E9	1.08367923E9	1.0767607E9	3.96834464E8	4.52618304E8	4.52482816E8	
sp|P0C2H9|RL31B_YEAST	P0C2H9	RL31B_YEAST	RPL31B	113	Saccharomyces cerevisiae (strain ATCC 204508 / S288c)	1:Experimental evidence at protein level	60S ribosomal protein L31-B	1.0	0.9987	7	14	14	118	4	5	5	4	5	5	42	37	39	5.2765428E7	5.4958776E7	4.1976264E7	2.7304906E7	2.6884142E7	2.6842092E7	
sp|P0C5R9|RNK_YEAST	P0C5R9	RNK_YEAST	YPR170W-B	85	Saccharomyces cerevisiae (strain ATCC 204508 / S288c)	3:Protein inferred from homology	V-type proton ATPase subunit f	0.507	0.9712	1	3	3	3	1	1	1	1	1	1	1	1	1	4429328.5	4316032.0	4576251.0	4429328.5	4316032.0	4576251.0	
sp|P0CH08|RL40A_YEAST	P0CH08	RL40A_YEAST	RPL40A	128	Saccharomyces cerevisiae (strain ATCC 204508 / S288c)	1:Experimental evidence at protein level	Ubiquitin-60S ribosomal protein L40	1.0	0.999	5	23	0	126	6	9	8	0	0	0	40	44	42	2.5392448E8	2.75495232E8	3.58464E8	1.87319184E8	2.0372368E8	1.81501456E8	sp|P0CH09|RL40B_YEAST
sp|P0CS90|HSP77_YEAST	P0CS90	HSP77_YEAST	SSC1	654	Saccharomyces cerevisiae (strain ATCC 204508 / S288c)	1:Experimental evidence at protein level	Import motor subunit, mitochondrial	1.0	0.999	26	270	172	270	85	90	95	58	56	58	85	90	95	1.9999913E9	2.04323098E9	2.06304973E9	2.35963472E8	2.4657264E8	2.47543712E8	
sp|P0CT04|IPB2_YEAST	P0CT04	IPB2_YEAST	PBI2	75	Saccharomyces cerevisiae (strain ATCC 204508 / S288c)	1:Experimental evidence at protein level	Protease B inhibitor 2	1.0	0.999	6	94	94	94	32	33	29	32	33	29	32	33	29	2.93522816E8	2.38039712E8	2.69564832E8	1.07388912E8	8.8065304E7	1.03514416E8	
sp|P0CX23|RL20A_YEAST	P0CX23	RL20A_YEAST	RPL20A	172	Saccharomyces cerevisiae (strain ATCC 204508 / S288c)	1:Experimental evidence at protein level	60S ribosomal protein L20-A	1.0	0.999	7	124	0	124	40	43	41	0	0	0	40	43	41	1.00988173E9	1.02255142E9	1.04155462E9	3.09111872E8	2.9889952E8	3.22646176E8	sp|P0CX24|RL20B_YEAST
sp|P0CX25|RL43A_YEAST	P0CX25	RL43A_YEAST	RPL43A	92	Saccharomyces cerevisiae (strain ATCC 204508 / S288c)	1:Experimental evidence at protein level	60S ribosomal protein L43-A	1.0	0.999	4	55	0	55	14	18	23	0	0	0	14	18	23	2.45748464E8	2.4487232E8	2.87184736E8	7.5323632E7	7.3724768E7	7.438132E7	sp|P0CX26|RL43B_YEAST
sp|P0CX27|RL44A_YEAST	P0CX27	RL44A_YEAST	RPL42A	106	Saccharomyces cerevisiae (strain ATCC 204508 / S288c)	1:Experimental evidence at protein level	60S ribosomal protein L42-A	0.9999	0.9987	2	26	0	26	8	8	10	0	0	0	8	8	10	3.1829504E8	2.85790912E8	2.5935576E8	3.26588544E8	2.58717728E8	2.44653712E8	sp|P0CX28|RL44B_YEAST
sp|P0CX29|RS23A_YEAST	P0CX29	RS23A_YEAST	RPS23A	145	Saccharomyces cerevisiae (strain ATCC 204508 / S288c)	1:Experimental evidence at protein level	40S ribosomal protein S23-A	1.0	0.999	5	33	0	33	12	10	11	0	0	0	12	10	11	1.37385136E8	1.87320416E8	1.5794656E8	6.2837816E7	8.5242392E7	7.929964E7	sp|P0CX30|RS23B_YEAST
sp|P0CX31|RS24A_YEAST	P0CX31	RS24A_YEAST	RPS24A	135	Saccharomyces cerevisiae (strain ATCC 204508 / S288c)	1:Experimental evidence at protein level	40S ribosomal protein S24-A	1.0	0.999	4	97	0	97	27	40	30	0	0	0	27	40	30	8.436439E8	7.7662867E8	8.3229498E8	3.49878656E8	3.71253568E8	4.38966784E8	sp|P0CX32|RS24B_YEAST
sp|P0CX33|RS30A_YEAST	P0CX33	RS30A_YEAST	RPS30A	63	Saccharomyces cerevisiae (strain ATCC 204508 / S288c)	1:Experimental evidence at protein level	40S ribosomal protein S30-A	0.968	0.999	1	28	0	28	7	9	12	0	0	0	7	9	12	2.15952752E8	2.0744376E8	2.06826944E8	2.15952752E8	2.0744376E8	2.06826944E8	sp|P0CX34|RS30B_YEAST
sp|P0CX35|RS4A_YEAST	P0CX35	RS4A_YEAST	RPS4A	261	Saccharomyces cerevisiae (strain ATCC 204508 / S288c)	1:Experimental evidence at protein level	40S ribosomal protein S4-A	1.0	0.999	15	254	0	254	86	80	88	0	0	0	86	80	88	2.36866253E9	2.14415642E9	2.13793626E9	3.20818752E8	2.80487104E8	2.84745632E8	sp|P0CX36|RS4B_YEAST
sp|P0CX37|RS6A_YEAST	P0CX37	RS6A_YEAST	RPS6A	236	Saccharomyces cerevisiae (strain ATCC 204508 / S288c)	1:Experimental evidence at protein level	40S ribosomal protein S6-A	1.0	0.999	8	110	0	110	36	37	37	0	0	0	36	37	37	9.6075693E8	1.07652813E9	1.03675469E9	2.97981792E8	3.0243808E8	2.96324288E8	sp|P0CX38|RS6B_YEAST
sp|P0CX39|RS8A_YEAST	P0CX39	RS8A_YEAST	RPS8A	200	Saccharomyces cerevisiae (strain ATCC 204508 / S288c)	1:Experimental evidence at protein level	40S ribosomal protein S8-A	1.0	0.999	6	75	0	75	25	21	29	0	0	0	25	21	29	5.7415507E8	6.5372941E8	6.7850982E8	2.4773288E8	2.686296E8	2.5916E8	sp|P0CX40|RS8B_YEAST
sp|P0CX41|RL23A_YEAST	P0CX41	RL23A_YEAST	RPL23A	137	Saccharomyces cerevisiae (strain ATCC 204508 / S288c)	1:Experimental evidence at protein level	60S ribosomal protein L23-A	1.0	0.999	7	102	0	102	34	31	37	0	0	0	34	31	37	5.11338912E8	6.0237357E8	5.25889952E8	1.42871296E8	1.80680256E8	1.6684616E8	sp|P0CX42|RL23B_YEAST
sp|P0CX43|RL1A_YEAST	P0CX43	RL1A_YEAST	RPL1A	217	Saccharomyces cerevisiae (strain ATCC 204508 / S288c)	1:Experimental evidence at protein level	60S ribosomal protein L1-A	1.0	0.999	5	75	0	75	24	24	27	0	0	0	24	24	27	8.9039162E8	8.3402253E8	8.3215245E8	3.10357792E8	2.80046176E8	2.67013872E8	sp|P0CX44|RL1B_YEAST
sp|P0CX45|RL2A_YEAST	P0CX45	RL2A_YEAST	RPL2A	254	Saccharomyces cerevisiae (strain ATCC 204508 / S288c)	1:Experimental evidence at protein level	60S ribosomal protein L2-A	1.0	0.999	11	145	0	145	47	48	50	0	0	0	47	48	50	1.13072525E9	9.8648794E8	1.02764262E9	3.18597856E8	2.93336224E8	3.08708992E8	sp|P0CX46|RL2B_YEAST
sp|P0CX47|RS11A_YEAST	P0CX47	RS11A_YEAST	RPS11A	156	Saccharomyces cerevisiae (strain ATCC 204508 / S288c)	1:Experimental evidence at protein level	40S ribosomal protein S11-A	1.0	0.999	9	139	0	139	46	46	47	0	0	0	46	46	47	1.79357888E9	1.45466982E9	1.50792717E9	5.18224256E8	4.23193504E8	4.36528704E8	sp|P0CX48|RS11B_YEAST
sp|P0CX49|RL18A_YEAST	P0CX49	RL18A_YEAST	RPL18A	186	Saccharomyces cerevisiae (strain ATCC 204508 / S288c)	1:Experimental evidence at protein level	60S ribosomal protein L18-A	1.0	0.999	9	178	0	178	60	60	58	0	0	0	60	60	58	1.10837811E9	1.17487974E9	1.08414093E9	2.90023328E8	3.0156976E8	2.74420832E8	sp|P0CX50|RL18B_YEAST
sp|P0CX51|RS16A_YEAST	P0CX51	RS16A_YEAST	RPS16A	143	Saccharomyces cerevisiae (strain ATCC 204508 / S288c)	1:Experimental evidence at protein level	40S ribosomal protein S16-A	1.0	0.999	9	117	0	117	39	38	40	0	0	0	39	38	40	1.06798362E9	1.05207885E9	1.102176E9	2.85310528E8	2.76880416E8	2.95378912E8	sp|P0CX52|RS16B_YEAST
sp|P0CX53|RL12A_YEAST	P0CX53	RL12A_YEAST	RPL12A	165	Saccharomyces cerevisiae (strain ATCC 204508 / S288c)	1:Experimental evidence at protein level	60S ribosomal protein L12-A	1.0	0.999	7	80	0	80	25	25	30	0	0	0	25	25	30	9.627239E8	8.1021382E8	9.1387046E8	3.29196064E8	2.74137152E8	3.16045696E8	sp|P0CX54|RL12B_YEAST
sp|P0CX55|RS18A_YEAST	P0CX55	RS18A_YEAST	RPS18A	146	Saccharomyces cerevisiae (strain ATCC 204508 / S288c)	1:Experimental evidence at protein level	40S ribosomal protein S18-A	1.0	0.999	12	233	0	233	78	77	78	0	0	0	78	77	78	1.72307264E9	1.63469939E9	1.53422042E9	3.65368544E8	3.38669568E8	3.21309696E8	sp|P0CX56|RS18B_YEAST
sp|P0CX70|YD15A_YEAST	P0CX70	YD15A_YEAST	TY1A-DR6	440	Saccharomyces cerevisiae (strain ATCC 204508 / S288c)	2:Experimental evidence at transcript level	Transposon Ty1-DR6 Gag polyprotein	0.9994	0.999	14	3	0	91	2	1	0	0	0	0	32	33	26	1.712018E7	1.6185912E7	1.3849716E7	1.1932904E7	1.1059661E7	9466605.0	sp|P0CX71|YE11A_YEAST, sp|P0CX72|YL12A_YEAST, sp|P0CX73|YP11A_YEAST
sp|P0CX80|MTCU1_YEAST	P0CX80	MTCU1_YEAST	CUP1-1	61	Saccharomyces cerevisiae (strain ATCC 204508 / S288c)	1:Experimental evidence at protein level	Copper metallothionein 1-1	0.9682	0.999	1	3	0	3	1	1	1	0	0	0	1	1	1	3869812.5	5922129.5	8961453.0	3869812.5	5922129.5	8961453.0	sp|P0CX81|MTCU2_YEAST
sp|P0CX82|RL19A_YEAST	P0CX82	RL19A_YEAST	RPL19A	189	Saccharomyces cerevisiae (strain ATCC 204508 / S288c)	1:Experimental evidence at protein level	60S ribosomal protein L19-A	1.0	0.999	6	108	0	108	38	35	35	0	0	0	38	35	35	1.40773632E9	1.35881075E9	1.40870605E9	4.40049024E8	4.04622528E8	4.29011168E8	sp|P0CX83|RL19B_YEAST
sp|P0CX84|RL35A_YEAST	P0CX84	RL35A_YEAST	RPL35A	120	Saccharomyces cerevisiae (strain ATCC 204508 / S288c)	1:Experimental evidence at protein level	60S ribosomal protein L35-A	1.0	0.999	5	46	0	46	18	14	14	0	0	0	18	14	14	9.3567258E8	8.3877491E8	8.2944838E8	3.67356224E8	3.27005184E8	3.26258784E8	sp|P0CX85|RL35B_YEAST
sp|P10080|SSBP1_YEAST	P10080	SSBP1_YEAST	SBP1	294	Saccharomyces cerevisiae (strain ATCC 204508 / S288c)	1:Experimental evidence at protein level	Single-stranded nucleic acid-binding protein	1.0	0.999	9	63	63	63	19	21	23	19	21	23	19	21	23	2.69034976E8	3.54176704E8	2.85156896E8	6.4245048E7	6.920624E7	6.9669424E7	
sp|P10081|IF4A_YEAST	P10081	IF4A_YEAST	TIF1	395	Saccharomyces cerevisiae (strain ATCC 204508 / S288c)	1:Experimental evidence at protein level	ATP-dependent RNA helicase eIF4A	1.0	0.999	16	222	222	222	71	74	77	71	74	77	71	74	77	1.49084762E9	1.63405798E9	1.85355955E9	2.0637824E8	2.34317552E8	2.59883408E8	
sp|P10507|MPPB_YEAST	P10507	MPPB_YEAST	MAS1	462	Saccharomyces cerevisiae (strain ATCC 204508 / S288c)	1:Experimental evidence at protein level	Mitochondrial-processing peptidase subunit beta	0.9966	0.999	2	2	2	2	1	1	0	1	1	0	1	1	0	5182542.5	3277781.8	3643743.8	5182542.5	3277781.8	3643743.8	
sp|P10591|HSP71_YEAST	P10591	HSP71_YEAST	SSA1	642	Saccharomyces cerevisiae (strain ATCC 204508 / S288c)	1:Experimental evidence at protein level	Heat shock protein SSA1	1.0	0.999	36	718	100	866	238	235	245	33	31	36	286	284	296	8.9166848E9	8.6518835E9	9.2960061E9	9.6804698E8	9.903511E8	1.04748851E9	
sp|P10592|HSP72_YEAST	P10592	HSP72_YEAST	SSA2	639	Saccharomyces cerevisiae (strain ATCC 204508 / S288c)	1:Experimental evidence at protein level	Heat shock protein SSA2	1.0	0.999	35	237	81	840	79	77	81	28	25	28	280	276	284	2.67751347E9	2.95338266E9	3.06888704E9	5.6524384E8	6.3918336E8	6.2736371E8	
sp|P10614|CP51_YEAST	P10614	CP51_YEAST	ERG11	530	Saccharomyces cerevisiae (strain ATCC 204508 / S288c)	1:Experimental evidence at protein level	Lanosterol 14-alpha demethylase CYP51	1.0	0.999	7	28	28	28	8	10	10	8	10	10	8	10	10	3.5881892E7	5.0068764E7	6.2685332E7	1.0153695E7	1.1576551E7	1.2637932E7	
sp|P10622|RLA3_YEAST	P10622	RLA3_YEAST	RPP1B	106	Saccharomyces cerevisiae (strain ATCC 204508 / S288c)	1:Experimental evidence at protein level	60S acidic ribosomal protein P1-beta	1.0	0.999	2	25	25	25	7	8	10	7	8	10	7	8	10	2.0660552E8	2.28154032E8	2.43158208E8	1.57114304E8	2.2334728E8	2.21460688E8	
sp|P10659|METK1_YEAST	P10659	METK1_YEAST	SAM1	382	Saccharomyces cerevisiae (strain ATCC 204508 / S288c)	1:Experimental evidence at protein level	S-adenosylmethionine synthase 1	1.0	0.999	16	138	61	138	43	47	48	18	21	22	43	47	48	1.05607277E9	8.7703872E8	1.19181235E9	2.27114912E8	2.38907888E8	2.4617488E8	
sp|P10664|RL4A_YEAST	P10664	RL4A_YEAST	RPL4A	362	Saccharomyces cerevisiae (strain ATCC 204508 / S288c)	1:Experimental evidence at protein level	60S ribosomal protein L4-A	1.0	0.999	12	151	29	151	50	48	53	10	9	10	50	48	53	1.8640448E9	1.62313613E9	1.87870195E9	4.79598592E8	4.23908768E8	4.61862048E8	
sp|P10869|AK_YEAST	P10869	AK_YEAST	HOM3	527	Saccharomyces cerevisiae (strain ATCC 204508 / S288c)	1:Experimental evidence at protein level	Aspartokinase	1.0	0.999	8	29	29	29	10	9	10	10	9	10	10	9	10	6.0079652E7	5.408602E7	6.33099E7	1.2899009E7	1.1542854E7	1.2842742E7	
sp|P10964|RPA1_YEAST	P10964	RPA1_YEAST	RPA190	1664	Saccharomyces cerevisiae (strain ATCC 204508 / S288c)	1:Experimental evidence at protein level	DNA-directed RNA polymerase I subunit RPA190	1.0	0.999	15	34	34	37	10	11	13	10	11	13	11	12	14	6.0722284E7	5.5583964E7	5.8094672E7	8567429.0	7922953.5	8678471.0	
sp|P11075|SEC7_YEAST	P11075	SEC7_YEAST	SEC7	2009	Saccharomyces cerevisiae (strain ATCC 204508 / S288c)	1:Experimental evidence at protein level	Protein transport protein SEC7	1.0	0.999	19	43	43	43	15	14	14	15	14	14	15	14	14	1.30726384E8	1.32838368E8	1.06640608E8	3.436952E7	3.6485804E7	3.3253786E7	
sp|P11076|ARF1_YEAST	P11076	ARF1_YEAST	ARF1	181	Saccharomyces cerevisiae (strain ATCC 204508 / S288c)	1:Experimental evidence at protein level	ADP-ribosylation factor 1	1.0	0.999	7	63	4	63	21	21	21	1	2	1	21	21	21	4.97510912E8	4.856024E8	5.07304736E8	1.30443088E8	1.32346128E8	1.50414272E8	
sp|P11154|PYC1_YEAST	P11154	PYC1_YEAST	PYC1	1178	Saccharomyces cerevisiae (strain ATCC 204508 / S288c)	1:Experimental evidence at protein level	Pyruvate carboxylase 1	1.0	0.999	27	170	39	170	51	58	61	8	14	17	51	58	61	5.442937E8	5.27912608E8	5.820775E8	4.2909092E7	4.1112168E7	4.4034824E7	
sp|P11353|HEM6_YEAST	P11353	HEM6_YEAST	HEM13	328	Saccharomyces cerevisiae (strain ATCC 204508 / S288c)	1:Experimental evidence at protein level	Oxygen-dependent coproporphyrinogen-III oxidase	1.0	0.999	3	12	12	12	4	4	4	4	4	4	4	4	4	1.70844E7	1.8252146E7	1.5014494E7	7064998.5	7025267.5	5423872.5	
sp|P11412|G6PD_YEAST	P11412	G6PD_YEAST	ZWF1	505	Saccharomyces cerevisiae (strain ATCC 204508 / S288c)	1:Experimental evidence at protein level	Glucose-6-phosphate 1-dehydrogenase	1.0	0.999	18	72	72	72	27	24	21	27	24	21	27	24	21	2.24620176E8	1.88919392E8	2.02418784E8	2.3569832E7	2.0202432E7	2.1584486E7	
sp|P11484|SSB1_YEAST	P11484	SSB1_YEAST	SSB1	613	Saccharomyces cerevisiae (strain ATCC 204508 / S288c)	1:Experimental evidence at protein level	Ribosome-associated molecular chaperone SSB1	1.0	0.999	26	53	53	438	17	18	18	17	18	18	147	147	144	1.04104896E8	1.13816336E8	1.35073424E8	6.2868428E7	6.8799168E7	7.6022384E7	
sp|P11491|PPB_YEAST	P11491	PPB_YEAST	PHO8	566	Saccharomyces cerevisiae (strain ATCC 204508 / S288c)	1:Experimental evidence at protein level	Repressible alkaline phosphatase	1.0	0.999	7	22	22	22	8	8	6	8	8	6	8	8	6	6.2226476E7	6.3860452E7	6.3385296E7	1.1674341E7	1.3017831E7	1.3765966E7	
sp|P11632|NHP6A_YEAST	P11632	NHP6A_YEAST	NHP6A	93	Saccharomyces cerevisiae (strain ATCC 204508 / S288c)	1:Experimental evidence at protein level	Non-histone chromosomal protein 6A	0.8712	0.9955	1	3	3	3	1	1	1	1	1	1	1	1	1	3842960.2	4593639.5	617358.5	3842960.2	4593639.5	617358.5	
sp|P11633|NHP6B_YEAST	P11633	NHP6B_YEAST	NHP6B	99	Saccharomyces cerevisiae (strain ATCC 204508 / S288c)	1:Experimental evidence at protein level	Non-histone chromosomal protein 6B	0.9993	0.999	2	8	8	8	2	3	3	2	3	3	2	3	3	4.0782936E7	3.0340294E7	2.7684938E7	3.2209974E7	2.5576828E7	2.2510092E7	
sp|P11745|RNA1_YEAST	P11745	RNA1_YEAST	RNA1	407	Saccharomyces cerevisiae (strain ATCC 204508 / S288c)	1:Experimental evidence at protein level	Ran GTPase-activating protein 1	1.0	0.999	10	33	33	33	12	13	8	12	13	8	12	13	8	7.911628E7	8.458976E7	8.808512E7	1.472848E7	1.559647E7	1.4451199E7	
sp|P11938|RAP1_YEAST	P11938	RAP1_YEAST	RAP1	827	Saccharomyces cerevisiae (strain ATCC 204508 / S288c)	1:Experimental evidence at protein level	DNA-binding protein RAP1	1.0	0.999	5	10	10	10	2	4	4	2	4	4	2	4	4	1.2569636E7	1.4237188E7	1.9474076E7	3811834.2	5611067.5	6599132.0	
sp|P12385|ERF1_YEAST	P12385	ERF1_YEAST	SUP45	437	Saccharomyces cerevisiae (strain ATCC 204508 / S288c)	1:Experimental evidence at protein level	Eukaryotic peptide chain release factor subunit 1	1.0	0.999	12	39	39	39	15	10	14	15	10	14	15	10	14	1.29795712E8	1.16115632E8	1.26862496E8	2.3546624E7	2.7838228E7	2.3536418E7	
sp|P12611|WHI2_YEAST	P12611	WHI2_YEAST	WHI2	486	Saccharomyces cerevisiae (strain ATCC 204508 / S288c)	1:Experimental evidence at protein level	Growth regulation protein	0.9633	0.9988	1	1	1	1	0	0	1	0	0	1	0	0	1	1067799.1	1737005.2	1664637.2	1067799.1	1737005.2	1664637.2	
sp|P12612|TCPA_YEAST	P12612	TCPA_YEAST	TCP1	559	Saccharomyces cerevisiae (strain ATCC 204508 / S288c)	1:Experimental evidence at protein level	T-complex protein 1 subunit alpha	1.0	0.999	9	25	25	25	7	10	8	7	10	8	7	10	8	7.871356E7	8.4439144E7	9.289824E7	1.7756688E7	1.6712321E7	1.7559458E7	
sp|P12684|HMDH2_YEAST	P12684	HMDH2_YEAST	HMG2	1045	Saccharomyces cerevisiae (strain ATCC 204508 / S288c)	1:Experimental evidence at protein level	3-hydroxy-3-methylglutaryl-coenzyme A reductase 2	1.0	0.9988	2	3	2	3	2	0	1	1	0	1	2	0	1	9729121.0	9152292.0	7368258.0	6332174.0	7092039.5	6172328.5	
sp|P12688|YPK1_YEAST	P12688	YPK1_YEAST	YPK1	680	Saccharomyces cerevisiae (strain ATCC 204508 / S288c)	1:Experimental evidence at protein level	Serine/threonine-protein kinase YPK1	1.0	0.999	10	23	17	23	9	6	8	6	4	7	9	6	8	6.4679816E7	5.0695584E7	6.6967528E7	1.2734604E7	1.1594075E7	1.320797E7	
sp|P12695|ODP2_YEAST	P12695	ODP2_YEAST	LAT1	482	Saccharomyces cerevisiae (strain ATCC 204508 / S288c)	1:Experimental evidence at protein level	Dihydrolipoyllysine-residue acetyltransferase component of pyruvate dehydrogenase complex, mitochondrial	1.0	0.999	11	65	65	65	19	22	24	19	22	24	19	22	24	1.32262416E8	1.46315344E8	1.47195648E8	1.5437869E7	1.747613E7	1.840304E7	
sp|P12709|G6PI_YEAST	P12709	G6PI_YEAST	PGI1	554	Saccharomyces cerevisiae (strain ATCC 204508 / S288c)	1:Experimental evidence at protein level	Glucose-6-phosphate isomerase	1.0	0.999	22	443	443	443	145	148	150	145	148	150	145	148	150	4.01437158E9	4.3209928E9	4.6067251E9	4.82995488E8	5.4377946E8	5.2707344E8	
sp|P12754|EI2BD_YEAST	P12754	EI2BD_YEAST	GCD2	651	Saccharomyces cerevisiae (strain ATCC 204508 / S288c)	1:Experimental evidence at protein level	Translation initiation factor eIF-2B subunit delta	0.9681	0.999	1	1	1	1	0	1	0	0	1	0	0	1	0	2251703.2	3175883.0	2169361.5	2251703.2	3175883.0	2169361.5	
sp|P12904|AAKG_YEAST	P12904	AAKG_YEAST	SNF4	322	Saccharomyces cerevisiae (strain ATCC 204508 / S288c)	1:Experimental evidence at protein level	5'-AMP-activated protein kinase subunit gamma	1.0	0.999	3	11	11	11	3	4	4	3	4	4	3	4	4	9362667.0	1.184329E7	1.1565671E7	4931656.5	7428097.5	7271770.5	
sp|P12945|NAT1_YEAST	P12945	NAT1_YEAST	NAT1	854	Saccharomyces cerevisiae (strain ATCC 204508 / S288c)	1:Experimental evidence at protein level	N-terminal acetyltransferase A complex subunit NAT1	1.0	0.999	8	26	26	26	10	10	6	10	10	6	10	10	6	4.5972088E7	5.7884408E7	4.6295728E7	1.3625252E7	1.4787606E7	1.4085949E7	
sp|P12962|CAF20_YEAST	P12962	CAF20_YEAST	CAF20	161	Saccharomyces cerevisiae (strain ATCC 204508 / S288c)	1:Experimental evidence at protein level	Cap-associated protein CAF20	1.0	0.999	2	9	9	9	3	3	3	3	3	3	3	3	3	5.516048E7	5.5755736E7	6.1497972E7	2.6318738E7	2.5123032E7	2.6018098E7	
sp|P13185|KIN1_YEAST	P13185	KIN1_YEAST	KIN1	1064	Saccharomyces cerevisiae (strain ATCC 204508 / S288c)	1:Experimental evidence at protein level	Serine/threonine protein kinase KIN1	0.6698	0.9852	1	1	1	1	1	0	0	1	0	0	1	0	0	0.0	0.0	0.0	0.0	0.0	0.0	
sp|P13188|SYQ_YEAST	P13188	SYQ_YEAST	GLN4	809	Saccharomyces cerevisiae (strain ATCC 204508 / S288c)	1:Experimental evidence at protein level	Glutamine--tRNA ligase	1.0	0.999	22	76	76	76	26	28	22	26	28	22	26	28	22	2.10596048E8	1.89563904E8	2.07403872E8	2.5379326E7	2.2742182E7	2.475534E7	
sp|P13259|PCY1_YEAST	P13259	PCY1_YEAST	PCT1	424	Saccharomyces cerevisiae (strain ATCC 204508 / S288c)	1:Experimental evidence at protein level	Choline-phosphate cytidylyltransferase	0.9527	0.9985	1	1	1	1	0	0	1	0	0	1	0	0	1	0.0	4540889.5	3030773.2	0.0	4540889.5	3030773.2	
sp|P13298|PYRE_YEAST	P13298	PYRE_YEAST	URA5	226	Saccharomyces cerevisiae (strain ATCC 204508 / S288c)	1:Experimental evidence at protein level	Orotate phosphoribosyltransferase 1	1.0	0.999	6	21	18	21	7	8	6	6	7	5	7	8	6	6.5720632E7	6.5408008E7	7.331856E7	2.0589118E7	1.931985E7	2.3196896E7	
sp|P13517|CAPZB_YEAST	P13517	CAPZB_YEAST	CAP2	287	Saccharomyces cerevisiae (strain ATCC 204508 / S288c)	1:Experimental evidence at protein level	F-actin-capping protein subunit beta	1.0	0.999	6	20	20	20	7	6	7	7	6	7	7	6	7	6.077896E7	6.4486488E7	6.0879396E7	1.729483E7	1.7826802E7	1.7301622E7	
sp|P13586|ATC1_YEAST	P13586	ATC1_YEAST	PMR1	950	Saccharomyces cerevisiae (strain ATCC 204508 / S288c)	1:Experimental evidence at protein level	Calcium-transporting ATPase 1	1.0	0.999	13	28	28	28	10	10	8	10	10	8	10	10	8	7.3706168E7	8.1528744E7	5.780454E7	1.3115513E7	1.42304E7	1.2645017E7	
sp|P13587|ATN1_YEAST	P13587	ATN1_YEAST	ENA1	1091	Saccharomyces cerevisiae (strain ATCC 204508 / S288c)	1:Experimental evidence at protein level	Sodium/potassium exporting P-type ATPase 1	1.0	0.999	9	25	3	25	7	8	10	1	1	1	7	8	10	6.7356504E7	6.711268E7	8.1373272E7	1.3746735E7	1.3812682E7	1.3060817E7	
sp|P13663|DHAS_YEAST	P13663	DHAS_YEAST	HOM2	365	Saccharomyces cerevisiae (strain ATCC 204508 / S288c)	1:Experimental evidence at protein level	Aspartate-semialdehyde dehydrogenase	1.0	0.999	12	82	82	82	28	29	25	28	29	25	28	29	25	3.81208704E8	3.63232192E8	3.27959584E8	6.112612E7	5.4174052E7	5.4872624E7	
sp|P14020|DPM1_YEAST	P14020	DPM1_YEAST	DPM1	267	Saccharomyces cerevisiae (strain ATCC 204508 / S288c)	1:Experimental evidence at protein level	Dolichol-phosphate mannosyltransferase	1.0	0.999	9	61	61	61	18	23	20	18	23	20	18	23	20	2.495384E8	2.6620192E8	2.6490872E8	5.0952892E7	4.8488316E7	4.8137088E7	
sp|P14065|GCY1_YEAST	P14065	GCY1_YEAST	GCY1	312	Saccharomyces cerevisiae (strain ATCC 204508 / S288c)	1:Experimental evidence at protein level	Glycerol 2-dehydrogenase (NADP(+))	1.0	0.999	4	5	5	11	2	2	1	2	2	1	4	4	3	1.7809804E7	1.5077785E7	1.6740239E7	7702502.5	9114226.0	9871179.0	
sp|P14120|RL30_YEAST	P14120	RL30_YEAST	RPL30	105	Saccharomyces cerevisiae (strain ATCC 204508 / S288c)	1:Experimental evidence at protein level	60S ribosomal protein L30	1.0	0.999	4	57	57	57	18	19	20	18	19	20	18	19	20	3.25190144E8	3.04730432E8	3.21815328E8	9.3085024E7	8.8832792E7	9.3919384E7	
sp|P14126|RL3_YEAST	P14126	RL3_YEAST	RPL3	387	Saccharomyces cerevisiae (strain ATCC 204508 / S288c)	1:Experimental evidence at protein level	60S ribosomal protein L3	1.0	0.999	19	344	344	344	116	111	117	116	111	117	116	111	117	2.20337869E9	2.05190566E9	2.07173888E9	2.21308768E8	2.1961624E8	2.27683648E8	
sp|P14164|ABF1_YEAST	P14164	ABF1_YEAST	ABF1	731	Saccharomyces cerevisiae (strain ATCC 204508 / S288c)	1:Experimental evidence at protein level	ARS-binding factor 1	1.0	0.999	2	8	8	8	3	3	2	3	3	2	3	3	2	9159722.0	1.1247874E7	1.4096306E7	5195901.5	6620644.5	8438069.0	
sp|P14306|CPYI_YEAST	P14306	CPYI_YEAST	TFS1	219	Saccharomyces cerevisiae (strain ATCC 204508 / S288c)	1:Experimental evidence at protein level	Carboxypeptidase Y inhibitor	1.0	0.999	3	16	16	16	6	5	5	6	5	5	6	5	5	2.498498E7	2.0082188E7	2.224542E7	9044078.0	1.0032755E7	1.1197651E7	
sp|P14540|ALF_YEAST	P14540	ALF_YEAST	FBA1	359	Saccharomyces cerevisiae (strain ATCC 204508 / S288c)	1:Experimental evidence at protein level	Fructose-bisphosphate aldolase	1.0	0.999	14	580	580	580	187	200	193	187	200	193	187	200	193	7.5341153E9	7.5139814E9	8.6073702E9	2.27946112E9	2.64776602E9	2.90909926E9	
sp|P14742|GFA1_YEAST	P14742	GFA1_YEAST	GFA1	717	Saccharomyces cerevisiae (strain ATCC 204508 / S288c)	1:Experimental evidence at protein level	Glutamine--fructose-6-phosphate aminotransferase [isomerizing]	1.0	0.999	15	65	65	65	22	23	20	22	23	20	22	23	20	1.72128416E8	1.35966864E8	1.6270344E8	2.5167184E7	2.2020632E7	2.605924E7	
sp|P14743|NMT_YEAST	P14743	NMT_YEAST	NMT1	455	Saccharomyces cerevisiae (strain ATCC 204508 / S288c)	1:Experimental evidence at protein level	Glycylpeptide N-tetradecanoyltransferase	1.0	0.999	3	5	5	5	2	2	1	2	2	1	2	2	1	1.5653924E7	2.4097646E7	1.9633092E7	1.0588519E7	1.2916925E7	1.0343059E7	
sp|P14747|PP2B2_YEAST	P14747	PP2B2_YEAST	CMP2	604	Saccharomyces cerevisiae (strain ATCC 204508 / S288c)	1:Experimental evidence at protein level	Serine/threonine-protein phosphatase 2B catalytic subunit A2	0.9665	0.9989	1	2	2	2	1	0	1	1	0	1	1	0	1	3921181.8	2836345.0	3604000.0	3921181.8	2836345.0	3604000.0	
sp|P14832|CYPH_YEAST	P14832	CYPH_YEAST	CPR1	162	Saccharomyces cerevisiae (strain ATCC 204508 / S288c)	1:Experimental evidence at protein level	Peptidyl-prolyl cis-trans isomerase	1.0	0.999	10	196	190	196	65	62	69	63	60	67	65	62	69	1.7717321E9	1.86598541E9	1.81463693E9	4.08469472E8	5.10333952E8	5.5926938E8	
sp|P14843|AROF_YEAST	P14843	AROF_YEAST	ARO3	370	Saccharomyces cerevisiae (strain ATCC 204508 / S288c)	1:Experimental evidence at protein level	Phospho-2-dehydro-3-deoxyheptonate aldolase, phenylalanine-inhibited	1.0	0.999	10	45	36	45	15	14	16	12	11	13	15	14	16	8.4391784E7	9.8271624E7	9.1666312E7	1.7712238E7	1.9556732E7	1.758647E7	
sp|P14904|AMPL_YEAST	P14904	AMPL_YEAST	APE1	514	Saccharomyces cerevisiae (strain ATCC 204508 / S288c)	1:Experimental evidence at protein level	Vacuolar aminopeptidase 1	1.0	0.999	9	26	26	26	10	7	9	10	7	9	10	7	9	6.8227128E7	5.8794352E7	7.024692E7	1.4920593E7	1.403587E7	1.432529E7	
sp|P14906|SEC63_YEAST	P14906	SEC63_YEAST	SEC63	663	Saccharomyces cerevisiae (strain ATCC 204508 / S288c)	1:Experimental evidence at protein level	Protein translocation protein SEC63	1.0	0.999	13	37	37	37	13	12	12	13	12	12	13	12	12	1.21682336E8	1.15666368E8	1.1842188E8	1.7585822E7	1.703723E7	1.8178106E7	
sp|P14907|NSP1_YEAST	P14907	NSP1_YEAST	NSP1	823	Saccharomyces cerevisiae (strain ATCC 204508 / S288c)	1:Experimental evidence at protein level	Nucleoporin NSP1	1.0	0.999	13	29	29	29	12	7	10	12	7	10	12	7	10	9.2701928E7	7.4901952E7	7.72022E7	1.0963064E7	1.1130625E7	1.184521E7	
sp|P14922|CYC8_YEAST	P14922	CYC8_YEAST	CYC8	966	Saccharomyces cerevisiae (strain ATCC 204508 / S288c)	1:Experimental evidence at protein level	General transcriptional corepressor CYC8	0.9892	0.9795	2	4	4	4	2	1	1	2	1	1	2	1	1	6177222.0	5909190.5	6945020.0	3692451.8	3509746.2	3986209.5	
sp|P15019|TAL1_YEAST	P15019	TAL1_YEAST	TAL1	335	Saccharomyces cerevisiae (strain ATCC 204508 / S288c)	1:Experimental evidence at protein level	Transaldolase	1.0	0.999	14	169	166	169	54	53	62	53	52	61	54	53	62	1.40094029E9	1.15142106E9	1.21067597E9	1.8364888E8	1.4551952E8	1.5690136E8	
sp|P15108|HSC82_YEAST	P15108	HSC82_YEAST	HSC82	705	Saccharomyces cerevisiae (strain ATCC 204508 / S288c)	1:Experimental evidence at protein level	ATP-dependent molecular chaperone HSC82	1.0	0.999	34	608	139	608	196	197	215	40	50	49	196	197	215	5.8313375E9	5.7733955E9	6.0617467E9	4.7658496E8	4.81264256E8	4.80679264E8	
sp|P15180|SYKC_YEAST	P15180	SYKC_YEAST	KRS1	591	Saccharomyces cerevisiae (strain ATCC 204508 / S288c)	1:Experimental evidence at protein level	Lysine--tRNA ligase, cytoplasmic	1.0	0.999	19	124	124	124	41	43	40	41	43	40	41	43	40	3.41453824E8	3.77776096E8	3.83414976E8	4.8105828E7	5.0417288E7	4.9141936E7	
sp|P15274|AMPD_YEAST	P15274	AMPD_YEAST	AMD1	810	Saccharomyces cerevisiae (strain ATCC 204508 / S288c)	1:Experimental evidence at protein level	AMP deaminase	1.0	0.999	9	14	14	14	7	3	4	7	3	4	7	3	4	3.3153886E7	3.7558604E7	3.3165132E7	7745919.5	1.0274659E7	8278149.0	
sp|P15303|SEC23_YEAST	P15303	SEC23_YEAST	SEC23	768	Saccharomyces cerevisiae (strain ATCC 204508 / S288c)	1:Experimental evidence at protein level	Protein transport protein SEC23	1.0	0.999	14	46	46	46	15	17	14	15	17	14	15	17	14	1.52861616E8	1.5303736E8	1.62189024E8	2.9491096E7	2.556221E7	2.8697386E7	
sp|P15424|MS116_YEAST	P15424	MS116_YEAST	MSS116	664	Saccharomyces cerevisiae (strain ATCC 204508 / S288c)	1:Experimental evidence at protein level	ATP-dependent RNA helicase MSS116, mitochondrial	0.644	0.9834	1	1	1	1	1	0	0	1	0	0	1	0	0	2228500.8	0.0	1725808.4	2228500.8	0.0	1725808.4	
sp|P15454|KGUA_YEAST	P15454	KGUA_YEAST	GUK1	187	Saccharomyces cerevisiae (strain ATCC 204508 / S288c)	1:Experimental evidence at protein level	Guanylate kinase	1.0	0.999	9	62	62	62	20	24	18	20	24	18	20	24	18	2.94654304E8	2.63327312E8	2.71858496E8	6.8747704E7	6.3210948E7	6.6754348E7	
sp|P15496|IDI1_YEAST	P15496	IDI1_YEAST	IDI1	288	Saccharomyces cerevisiae (strain ATCC 204508 / S288c)	1:Experimental evidence at protein level	Isopentenyl-diphosphate delta-isomerase	1.0	0.999	6	19	19	19	7	6	6	7	6	6	7	6	6	5.969976E7	5.7273196E7	6.4372408E7	1.4842687E7	1.382127E7	1.6014687E7	
sp|P15565|TRM1_YEAST	P15565	TRM1_YEAST	TRM1	570	Saccharomyces cerevisiae (strain ATCC 204508 / S288c)	1:Experimental evidence at protein level	tRNA (guanine(26)-N(2))-dimethyltransferase, mitochondrial	0.9996	0.997	2	5	5	5	2	2	1	2	2	1	2	2	1	6058949.0	7299290.0	3356822.0	3190285.2	3643392.0	3640385.2	
sp|P15624|SYFB_YEAST	P15624	SYFB_YEAST	FRS1	595	Saccharomyces cerevisiae (strain ATCC 204508 / S288c)	1:Experimental evidence at protein level	Phenylalanine--tRNA ligase beta subunit	1.0	0.999	18	127	127	127	42	43	42	42	43	42	42	43	42	3.6950656E8	4.47380544E8	4.47934944E8	7.1185648E7	7.627532E7	7.9117224E7	
sp|P15625|SYFA_YEAST	P15625	SYFA_YEAST	FRS2	503	Saccharomyces cerevisiae (strain ATCC 204508 / S288c)	1:Experimental evidence at protein level	Phenylalanine--tRNA ligase alpha subunit	1.0	0.999	17	82	82	82	27	28	27	27	28	27	27	28	27	2.19505584E8	2.1774136E8	2.36512352E8	2.0036354E7	2.1675682E7	2.191116E7	
sp|P15646|FBRL_YEAST	P15646	FBRL_YEAST	NOP1	327	Saccharomyces cerevisiae (strain ATCC 204508 / S288c)	1:Experimental evidence at protein level	rRNA 2'-O-methyltransferase fibrillarin	1.0	0.999	5	21	21	21	7	7	7	7	7	7	7	7	7	1.14466096E8	7.9746744E7	9.004088E7	4.3279372E7	3.024014E7	3.448778E7	
sp|P15700|KCY_YEAST	P15700	KCY_YEAST	URA6	204	Saccharomyces cerevisiae (strain ATCC 204508 / S288c)	1:Experimental evidence at protein level	Uridylate kinase	1.0	0.9989	4	12	12	12	3	4	5	3	4	5	3	4	5	2.2711032E7	2.848596E7	3.2885016E7	7519669.5	8996554.0	8856995.0	
sp|P15703|BGL2_YEAST	P15703	BGL2_YEAST	BGL2	313	Saccharomyces cerevisiae (strain ATCC 204508 / S288c)	1:Experimental evidence at protein level	Glucan 1,3-beta-glucosidase	1.0	0.999	5	26	26	26	7	9	10	7	9	10	7	9	10	1.2682544E8	1.20772368E8	1.2176552E8	5.1197392E7	4.8771332E7	4.8328524E7	
sp|P15705|STI1_YEAST	P15705	STI1_YEAST	STI1	589	Saccharomyces cerevisiae (strain ATCC 204508 / S288c)	1:Experimental evidence at protein level	Heat shock protein STI1	1.0	0.999	26	133	133	133	40	48	45	40	48	45	40	48	45	5.4859571E8	5.11704896E8	5.21302272E8	6.6134788E7	6.2790908E7	6.3618544E7	
sp|P15731|UBC4_YEAST	P15731	UBC4_YEAST	UBC4	148	Saccharomyces cerevisiae (strain ATCC 204508 / S288c)	1:Experimental evidence at protein level	Ubiquitin-conjugating enzyme E2 4	1.0	0.999	3	43	20	43	14	15	14	6	7	7	14	15	14	1.25518496E8	1.55520848E8	1.45572608E8	6.001238E7	7.2073312E7	6.8955024E7	
sp|P15790|CSK21_YEAST	P15790	CSK21_YEAST	CKA1	372	Saccharomyces cerevisiae (strain ATCC 204508 / S288c)	1:Experimental evidence at protein level	Casein kinase II subunit alpha	1.0	0.9989	4	6	6	6	4	1	1	4	1	1	4	1	1	1.2501642E7	7046927.0	5725031.0	4233211.0	4253165.5	3449115.0	
sp|P15873|PCNA_YEAST	P15873	PCNA_YEAST	POL30	258	Saccharomyces cerevisiae (strain ATCC 204508 / S288c)	1:Experimental evidence at protein level	Proliferating cell nuclear antigen	1.0	0.999	4	12	12	12	2	5	5	2	5	5	2	5	5	2.762451E7	4.0222292E7	5.2905024E7	1.7142014E7	1.4808977E7	1.9693332E7	
sp|P15891|ABP1_YEAST	P15891	ABP1_YEAST	ABP1	592	Saccharomyces cerevisiae (strain ATCC 204508 / S288c)	1:Experimental evidence at protein level	Actin-binding protein	1.0	0.999	24	165	165	165	52	58	55	52	58	55	52	58	55	6.8761146E8	8.1267558E8	8.5347187E8	6.040218E7	7.4046304E7	7.4043264E7	
sp|P15992|HSP26_YEAST	P15992	HSP26_YEAST	HSP26	214	Saccharomyces cerevisiae (strain ATCC 204508 / S288c)	1:Experimental evidence at protein level	Heat shock protein 26	1.0	0.999	11	130	130	130	41	45	44	41	45	44	41	45	44	1.19100378E9	1.2472864E9	1.44026342E9	4.13961696E8	4.33069248E8	4.2193616E8	
sp|P16120|THRC_YEAST	P16120	THRC_YEAST	THR4	514	Saccharomyces cerevisiae (strain ATCC 204508 / S288c)	1:Experimental evidence at protein level	Threonine synthase	1.0	0.999	15	108	108	108	32	37	39	32	37	39	32	37	39	4.84252192E8	4.19161696E8	4.33193504E8	7.5104744E7	7.6342104E7	8.254652E7	
sp|P16140|VATB_YEAST	P16140	VATB_YEAST	VMA2	517	Saccharomyces cerevisiae (strain ATCC 204508 / S288c)	1:Experimental evidence at protein level	V-type proton ATPase subunit B	1.0	0.999	24	204	204	204	66	66	72	66	66	72	66	66	72	1.09293619E9	1.03510707E9	1.03372941E9	1.48306784E8	1.57287856E8	1.61157936E8	
sp|P16387|ODPA_YEAST	P16387	ODPA_YEAST	PDA1	420	Saccharomyces cerevisiae (strain ATCC 204508 / S288c)	1:Experimental evidence at protein level	Pyruvate dehydrogenase E1 component subunit alpha, mitochondrial	1.0	0.999	21	127	127	127	44	44	39	44	44	39	44	44	39	4.3167664E8	4.71968992E8	4.59588224E8	5.916532E7	6.0555872E7	5.9863616E7	
sp|P16451|ODPX_YEAST	P16451	ODPX_YEAST	PDX1	410	Saccharomyces cerevisiae (strain ATCC 204508 / S288c)	1:Experimental evidence at protein level	Pyruvate dehydrogenase complex protein X component, mitochondrial	1.0	0.999	4	9	9	9	4	2	3	4	2	3	4	2	3	2.8328224E7	3.0325232E7	2.9334776E7	1.0233642E7	1.0388094E7	1.0287895E7	
sp|P16467|PDC5_YEAST	P16467	PDC5_YEAST	PDC5	563	Saccharomyces cerevisiae (strain ATCC 204508 / S288c)	1:Experimental evidence at protein level	Pyruvate decarboxylase isozyme 2	1.0	0.999	7	8	8	437	3	2	3	3	2	3	144	148	145	1401463.5	1.8928374E7	1933722.1	1401463.5	0.0	1933722.1	
sp|P16474|BIP_YEAST	P16474	BIP_YEAST	KAR2	682	Saccharomyces cerevisiae (strain ATCC 204508 / S288c)	1:Experimental evidence at protein level	Endoplasmic reticulum chaperone BiP	1.0	0.999	25	155	155	226	48	53	54	48	53	54	73	75	78	8.234457E8	9.1672198E8	8.9233306E8	1.1110216E8	1.18316624E8	1.11726456E8	
sp|P16521|EF3A_YEAST	P16521	EF3A_YEAST	YEF3	1044	Saccharomyces cerevisiae (strain ATCC 204508 / S288c)	1:Experimental evidence at protein level	Elongation factor 3A	1.0	0.999	41	566	339	566	180	181	205	106	107	126	180	181	205	4.0150295E9	3.98593101E9	4.14443981E9	3.16810336E8	3.39936256E8	3.50935744E8	
sp|P16547|OM45_YEAST	P16547	OM45_YEAST	OM45	393	Saccharomyces cerevisiae (strain ATCC 204508 / S288c)	1:Experimental evidence at protein level	Mitochondrial outer membrane protein OM45	1.0	0.999	7	19	19	19	7	6	6	7	6	6	7	6	6	5.1966752E7	3.7367972E7	4.8804196E7	9129881.0	7607325.0	8864353.0	
sp|P16550|APA1_YEAST	P16550	APA1_YEAST	APA1	321	Saccharomyces cerevisiae (strain ATCC 204508 / S288c)	1:Experimental evidence at protein level	Protein APA1	1.0	0.999	13	62	62	62	19	19	24	19	19	24	19	19	24	2.75279264E8	2.86274272E8	2.8985248E8	7.4874232E7	6.935536E7	6.5647128E7	
sp|P16603|NCPR_YEAST	P16603	NCPR_YEAST	NCP1	691	Saccharomyces cerevisiae (strain ATCC 204508 / S288c)	1:Experimental evidence at protein level	NADPH--cytochrome P450 reductase	1.0	0.999	16	81	81	81	26	29	26	26	29	26	26	29	26	1.7945744E8	2.43661744E8	2.64119296E8	5.169226E7	6.4550928E7	7.074096E7	
sp|P16622|HEMH_YEAST	P16622	HEMH_YEAST	HEM15	393	Saccharomyces cerevisiae (strain ATCC 204508 / S288c)	1:Experimental evidence at protein level	Ferrochelatase, mitochondrial	1.0	0.999	4	13	13	13	4	4	5	4	4	5	4	4	5	2.2988708E7	3.557512E7	3.5908596E7	1.0071989E7	1.0807336E7	1.2214497E7	
sp|P16649|TUP1_YEAST	P16649	TUP1_YEAST	TUP1	713	Saccharomyces cerevisiae (strain ATCC 204508 / S288c)	1:Experimental evidence at protein level	General transcriptional corepressor TUP1	1.0	0.999	12	28	28	28	11	8	9	11	8	9	11	8	9	1.0218516E8	9.4147984E7	9.68486E7	1.4458031E7	1.4278569E7	1.4016742E7	
sp|P16661|ALG1_YEAST	P16661	ALG1_YEAST	ALG1	449	Saccharomyces cerevisiae (strain ATCC 204508 / S288c)	1:Experimental evidence at protein level	Chitobiosyldiphosphodolichol beta-mannosyltransferase	0.9682	0.999	1	3	3	3	1	1	1	1	1	1	1	1	1	2851255.0	4338662.0	4089259.8	2851255.0	4338662.0	4089259.8	
sp|P16861|PFKA1_YEAST	P16861	PFKA1_YEAST	PFK1	987	Saccharomyces cerevisiae (strain ATCC 204508 / S288c)	1:Experimental evidence at protein level	ATP-dependent 6-phosphofructokinase subunit alpha	1.0	0.999	41	358	342	358	115	119	124	110	114	118	115	119	124	1.92784243E9	1.88849958E9	1.91308493E9	1.07502592E8	1.1014596E8	1.14369496E8	
sp|P16862|PFKA2_YEAST	P16862	PFKA2_YEAST	PFK2	959	Saccharomyces cerevisiae (strain ATCC 204508 / S288c)	1:Experimental evidence at protein level	ATP-dependent 6-phosphofructokinase subunit beta	1.0	0.999	33	241	241	257	70	83	88	70	83	88	75	88	94	1.5853847E9	1.41639501E9	1.4130985E9	1.3876384E8	1.2276748E8	1.2586864E8	
sp|P16965|STF2_YEAST	P16965	STF2_YEAST	STF2	84	Saccharomyces cerevisiae (strain ATCC 204508 / S288c)	1:Experimental evidence at protein level	ATPase-stabilizing factor 15 kDa protein	1.0	0.999	5	27	27	27	10	9	8	10	9	8	10	9	8	1.17585768E8	1.24950704E8	1.21839944E8	3.6999928E7	4.1638632E7	4.4836856E7	
sp|P17076|RL8A_YEAST	P17076	RL8A_YEAST	RPL8A	256	Saccharomyces cerevisiae (strain ATCC 204508 / S288c)	1:Experimental evidence at protein level	60S ribosomal protein L8-A	1.0	0.999	11	14	14	145	5	5	4	5	5	4	48	47	50	2.3595812E7	2.9378776E7	1.904314E7	1.2841401E7	1.5862355E7	1.0294685E7	
sp|P17106|CBF1_YEAST	P17106	CBF1_YEAST	CBF1	351	Saccharomyces cerevisiae (strain ATCC 204508 / S288c)	1:Experimental evidence at protein level	Centromere-binding protein 1	1.0	0.999	4	9	9	9	3	3	3	3	3	3	3	3	3	1.8908512E7	2.201677E7	2.1988524E7	9449542.0	1.1395418E7	8973816.0	
sp|P17157|PHO85_YEAST	P17157	PHO85_YEAST	PHO85	305	Saccharomyces cerevisiae (strain ATCC 204508 / S288c)	1:Experimental evidence at protein level	Cyclin-dependent protein kinase PHO85	1.0	0.9989	4	8	4	8	4	2	2	2	1	1	4	2	2	3.3229764E7	3.1794954E7	3.9324456E7	1.3132855E7	1.0657494E7	1.2901852E7	
sp|P17255|VATA_YEAST	P17255	VATA_YEAST	VMA1	1071	Saccharomyces cerevisiae (strain ATCC 204508 / S288c)	1:Experimental evidence at protein level	V-type proton ATPase catalytic subunit A	1.0	0.999	46	503	503	503	155	170	178	155	170	178	155	170	178	2.39246874E9	2.37861658E9	2.4459264E9	1.30662768E8	1.25980936E8	1.28182008E8	
sp|P17423|KHSE_YEAST	P17423	KHSE_YEAST	THR1	357	Saccharomyces cerevisiae (strain ATCC 204508 / S288c)	1:Experimental evidence at protein level	Homoserine kinase	1.0	0.999	8	25	25	25	10	8	7	10	8	7	10	8	7	1.18908216E8	9.678208E7	1.15531008E8	2.6136758E7	2.2112282E7	2.6044582E7	
sp|P17442|PHO81_YEAST	P17442	PHO81_YEAST	PHO81	1178	Saccharomyces cerevisiae (strain ATCC 204508 / S288c)	1:Experimental evidence at protein level	Phosphate system positive regulatory protein PHO81	1.0	0.999	3	5	5	5	3	1	1	3	1	1	3	1	1	9141090.0	1.061674E7	7151340.5	3524396.2	4168688.0	4519177.5	
sp|P17505|MDHM_YEAST	P17505	MDHM_YEAST	MDH1	334	Saccharomyces cerevisiae (strain ATCC 204508 / S288c)	1:Experimental evidence at protein level	Malate dehydrogenase, mitochondrial	1.0	0.999	11	47	47	47	16	16	15	16	16	15	16	16	15	2.02005232E8	2.14408192E8	1.92104448E8	3.791856E7	3.8671536E7	3.5784832E7	
sp|P17536|TPM1_YEAST	P17536	TPM1_YEAST	TPM1	199	Saccharomyces cerevisiae (strain ATCC 204508 / S288c)	1:Experimental evidence at protein level	Tropomyosin-1	1.0	0.999	10	77	77	77	22	25	30	22	25	30	22	25	30	5.04969152E8	4.99270528E8	5.01890016E8	6.73374E7	6.8197784E7	7.0684552E7	
sp|P17555|CAP_YEAST	P17555	CAP_YEAST	SRV2	526	Saccharomyces cerevisiae (strain ATCC 204508 / S288c)	1:Experimental evidence at protein level	Adenylyl cyclase-associated protein	1.0	0.999	15	61	61	61	19	22	20	19	22	20	19	22	20	1.75806784E8	2.21489888E8	2.32887072E8	4.6503492E7	5.0091556E7	4.8612252E7	
sp|P17649|GABAT_YEAST	P17649	GABAT_YEAST	UGA1	471	Saccharomyces cerevisiae (strain ATCC 204508 / S288c)	1:Experimental evidence at protein level	4-aminobutyrate aminotransferase	1.0	0.999	16	46	46	46	15	14	17	15	14	17	15	14	17	8.748944E7	8.0531424E7	1.19586768E8	1.0691823E7	1.1412833E7	1.2505392E7	
sp|P17695|GLRX2_YEAST	P17695	GLRX2_YEAST	GRX2	143	Saccharomyces cerevisiae (strain ATCC 204508 / S288c)	1:Experimental evidence at protein level	Glutaredoxin-2	1.0	0.999	6	35	35	35	10	12	13	10	12	13	10	12	13	1.0939008E8	1.0705556E8	1.16184864E8	2.549526E7	2.784185E7	3.0496076E7	
sp|P17709|HXKG_YEAST	P17709	HXKG_YEAST	GLK1	500	Saccharomyces cerevisiae (strain ATCC 204508 / S288c)	1:Experimental evidence at protein level	Glucokinase-1	1.0	0.999	16	175	175	175	51	58	66	51	58	66	51	58	66	1.00904147E9	1.05117555E9	1.09372467E9	1.2041676E8	1.2986352E8	1.32419176E8	
sp|P17883|SKI3_YEAST	P17883	SKI3_YEAST	SKI3	1432	Saccharomyces cerevisiae (strain ATCC 204508 / S288c)	1:Experimental evidence at protein level	Superkiller protein 3	0.9999	0.9989	2	5	5	5	1	2	2	1	2	2	1	2	2	1856016.8	3922536.2	4199544.0	1095227.6	2213901.8	2437867.0	
sp|P17891|CLC1_YEAST	P17891	CLC1_YEAST	CLC1	233	Saccharomyces cerevisiae (strain ATCC 204508 / S288c)	1:Experimental evidence at protein level	Clathrin light chain	1.0	0.999	7	32	32	32	9	12	11	9	12	11	9	12	11	1.14376752E8	8.6006168E7	9.2347392E7	2.9468678E7	2.1613532E7	2.60513E7	
sp|P17967|PDI_YEAST	P17967	PDI_YEAST	PDI1	522	Saccharomyces cerevisiae (strain ATCC 204508 / S288c)	1:Experimental evidence at protein level	Protein disulfide-isomerase	1.0	0.999	18	149	149	149	48	51	50	48	51	50	48	51	50	1.19546701E9	1.33157632E9	1.33445862E9	1.89158384E8	2.04078608E8	1.95321184E8	
sp|P18239|ADT2_YEAST	P18239	ADT2_YEAST	PET9	318	Saccharomyces cerevisiae (strain ATCC 204508 / S288c)	1:Experimental evidence at protein level	ADP,ATP carrier protein 2	1.0	0.999	10	73	40	73	24	26	23	13	14	13	24	26	23	3.49775264E8	5.1528048E8	5.1506208E8	8.01884E7	9.6279416E7	9.8961976E7	
sp|P18414|ERD2_YEAST	P18414	ERD2_YEAST	ERD2	219	Saccharomyces cerevisiae (strain ATCC 204508 / S288c)	1:Experimental evidence at protein level	ER lumen protein-retaining receptor	0.9097	0.997	1	3	3	3	1	1	1	1	1	1	1	1	1	3832124.8	2772934.5	4174562.2	3832124.8	2772934.5	4174562.2	
sp|P18562|UPP_YEAST	P18562	UPP_YEAST	FUR1	216	Saccharomyces cerevisiae (strain ATCC 204508 / S288c)	1:Experimental evidence at protein level	Uracil phosphoribosyltransferase	1.0	0.999	7	21	21	21	7	7	7	7	7	7	7	7	7	7.4916952E7	9.5183792E7	1.01349176E8	2.6653428E7	2.6413016E7	2.6294578E7	
sp|P18759|SEC18_YEAST	P18759	SEC18_YEAST	SEC18	758	Saccharomyces cerevisiae (strain ATCC 204508 / S288c)	1:Experimental evidence at protein level	Vesicular-fusion protein SEC18	1.0	0.999	10	25	25	25	10	6	9	10	6	9	10	6	9	6.5820852E7	6.1973688E7	6.4296012E7	1.2558275E7	1.3280751E7	1.401395E7	
sp|P18899|DDR48_YEAST	P18899	DDR48_YEAST	DDR48	430	Saccharomyces cerevisiae (strain ATCC 204508 / S288c)	1:Experimental evidence at protein level	Stress protein DDR48	1.0	0.999	7	26	26	26	9	9	8	9	9	8	9	9	8	1.1977864E8	1.26367936E8	1.277866E8	3.635644E7	4.0731896E7	4.2048628E7	
sp|P19073|CDC42_YEAST	P19073	CDC42_YEAST	CDC42	191	Saccharomyces cerevisiae (strain ATCC 204508 / S288c)	1:Experimental evidence at protein level	Cell division control protein 42	1.0	0.999	3	8	8	8	4	2	2	4	2	2	4	2	2	4.3364696E7	3.1448052E7	3.4365548E7	1.6743711E7	1.6245882E7	1.3453412E7	
sp|P19097|FAS2_YEAST	P19097	FAS2_YEAST	FAS2	1887	Saccharomyces cerevisiae (strain ATCC 204508 / S288c)	1:Experimental evidence at protein level	Fatty acid synthase subunit alpha	1.0	0.999	67	380	380	380	131	124	125	131	124	125	131	124	125	1.57132058E9	1.44932659E9	1.49523738E9	6.6733532E7	6.5434776E7	6.4405964E7	
sp|P19146|ARF2_YEAST	P19146	ARF2_YEAST	ARF2	181	Saccharomyces cerevisiae (strain ATCC 204508 / S288c)	1:Experimental evidence at protein level	ADP-ribosylation factor 2	0.9992	0.9989	7	9	9	68	3	3	3	3	3	3	23	22	23	1.5706856E7	1.975733E7	2.1689352E7	1.5706856E7	1.975733E7	2.1689352E7	
sp|P19211|IF5A2_YEAST	P19211	IF5A2_YEAST	ANB1	157	Saccharomyces cerevisiae (strain ATCC 204508 / S288c)	1:Experimental evidence at protein level	Eukaryotic translation initiation factor 5A-2	0.9944	0.999	2	3	3	7	1	1	1	1	1	1	2	3	2	3306463.5	2582391.2	4392245.0	3306463.5	2582391.2	4392245.0	
sp|P19262|ODO2_YEAST	P19262	ODO2_YEAST	KGD2	463	Saccharomyces cerevisiae (strain ATCC 204508 / S288c)	1:Experimental evidence at protein level	Dihydrolipoyllysine-residue succinyltransferase component of 2-oxoglutarate dehydrogenase complex, mitochondrial	1.0	0.999	7	20	20	20	7	7	6	7	7	6	7	7	6	4.3329916E7	5.242798E7	5.3956772E7	1.024248E7	9707061.0	9808128.0	
sp|P19358|METK2_YEAST	P19358	METK2_YEAST	SAM2	384	Saccharomyces cerevisiae (strain ATCC 204508 / S288c)	1:Experimental evidence at protein level	S-adenosylmethionine synthase 2	1.0	0.999	15	37	37	114	13	12	12	13	12	12	38	38	38	1.40268352E8	1.39555648E8	1.60692144E8	3.541538E7	3.5873164E7	4.2049456E7	
sp|P19414|ACON_YEAST	P19414	ACON_YEAST	ACO1	778	Saccharomyces cerevisiae (strain ATCC 204508 / S288c)	1:Experimental evidence at protein level	Aconitate hydratase, mitochondrial	1.0	0.999	41	607	594	607	196	204	207	192	199	203	196	204	207	3.65447731E9	3.53768576E9	3.82023014E9	3.34673888E8	3.50589024E8	3.78347872E8	
sp|P19454|CSK22_YEAST	P19454	CSK22_YEAST	CKA2	339	Saccharomyces cerevisiae (strain ATCC 204508 / S288c)	1:Experimental evidence at protein level	Casein kinase II subunit alpha'	1.0	0.999	7	15	15	15	6	4	5	6	4	5	6	4	5	3.0900988E7	3.456362E7	2.9137476E7	1.1844615E7	1.2642784E7	1.1939907E7	
sp|P19524|MYO2_YEAST	P19524	MYO2_YEAST	MYO2	1574	Saccharomyces cerevisiae (strain ATCC 204508 / S288c)	1:Experimental evidence at protein level	Myosin-2	1.0	0.999	9	18	17	18	9	6	3	8	6	3	9	6	3	2.3085876E7	2.3316856E7	2.1086978E7	4246668.5	5649808.5	5450401.0	
sp|P19812|UBR1_YEAST	P19812	UBR1_YEAST	UBR1	1950	Saccharomyces cerevisiae (strain ATCC 204508 / S288c)	1:Experimental evidence at protein level	E3 ubiquitin-protein ligase UBR1	0.9786	0.9959	1	1	1	1	1	0	0	1	0	0	1	0	0	2174769.0	1770132.6	2458602.2	2174769.0	1770132.6	2458602.2	
sp|P19881|PNPP_YEAST	P19881	PNPP_YEAST	PHO13	312	Saccharomyces cerevisiae (strain ATCC 204508 / S288c)	1:Experimental evidence at protein level	4-nitrophenylphosphatase	1.0	0.9988	3	13	13	13	4	5	4	4	5	4	4	5	4	1.8740648E7	1.5178461E7	2.0483258E7	7848476.0	6305475.5	8338335.5	
sp|P19882|HSP60_YEAST	P19882	HSP60_YEAST	HSP60	572	Saccharomyces cerevisiae (strain ATCC 204508 / S288c)	1:Experimental evidence at protein level	Heat shock protein 60, mitochondrial	1.0	0.999	27	296	296	296	96	95	105	96	95	105	96	95	105	1.83528896E9	1.68404634E9	1.78632922E9	1.37677584E8	1.2107596E8	1.29107192E8	
sp|P20049|TYR1_YEAST	P20049	TYR1_YEAST	TYR1	452	Saccharomyces cerevisiae (strain ATCC 204508 / S288c)	1:Experimental evidence at protein level	Prephenate dehydrogenase [NADP(+)]	0.9999	0.999	2	3	3	3	1	1	1	1	1	1	1	1	1	4569081.0	7201940.5	8001361.0	4820037.0	3859721.8	4078450.5	
sp|P20051|PYRC_YEAST	P20051	PYRC_YEAST	URA4	364	Saccharomyces cerevisiae (strain ATCC 204508 / S288c)	1:Experimental evidence at protein level	Dihydroorotase	1.0	0.999	7	27	27	27	10	9	8	10	9	8	10	9	8	8.1523312E7	7.766564E7	8.7614224E7	1.8291668E7	1.8176984E7	2.0226608E7	
sp|P20081|FKBP_YEAST	P20081	FKBP_YEAST	FPR1	114	Saccharomyces cerevisiae (strain ATCC 204508 / S288c)	1:Experimental evidence at protein level	FK506-binding protein 1	1.0	0.999	6	68	68	68	21	22	25	21	22	25	21	22	25	5.4520173E8	5.34813152E8	6.0682867E8	2.03360304E8	1.90712E8	2.2723992E8	
sp|P20107|ZRC1_YEAST	P20107	ZRC1_YEAST	ZRC1	442	Saccharomyces cerevisiae (strain ATCC 204508 / S288c)	1:Experimental evidence at protein level	Vacuolar zinc transporter ZRC1	1.0	0.999	2	4	4	4	2	1	1	2	1	1	2	1	1	1.1446112E7	1.138312E7	1.1664755E7	7685306.0	8512520.0	8601842.0	
sp|P20424|SRP54_YEAST	P20424	SRP54_YEAST	SRP54	541	Saccharomyces cerevisiae (strain ATCC 204508 / S288c)	1:Experimental evidence at protein level	Signal recognition particle subunit SRP54	1.0	0.999	6	17	17	17	7	4	6	7	4	6	7	4	6	2.6034396E7	2.870802E7	2.825114E7	5358617.5	6357999.5	6573697.0	
sp|P20434|RPAB1_YEAST	P20434	RPAB1_YEAST	RPB5	215	Saccharomyces cerevisiae (strain ATCC 204508 / S288c)	1:Experimental evidence at protein level	DNA-directed RNA polymerases I, II, and III subunit RPABC1	0.9999	0.9989	2	4	4	4	1	1	2	1	1	2	1	1	2	7231022.5	9684657.0	1.0078722E7	5213153.5	7021461.0	7740406.0	
sp|P20435|RPAB2_YEAST	P20435	RPAB2_YEAST	RPO26	155	Saccharomyces cerevisiae (strain ATCC 204508 / S288c)	1:Experimental evidence at protein level	DNA-directed RNA polymerases I, II, and III subunit RPABC2	0.9974	0.999	2	7	7	7	2	2	3	2	2	3	2	2	3	2.4234516E7	3.5453548E7	3.1283204E7	2.711232E7	2.7489456E7	2.518001E7	
sp|P20436|RPAB3_YEAST	P20436	RPAB3_YEAST	RPB8	146	Saccharomyces cerevisiae (strain ATCC 204508 / S288c)	1:Experimental evidence at protein level	DNA-directed RNA polymerases I, II, and III subunit RPABC3	1.0	0.999	3	7	7	7	3	2	2	3	2	2	3	2	2	3.0361914E7	2.494273E7	2.7855312E7	1.4986936E7	1.5838587E7	1.3826123E7	
sp|P20447|DBP3_YEAST	P20447	DBP3_YEAST	DBP3	523	Saccharomyces cerevisiae (strain ATCC 204508 / S288c)	1:Experimental evidence at protein level	ATP-dependent RNA helicase DBP3	1.0	0.999	5	7	7	7	2	3	2	2	3	2	2	3	2	2.843952E7	1.9663724E7	1.749766E7	6764987.5	6436427.0	7111572.5	
sp|P20449|DBP5_YEAST	P20449	DBP5_YEAST	DBP5	482	Saccharomyces cerevisiae (strain ATCC 204508 / S288c)	1:Experimental evidence at protein level	ATP-dependent RNA helicase DBP5	1.0	0.999	9	23	23	23	9	7	7	9	7	7	9	7	7	5.574654E7	6.304106E7	6.8540248E7	1.562788E7	1.5435364E7	1.6552097E7	
sp|P20459|IF2A_YEAST	P20459	IF2A_YEAST	SUI2	304	Saccharomyces cerevisiae (strain ATCC 204508 / S288c)	1:Experimental evidence at protein level	Eukaryotic translation initiation factor 2 subunit alpha	1.0	0.999	9	33	33	33	11	12	10	11	12	10	11	12	10	1.08203816E8	1.0799208E8	1.2070988E8	2.468383E7	2.2529666E7	2.591161E7	
sp|P20484|MAK11_YEAST	P20484	MAK11_YEAST	MAK11	414	Saccharomyces cerevisiae (strain ATCC 204508 / S288c)	1:Experimental evidence at protein level	Protein MAK11	0.9401	0.9981	1	2	2	2	1	0	1	1	0	1	1	0	1	2654990.5	2820699.2	3364013.0	2654990.5	2820699.2	3364013.0	
sp|P20485|KICH_YEAST	P20485	KICH_YEAST	CKI1	582	Saccharomyces cerevisiae (strain ATCC 204508 / S288c)	1:Experimental evidence at protein level	Choline kinase	1.0	0.999	3	7	7	7	3	2	2	3	2	2	3	2	2	1.3904967E7	7384468.0	9687669.0	4920086.0	4455570.5	5887200.0	
sp|P20604|PP11_YEAST	P20604	PP11_YEAST	SIT4	311	Saccharomyces cerevisiae (strain ATCC 204508 / S288c)	1:Experimental evidence at protein level	Serine/threonine-protein phosphatase PP1-1	1.0	0.999	3	6	6	6	2	2	2	2	2	2	2	2	2	1.6364069E7	2.0783422E7	2.2727212E7	9351185.0	1.127064E7	1.148139E7	
sp|P20606|SAR1_YEAST	P20606	SAR1_YEAST	SAR1	190	Saccharomyces cerevisiae (strain ATCC 204508 / S288c)	1:Experimental evidence at protein level	Small COPII coat GTPase SAR1	1.0	0.999	5	33	33	33	11	12	10	11	12	10	11	12	10	1.69265824E8	2.15875872E8	2.22966688E8	5.3710048E7	7.4067584E7	7.9306928E7	
sp|P20967|ODO1_YEAST	P20967	ODO1_YEAST	KGD1	1014	Saccharomyces cerevisiae (strain ATCC 204508 / S288c)	1:Experimental evidence at protein level	2-oxoglutarate dehydrogenase, mitochondrial	1.0	0.999	10	18	18	18	9	3	6	9	3	6	9	3	6	3.5982192E7	3.2375176E7	4.265968E7	7539912.0	8870777.0	9370942.0	
sp|P21242|PSA7_YEAST	P21242	PSA7_YEAST	PRE10	288	Saccharomyces cerevisiae (strain ATCC 204508 / S288c)	1:Experimental evidence at protein level	Probable proteasome subunit alpha type-7	1.0	0.999	8	39	39	39	12	14	13	12	14	13	12	14	13	1.29005296E8	1.24191936E8	1.09945824E8	3.8925116E7	3.5988456E7	3.2420098E7	
sp|P21243|PSA1_YEAST	P21243	PSA1_YEAST	SCL1	252	Saccharomyces cerevisiae (strain ATCC 204508 / S288c)	1:Experimental evidence at protein level	Proteasome subunit alpha type-1	1.0	0.999	11	47	47	47	13	19	15	13	19	15	13	19	15	1.96390464E8	1.79246192E8	1.91711296E8	2.9069228E7	2.7030156E7	2.8554054E7	
sp|P21264|PUR6_YEAST	P21264	PUR6_YEAST	ADE2	571	Saccharomyces cerevisiae (strain ATCC 204508 / S288c)	1:Experimental evidence at protein level	Phosphoribosylaminoimidazole carboxylase	1.0	0.999	20	94	94	94	29	34	31	29	34	31	29	34	31	2.78347072E8	2.82407232E8	3.06003808E8	2.8354934E7	2.9201742E7	3.0728414E7	
sp|P21269|CCA1_YEAST	P21269	CCA1_YEAST	CCA1	546	Saccharomyces cerevisiae (strain ATCC 204508 / S288c)	1:Experimental evidence at protein level	CCA tRNA nucleotidyltransferase, mitochondrial	0.9682	0.999	1	2	2	2	1	0	1	1	0	1	1	0	1	4170129.8	3132604.5	3612308.0	4170129.8	3132604.5	3612308.0	
sp|P21304|PWP1_YEAST	P21304	PWP1_YEAST	PWP1	576	Saccharomyces cerevisiae (strain ATCC 204508 / S288c)	1:Experimental evidence at protein level	Periodic tryptophan protein 1	1.0	0.999	3	7	7	7	3	2	2	3	2	2	3	2	2	6767944.0	9853860.0	8054825.0	4296609.0	6149964.5	4777683.0	
sp|P21306|ATP5E_YEAST	P21306	ATP5E_YEAST	ATP15	62	Saccharomyces cerevisiae (strain ATCC 204508 / S288c)	1:Experimental evidence at protein level	ATP synthase subunit epsilon, mitochondrial	0.9682	0.999	1	5	5	5	1	2	2	1	2	2	1	2	2	9577058.0	8142887.0	7786973.5	9577058.0	8142887.0	7786973.5	
sp|P21375|OSM1_YEAST	P21375	OSM1_YEAST	OSM1	501	Saccharomyces cerevisiae (strain ATCC 204508 / S288c)	1:Experimental evidence at protein level	Fumarate reductase 2	1.0	0.9989	3	3	3	3	2	0	1	2	0	1	2	0	1	1.0230745E7	9754791.0	1.2457213E7	4500772.5	4565484.0	6361766.0	
sp|P21524|RIR1_YEAST	P21524	RIR1_YEAST	RNR1	888	Saccharomyces cerevisiae (strain ATCC 204508 / S288c)	1:Experimental evidence at protein level	Ribonucleoside-diphosphate reductase large chain 1	0.9996	0.9979	2	2	1	2	2	0	0	1	0	0	2	0	0	8348216.0	3046565.2	3293154.2	2654554.2	4830766.0	5221768.0	
sp|P21538|REB1_YEAST	P21538	REB1_YEAST	REB1	810	Saccharomyces cerevisiae (strain ATCC 204508 / S288c)	1:Experimental evidence at protein level	DNA-binding protein REB1	1.0	0.999	2	5	5	5	2	2	1	2	2	1	2	2	1	9279866.0	8243986.0	9684050.0	5407869.5	4751010.0	5475592.0	
sp|P21560|CBP3_YEAST	P21560	CBP3_YEAST	CBP3	335	Saccharomyces cerevisiae (strain ATCC 204508 / S288c)	1:Experimental evidence at protein level	Protein CBP3, mitochondrial	0.8151	0.9931	1	1	1	1	1	0	0	1	0	0	1	0	0	2022359.5	1805509.4	1641761.5	2022359.5	1805509.4	1641761.5	
sp|P21576|VPS1_YEAST	P21576	VPS1_YEAST	VPS1	704	Saccharomyces cerevisiae (strain ATCC 204508 / S288c)	1:Experimental evidence at protein level	Vacuolar protein sorting-associated protein 1	1.0	0.999	25	97	97	97	31	38	28	31	38	28	31	38	28	2.89269792E8	2.8741424E8	3.36382624E8	2.6183954E7	2.756952E7	2.9822162E7	
sp|P21734|UBC1_YEAST	P21734	UBC1_YEAST	UBC1	215	Saccharomyces cerevisiae (strain ATCC 204508 / S288c)	1:Experimental evidence at protein level	Ubiquitin-conjugating enzyme E2 1	1.0	0.999	6	22	22	22	8	7	7	8	7	7	8	7	7	5.7745628E7	5.6971996E7	6.9582208E7	1.8036736E7	1.924071E7	1.9229708E7	
sp|P21825|SEC62_YEAST	P21825	SEC62_YEAST	SEC62	274	Saccharomyces cerevisiae (strain ATCC 204508 / S288c)	1:Experimental evidence at protein level	Translocation protein SEC62	1.0	0.999	3	3	3	3	3	0	0	3	0	0	3	0	0	9013622.0	5796053.0	7504807.0	5148253.0	3279633.0	4177930.8	
sp|P21827|RCC1_YEAST	P21827	RCC1_YEAST	SRM1	482	Saccharomyces cerevisiae (strain ATCC 204508 / S288c)	1:Experimental evidence at protein level	Guanine nucleotide exchange factor SRM1	1.0	0.999	4	12	12	12	5	4	3	5	4	3	5	4	3	2.4083234E7	2.2869956E7	2.5608176E7	9146225.0	9103612.0	9412308.0	
sp|P21954|IDHP_YEAST	P21954	IDHP_YEAST	IDP1	428	Saccharomyces cerevisiae (strain ATCC 204508 / S288c)	1:Experimental evidence at protein level	Isocitrate dehydrogenase [NADP], mitochondrial	1.0	0.999	17	95	74	95	31	33	31	25	24	25	31	33	31	3.561344E8	3.74974912E8	4.01272928E8	5.62328E7	5.6362344E7	5.7780616E7	
sp|P21965|MCK1_YEAST	P21965	MCK1_YEAST	MCK1	375	Saccharomyces cerevisiae (strain ATCC 204508 / S288c)	1:Experimental evidence at protein level	Protein kinase MCK1	1.0	0.999	6	20	20	20	8	5	7	8	5	7	8	5	7	4.3078852E7	3.5514712E7	3.6008352E7	1.1338013E7	9495686.0	1.0238362E7	
sp|P22133|MDHC_YEAST	P22133	MDHC_YEAST	MDH2	377	Saccharomyces cerevisiae (strain ATCC 204508 / S288c)	1:Experimental evidence at protein level	Malate dehydrogenase, cytoplasmic	0.9682	0.999	1	3	3	3	1	1	1	1	1	1	1	1	1	9069829.0	5812588.0	5321051.0	9069829.0	5812588.0	5321051.0	
sp|P22137|CLH_YEAST	P22137	CLH_YEAST	CHC1	1653	Saccharomyces cerevisiae (strain ATCC 204508 / S288c)	1:Experimental evidence at protein level	Clathrin heavy chain	1.0	0.999	49	269	269	269	91	90	88	91	90	88	91	90	88	1.11270464E9	1.02033254E9	1.13079667E9	9.4850944E7	9.1858424E7	9.8297624E7	
sp|P22138|RPA2_YEAST	P22138	RPA2_YEAST	RPA135	1203	Saccharomyces cerevisiae (strain ATCC 204508 / S288c)	1:Experimental evidence at protein level	DNA-directed RNA polymerase I subunit RPA135	1.0	0.999	7	15	15	15	6	4	5	6	4	5	6	4	5	3.096268E7	3.4807852E7	3.6154428E7	7755782.5	8558329.0	8442713.0	
sp|P22139|RPAB5_YEAST	P22139	RPAB5_YEAST	RPB10	70	Saccharomyces cerevisiae (strain ATCC 204508 / S288c)	1:Experimental evidence at protein level	DNA-directed RNA polymerases I, II, and III subunit RPABC5	0.967	0.999	1	2	2	2	1	0	1	1	0	1	1	0	1	8327747.5	6668177.5	5762681.5	8327747.5	6668177.5	5762681.5	
sp|P22141|PSB4_YEAST	P22141	PSB4_YEAST	PRE1	198	Saccharomyces cerevisiae (strain ATCC 204508 / S288c)	1:Experimental evidence at protein level	Proteasome subunit beta type-4	1.0	0.999	2	11	11	11	3	3	5	3	3	5	3	3	5	3.8342964E7	4.1677904E7	3.9659272E7	2.3999104E7	1.9166282E7	1.909651E7	
sp|P22146|GAS1_YEAST	P22146	GAS1_YEAST	GAS1	559	Saccharomyces cerevisiae (strain ATCC 204508 / S288c)	1:Experimental evidence at protein level	1,3-beta-glucanosyltransferase GAS1	1.0	0.999	6	20	20	20	6	9	5	6	9	5	6	9	5	1.30287056E8	1.28881488E8	1.21750064E8	5.0263332E7	4.988554E7	5.1529912E7	
sp|P22147|XRN1_YEAST	P22147	XRN1_YEAST	XRN1	1528	Saccharomyces cerevisiae (strain ATCC 204508 / S288c)	1:Experimental evidence at protein level	5'-3' exoribonuclease 1	1.0	0.999	30	96	96	96	33	32	31	33	32	31	33	32	31	2.8164944E8	2.94769024E8	3.1097136E8	3.7819748E7	4.3897344E7	4.465452E7	
sp|P22203|VATE_YEAST	P22203	VATE_YEAST	VMA4	233	Saccharomyces cerevisiae (strain ATCC 204508 / S288c)	1:Experimental evidence at protein level	V-type proton ATPase subunit E	1.0	0.999	11	115	115	115	36	38	41	36	38	41	36	38	41	6.5266426E8	6.7575322E8	6.9859565E8	8.679864E7	9.304576E7	9.4496744E7	
sp|P22213|SLY1_YEAST	P22213	SLY1_YEAST	SLY1	666	Saccharomyces cerevisiae (strain ATCC 204508 / S288c)	1:Experimental evidence at protein level	Protein SLY1	0.9997	0.9985	2	3	3	3	2	1	0	2	1	0	2	1	0	7488255.0	9393092.0	8963404.0	4248214.0	5318059.0	4956948.5	
sp|P22214|SEC22_YEAST	P22214	SEC22_YEAST	SEC22	214	Saccharomyces cerevisiae (strain ATCC 204508 / S288c)	1:Experimental evidence at protein level	Protein transport protein SEC22	0.944	0.9982	1	6	6	6	2	2	2	2	2	2	2	2	2	4709055.0	5335314.0	7002451.0	4709055.0	5335314.0	7002451.0	
sp|P22217|TRX1_YEAST	P22217	TRX1_YEAST	TRX1	103	Saccharomyces cerevisiae (strain ATCC 204508 / S288c)	1:Experimental evidence at protein level	Thioredoxin-1	1.0	0.999	6	32	32	70	10	12	10	10	12	10	22	24	24	3.5688768E8	3.92209216E8	4.2974096E8	1.54373664E8	1.42851088E8	1.63618704E8	
sp|P22336|RFA1_YEAST	P22336	RFA1_YEAST	RFA1	621	Saccharomyces cerevisiae (strain ATCC 204508 / S288c)	1:Experimental evidence at protein level	Replication factor A protein 1	1.0	0.999	7	18	18	18	5	7	6	5	7	6	5	7	6	4.1930004E7	4.8440968E7	4.53407E7	9925217.0	1.0922652E7	1.0759606E7	
sp|P22515|UBA1_YEAST	P22515	UBA1_YEAST	UBA1	1024	Saccharomyces cerevisiae (strain ATCC 204508 / S288c)	1:Experimental evidence at protein level	Ubiquitin-activating enzyme E1 1	1.0	0.999	31	197	197	197	63	70	64	63	70	64	63	70	64	8.9070944E8	8.2815162E8	8.01728E8	5.3185356E7	5.0663476E7	5.0691684E7	
sp|P22517|KCC2_YEAST	P22517	KCC2_YEAST	CMK2	447	Saccharomyces cerevisiae (strain ATCC 204508 / S288c)	1:Experimental evidence at protein level	Calcium/calmodulin-dependent protein kinase II	1.0	0.999	13	57	57	57	17	19	21	17	19	21	17	19	21	2.46475488E8	2.3215848E8	2.52427984E8	3.7580812E7	3.7380356E7	3.9409516E7	
sp|P22579|SIN3_YEAST	P22579	SIN3_YEAST	SIN3	1536	Saccharomyces cerevisiae (strain ATCC 204508 / S288c)	1:Experimental evidence at protein level	Transcriptional regulatory protein SIN3	0.7801	0.9915	1	3	3	3	1	1	1	1	1	1	1	1	1	686978.7	1392737.9	1418315.9	686978.7	1392737.9	1418315.9	
sp|P22696|ESS1_YEAST	P22696	ESS1_YEAST	ESS1	170	Saccharomyces cerevisiae (strain ATCC 204508 / S288c)	1:Experimental evidence at protein level	Peptidyl-prolyl cis-trans isomerase ESS1	1.0	0.999	4	8	8	8	2	3	3	2	3	3	2	3	3	2.3399044E7	3.2180908E7	2.7603204E7	1.9042556E7	2.3273778E7	2.9810682E7	
sp|P22768|ASSY_YEAST	P22768	ASSY_YEAST	ARG1	420	Saccharomyces cerevisiae (strain ATCC 204508 / S288c)	1:Experimental evidence at protein level	Argininosuccinate synthase	1.0	0.999	8	20	20	20	7	5	8	7	5	8	7	5	8	6.583548E7	4.9970868E7	5.857112E7	1.2005902E7	1.0255966E7	1.1940207E7	
sp|P22803|TRX2_YEAST	P22803	TRX2_YEAST	TRX2	104	Saccharomyces cerevisiae (strain ATCC 204508 / S288c)	1:Experimental evidence at protein level	Thioredoxin-2	1.0	0.999	6	108	70	108	35	34	39	23	22	25	35	34	39	1.50206003E9	1.56228173E9	1.56150298E9	3.23683648E8	2.9554368E8	3.1330352E8	
sp|P22804|BET1_YEAST	P22804	BET1_YEAST	BET1	142	Saccharomyces cerevisiae (strain ATCC 204508 / S288c)	1:Experimental evidence at protein level	Protein transport protein BET1	0.9682	0.999	1	2	2	2	1	0	1	1	0	1	1	0	1	5610843.0	3057795.2	6360127.5	5610843.0	3057795.2	6360127.5	
sp|P22855|MAN1_YEAST	P22855	MAN1_YEAST	AMS1	1083	Saccharomyces cerevisiae (strain ATCC 204508 / S288c)	1:Experimental evidence at protein level	Alpha-mannosidase	1.0	0.999	20	63	63	63	23	18	22	23	18	22	23	18	22	1.26867992E8	1.11189144E8	1.3376872E8	1.2563766E7	1.2427871E7	1.426027E7	
sp|P22936|APN1_YEAST	P22936	APN1_YEAST	APN1	367	Saccharomyces cerevisiae (strain ATCC 204508 / S288c)	1:Experimental evidence at protein level	Apurinic-apyrimidinic endonuclease 1	0.7465	0.9897	1	2	2	2	1	1	0	1	1	0	1	1	0	3141754.5	2305157.8	0.0	3141754.5	2305157.8	0.0	
sp|P22943|HSP12_YEAST	P22943	HSP12_YEAST	HSP12	109	Saccharomyces cerevisiae (strain ATCC 204508 / S288c)	1:Experimental evidence at protein level	12 kDa heat shock protein	1.0	0.999	6	75	75	75	23	27	25	23	27	25	23	27	25	8.5162419E8	7.4347456E8	7.1803514E8	2.74897152E8	2.79725568E8	2.32737184E8	
sp|P23180|AIM17_YEAST	P23180	AIM17_YEAST	AIM17	465	Saccharomyces cerevisiae (strain ATCC 204508 / S288c)	1:Experimental evidence at protein level	Probable oxidoreductase AIM17	1.0	0.999	9	42	42	42	13	15	14	13	15	14	13	15	14	1.01775936E8	1.16074512E8	1.12738384E8	3.0184782E7	2.9312884E7	3.5624532E7	
sp|P23248|RS3A2_YEAST	P23248	RS3A2_YEAST	RPS1B	255	Saccharomyces cerevisiae (strain ATCC 204508 / S288c)	1:Experimental evidence at protein level	40S ribosomal protein S1-B	1.0	0.999	15	212	18	212	70	66	76	7	4	7	70	66	76	1.89412365E9	1.68713958E9	1.865968E9	3.12749696E8	2.8368432E8	3.08046112E8	
sp|P23254|TKT1_YEAST	P23254	TKT1_YEAST	TKL1	680	Saccharomyces cerevisiae (strain ATCC 204508 / S288c)	1:Experimental evidence at protein level	Transketolase 1	1.0	0.999	21	217	195	217	70	69	78	63	61	71	70	69	78	1.24194227E9	1.23068813E9	1.2289705E9	1.148756E8	1.12586888E8	1.1455304E8	
sp|P23291|KC11_YEAST	P23291	KC11_YEAST	YCK1	538	Saccharomyces cerevisiae (strain ATCC 204508 / S288c)	1:Experimental evidence at protein level	Casein kinase I homolog 1	1.0	0.999	4	16	16	16	4	6	6	4	6	6	4	6	6	2.3382602E7	3.2590232E7	2.3189504E7	9004755.0	1.0783128E7	9555455.0	
sp|P23292|KC12_YEAST	P23292	KC12_YEAST	YCK2	546	Saccharomyces cerevisiae (strain ATCC 204508 / S288c)	1:Experimental evidence at protein level	Casein kinase I homolog 2	1.0	0.999	5	10	10	10	4	3	3	4	3	3	4	3	3	1.794886E7	1.9919212E7	1.985425E7	5284406.0	6257436.5	6315219.0	
sp|P23301|IF5A1_YEAST	P23301	IF5A1_YEAST	HYP2	157	Saccharomyces cerevisiae (strain ATCC 204508 / S288c)	1:Experimental evidence at protein level	Eukaryotic translation initiation factor 5A-1	1.0	0.999	5	115	111	115	36	42	37	35	40	36	36	42	37	9.4210272E8	8.1821677E8	9.3921555E8	4.90406816E8	5.31209728E8	5.8050374E8	
sp|P23337|GYS1_YEAST	P23337	GYS1_YEAST	GSY1	708	Saccharomyces cerevisiae (strain ATCC 204508 / S288c)	1:Experimental evidence at protein level	Glycogen [starch] synthase isoform 1	1.0	0.999	6	10	10	29	2	3	5	2	3	5	8	9	12	5182240.5	6584858.0	7688404.0	2896115.0	3663340.5	4258808.0	
sp|P23542|AATC_YEAST	P23542	AATC_YEAST	AAT2	418	Saccharomyces cerevisiae (strain ATCC 204508 / S288c)	1:Experimental evidence at protein level	Aspartate aminotransferase, cytoplasmic	1.0	0.999	14	107	107	107	35	38	34	35	38	34	35	38	34	4.28575616E8	4.444152E8	4.78668544E8	9.4145976E7	1.0965212E8	1.09167768E8	
sp|P23585|HXT2_YEAST	P23585	HXT2_YEAST	HXT2	541	Saccharomyces cerevisiae (strain ATCC 204508 / S288c)	1:Experimental evidence at protein level	High-affinity glucose transporter HXT2	1.0	0.999	4	7	7	16	3	2	2	3	2	2	5	7	4	4.4150256E7	5.0418744E7	4.7129016E7	4.1081732E7	4.217496E7	3.8635448E7	
sp|P23594|PP2A1_YEAST	P23594	PP2A1_YEAST	PPH21	369	Saccharomyces cerevisiae (strain ATCC 204508 / S288c)	1:Experimental evidence at protein level	Serine/threonine-protein phosphatase PP2A-1 catalytic subunit	0.9997	0.999	5	14	3	14	5	5	4	1	1	1	5	5	4	3.853946E7	4.0471804E7	4.3455172E7	1.0217628E7	9634509.0	1.2541126E7	
sp|P23595|PP2A2_YEAST	P23595	PP2A2_YEAST	PPH22	377	Saccharomyces cerevisiae (strain ATCC 204508 / S288c)	1:Experimental evidence at protein level	Serine/threonine-protein phosphatase PP2A-2 catalytic subunit	0.9997	0.999	5	3	3	14	1	1	1	1	1	1	5	5	4	9199712.0	7265633.0	7129116.5	9199712.0	7265633.0	7129116.5	
sp|P23615|SPT6_YEAST	P23615	SPT6_YEAST	SPT6	1451	Saccharomyces cerevisiae (strain ATCC 204508 / S288c)	1:Experimental evidence at protein level	Transcription elongation factor SPT6	1.0	0.999	13	25	25	25	10	6	9	10	6	9	10	6	9	9.733184E7	7.6082296E7	8.2543624E7	2.5707212E7	2.734539E7	3.0326988E7	
sp|P23638|PSA3_YEAST	P23638	PSA3_YEAST	PRE9	258	Saccharomyces cerevisiae (strain ATCC 204508 / S288c)	1:Experimental evidence at protein level	Proteasome subunit alpha type-3	1.0	0.999	9	30	30	30	11	9	10	11	9	10	11	9	10	9.899296E7	1.0637476E8	8.697864E7	2.3774322E7	2.4726016E7	2.364634E7	
sp|P23639|PSA2_YEAST	P23639	PSA2_YEAST	PRE8	250	Saccharomyces cerevisiae (strain ATCC 204508 / S288c)	1:Experimental evidence at protein level	Proteasome subunit alpha type-2	1.0	0.999	6	28	28	28	8	10	10	8	10	10	8	10	10	8.9819656E7	1.27712984E8	1.16001096E8	2.8854464E7	3.4067012E7	3.1678644E7	
sp|P23641|MPCP_YEAST	P23641	MPCP_YEAST	MIR1	311	Saccharomyces cerevisiae (strain ATCC 204508 / S288c)	1:Experimental evidence at protein level	Mitochondrial phosphate carrier protein	1.0	0.999	7	28	28	28	11	8	9	11	8	9	11	8	9	7.1787256E7	6.7903376E7	8.1493824E7	1.911032E7	1.8157008E7	2.0999326E7	
sp|P23642|VAN1_YEAST	P23642	VAN1_YEAST	VAN1	535	Saccharomyces cerevisiae (strain ATCC 204508 / S288c)	1:Experimental evidence at protein level	Mannan polymerase I complex VAN1 subunit	0.9681	0.999	1	6	6	6	2	2	2	2	2	2	2	2	2	2566966.0	4072544.2	5069166.0	2566966.0	4072544.2	5069166.0	
sp|P23644|TOM40_YEAST	P23644	TOM40_YEAST	TOM40	387	Saccharomyces cerevisiae (strain ATCC 204508 / S288c)	1:Experimental evidence at protein level	Mitochondrial import receptor subunit TOM40	1.0	0.999	5	16	16	16	7	4	5	7	4	5	7	4	5	7.2821888E7	6.3898212E7	7.2291624E7	2.7133954E7	2.6598154E7	3.032466E7	
sp|P23724|PSB6_YEAST	P23724	PSB6_YEAST	PRE7	241	Saccharomyces cerevisiae (strain ATCC 204508 / S288c)	1:Experimental evidence at protein level	Proteasome subunit beta type-6	1.0	0.999	7	21	21	21	8	6	7	8	6	7	8	6	7	7.1250416E7	5.6849232E7	5.3236612E7	2.0372396E7	1.6760023E7	1.707986E7	
sp|P23776|EXG1_YEAST	P23776	EXG1_YEAST	EXG1	448	Saccharomyces cerevisiae (strain ATCC 204508 / S288c)	1:Experimental evidence at protein level	Glucan 1,3-beta-glucosidase I/II	1.0	0.999	2	9	9	9	3	3	3	3	3	3	3	3	3	1.9152296E7	2.1197596E7	2.1010916E7	1.141279E7	1.2494125E7	1.1977739E7	
sp|P23833|SCO1_YEAST	P23833	SCO1_YEAST	SCO1	295	Saccharomyces cerevisiae (strain ATCC 204508 / S288c)	1:Experimental evidence at protein level	Protein SCO1, mitochondrial	0.9959	0.999	2	4	4	4	1	2	1	1	2	1	1	2	1	4682260.0	7437834.0	7465696.0	2963593.2	5079580.5	4921421.5	
sp|P24000|RL24B_YEAST	P24000	RL24B_YEAST	RPL24B	155	Saccharomyces cerevisiae (strain ATCC 204508 / S288c)	1:Experimental evidence at protein level	60S ribosomal protein L24-B	1.0	0.999	7	104	5	104	36	33	35	2	2	1	36	33	35	5.9260032E8	6.6646592E8	5.15891648E8	1.7093256E8	1.58949296E8	1.41404416E8	
sp|P24276|SSD1_YEAST	P24276	SSD1_YEAST	SSD1	1250	Saccharomyces cerevisiae (strain ATCC 204508 / S288c)	1:Experimental evidence at protein level	Protein SSD1	1.0	0.999	16	74	74	74	24	21	29	24	21	29	24	21	29	3.16471456E8	1.17268384E8	3.39056928E8	1.05370232E8	1.05668896E8	1.13317304E8	
sp|P24280|SEC14_YEAST	P24280	SEC14_YEAST	SEC14	304	Saccharomyces cerevisiae (strain ATCC 204508 / S288c)	1:Experimental evidence at protein level	SEC14 cytosolic factor	1.0	0.999	15	47	42	47	17	16	14	15	14	13	17	16	14	2.359844E8	2.29252352E8	2.56721344E8	4.7564108E7	4.4778472E7	4.7693284E7	
sp|P24521|ERG8_YEAST	P24521	ERG8_YEAST	ERG8	451	Saccharomyces cerevisiae (strain ATCC 204508 / S288c)	1:Experimental evidence at protein level	Phosphomevalonate kinase	1.0	0.9989	4	5	5	5	2	2	1	2	2	1	2	2	1	1.4861489E7	7541309.0	8144048.5	5115329.5	4743144.0	5108880.0	
sp|P24783|DBP2_YEAST	P24783	DBP2_YEAST	DBP2	546	Saccharomyces cerevisiae (strain ATCC 204508 / S288c)	1:Experimental evidence at protein level	ATP-dependent RNA helicase DBP2	1.0	0.999	7	17	17	25	6	5	6	6	5	6	9	7	9	2.65588E7	2.9856196E7	3.1730014E7	9341258.0	1.0352663E7	9402896.0	
sp|P25037|UBP1_YEAST	P25037	UBP1_YEAST	UBP1	809	Saccharomyces cerevisiae (strain ATCC 204508 / S288c)	1:Experimental evidence at protein level	Ubiquitin carboxyl-terminal hydrolase 1	0.9437	0.9982	1	1	1	1	0	0	1	0	0	1	0	0	1	1379675.2	0.0	2014005.1	1379675.2	0.0	2014005.1	
sp|P25039|EFGM_YEAST	P25039	EFGM_YEAST	MEF1	761	Saccharomyces cerevisiae (strain ATCC 204508 / S288c)	1:Experimental evidence at protein level	Elongation factor G, mitochondrial	1.0	0.9989	4	9	9	9	2	3	4	2	3	4	2	3	4	1.1380654E7	9739318.0	1.1594274E7	3888962.5	6495015.5	5200326.0	
sp|P25043|PSB2_YEAST	P25043	PSB2_YEAST	PUP1	261	Saccharomyces cerevisiae (strain ATCC 204508 / S288c)	1:Experimental evidence at protein level	Proteasome subunit beta type-2	1.0	0.999	2	10	10	10	3	3	4	3	3	4	3	3	4	3.1424018E7	3.2009252E7	3.1775856E7	1.4064365E7	1.6286987E7	1.5739026E7	
sp|P25045|LCB1_YEAST	P25045	LCB1_YEAST	LCB1	558	Saccharomyces cerevisiae (strain ATCC 204508 / S288c)	1:Experimental evidence at protein level	Serine palmitoyltransferase 1	1.0	0.999	3	10	10	10	3	3	4	3	3	4	3	3	4	2.246549E7	2.3503284E7	2.370105E7	9123800.0	9137043.0	9160359.0	
sp|P25087|ERG6_YEAST	P25087	ERG6_YEAST	ERG6	383	Saccharomyces cerevisiae (strain ATCC 204508 / S288c)	1:Experimental evidence at protein level	Sterol 24-C-methyltransferase ERG6	1.0	0.999	14	83	83	83	30	28	25	30	28	25	30	28	25	2.81887296E8	2.8145168E8	2.80037184E8	3.8338156E7	3.7431032E7	3.7806384E7	
sp|P25293|NAP1_YEAST	P25293	NAP1_YEAST	NAP1	417	Saccharomyces cerevisiae (strain ATCC 204508 / S288c)	1:Experimental evidence at protein level	Nucleosome assembly protein	1.0	0.999	6	14	14	14	5	5	4	5	5	4	5	5	4	4.4404816E7	4.68535E7	5.4512352E7	1.5809744E7	1.946242E7	2.079384E7	
sp|P25294|SIS1_YEAST	P25294	SIS1_YEAST	SIS1	352	Saccharomyces cerevisiae (strain ATCC 204508 / S288c)	1:Experimental evidence at protein level	Protein SIS1	1.0	0.999	8	45	45	45	13	16	16	13	16	16	13	16	16	1.4114512E8	1.68877872E8	1.82071168E8	3.633162E7	4.1444216E7	4.1721556E7	
sp|P25296|CANB_YEAST	P25296	CANB_YEAST	CNB1	175	Saccharomyces cerevisiae (strain ATCC 204508 / S288c)	1:Experimental evidence at protein level	Calcineurin subunit B	1.0	0.999	5	17	17	17	5	6	6	5	6	6	5	6	6	3.6234312E7	3.9991416E7	4.7029888E7	1.1412905E7	1.2930982E7	1.33951E7	
sp|P25303|SCJ1_YEAST	P25303	SCJ1_YEAST	SCJ1	377	Saccharomyces cerevisiae (strain ATCC 204508 / S288c)	1:Experimental evidence at protein level	DnaJ-related protein SCJ1	1.0	0.999	2	4	4	4	1	1	2	1	1	2	1	1	2	8953792.0	9815645.0	1.0148994E7	6426947.5	6701502.5	6926173.0	
sp|P25332|RBSK_YEAST	P25332	RBSK_YEAST	RBK1	333	Saccharomyces cerevisiae (strain ATCC 204508 / S288c)	1:Experimental evidence at protein level	Ribokinase	1.0	0.999	4	6	6	6	3	2	1	3	2	1	3	2	1	4.074726E7	3.0757204E7	4.8262828E7	3.011389E7	2.1837162E7	3.2260354E7	
sp|P25340|ERG4_YEAST	P25340	ERG4_YEAST	ERG4	473	Saccharomyces cerevisiae (strain ATCC 204508 / S288c)	1:Experimental evidence at protein level	Delta(24(24(1)))-sterol reductase ERG4	1.0	0.999	5	24	24	24	8	8	8	8	8	8	8	8	8	3.76832E7	4.4032504E7	3.4933372E7	1.296112E7	1.4733986E7	1.3479137E7	
sp|P25342|CDC10_YEAST	P25342	CDC10_YEAST	CDC10	322	Saccharomyces cerevisiae (strain ATCC 204508 / S288c)	1:Experimental evidence at protein level	Cell division control protein 10	1.0	0.999	5	12	12	12	3	4	5	3	4	5	3	4	5	3.3303448E7	2.461069E7	2.9493552E7	1.1553946E7	1.512452E7	1.4801452E7	
sp|P25343|RV161_YEAST	P25343	RV161_YEAST	RVS161	265	Saccharomyces cerevisiae (strain ATCC 204508 / S288c)	1:Experimental evidence at protein level	Reduced viability upon starvation protein 161	1.0	0.999	12	45	45	45	16	14	15	16	14	15	16	14	15	1.3368844E8	1.24309088E8	1.22267776E8	2.773767E7	2.4594432E7	2.5545134E7	
sp|P25349|YCP4_YEAST	P25349	YCP4_YEAST	YCP4	247	Saccharomyces cerevisiae (strain ATCC 204508 / S288c)	1:Experimental evidence at protein level	Flavoprotein-like protein YCP4	1.0	0.999	6	32	32	32	9	13	10	9	13	10	9	13	10	1.72762688E8	1.58982304E8	1.66619648E8	4.6195352E7	4.825186E7	4.9723468E7	
sp|P25358|ELO2_YEAST	P25358	ELO2_YEAST	ELO2	347	Saccharomyces cerevisiae (strain ATCC 204508 / S288c)	1:Experimental evidence at protein level	Elongation of fatty acids protein 2	0.9647	0.9989	1	1	1	1	0	1	0	0	1	0	0	1	0	1.2708521E7	6846447.0	3978300.2	1.2708521E7	6846447.0	3978300.2	
sp|P25365|SED4_YEAST	P25365	SED4_YEAST	SED4	1065	Saccharomyces cerevisiae (strain ATCC 204508 / S288c)	1:Experimental evidence at protein level	Putative guanine nucleotide-exchange factor SED4	0.9823	0.9902	2	2	2	2	1	0	1	1	0	1	1	0	1	6164343.0	4424108.0	5903658.0	6164343.0	4424108.0	5903658.0	
sp|P25367|RNQ1_YEAST	P25367	RNQ1_YEAST	RNQ1	405	Saccharomyces cerevisiae (strain ATCC 204508 / S288c)	1:Experimental evidence at protein level	[PIN+] prion protein RNQ1	1.0	0.999	3	11	11	11	4	3	4	4	3	4	4	3	4	4.5775612E7	3.5330096E7	3.2301672E7	1.8376944E7	1.5629891E7	1.392859E7	
sp|P25368|RRP7_YEAST	P25368	RRP7_YEAST	RRP7	297	Saccharomyces cerevisiae (strain ATCC 204508 / S288c)	1:Experimental evidence at protein level	Ribosomal RNA-processing protein 7	0.9926	0.9929	2	3	3	3	1	2	0	1	2	0	1	2	0	2398607.2	2316457.2	2114104.2	1324451.4	1373283.9	2175985.2	
sp|P25369|LSB5_YEAST	P25369	LSB5_YEAST	LSB5	354	Saccharomyces cerevisiae (strain ATCC 204508 / S288c)	1:Experimental evidence at protein level	LAS seventeen-binding protein 5	0.9682	0.999	1	2	2	2	0	1	1	0	1	1	0	1	1	3724649.5	5205228.0	5425978.0	3724649.5	5205228.0	5425978.0	
sp|P25371|ADP1_YEAST	P25371	ADP1_YEAST	ADP1	1049	Saccharomyces cerevisiae (strain ATCC 204508 / S288c)	1:Experimental evidence at protein level	Probable ATP-dependent permease	0.9328	0.9978	1	4	4	4	2	1	1	2	1	1	2	1	1	1815882.5	2137821.2	2495413.2	1815882.5	2137821.2	2495413.2	
sp|P25372|TRX3_YEAST	P25372	TRX3_YEAST	TRX3	127	Saccharomyces cerevisiae (strain ATCC 204508 / S288c)	1:Experimental evidence at protein level	Thioredoxin-3, mitochondrial	0.9999	0.999	2	4	4	4	2	1	1	2	1	1	2	1	1	2.0165004E7	1.1084709E7	9763459.0	1.3116131E7	7205204.5	9763459.0	
sp|P25373|GLRX1_YEAST	P25373	GLRX1_YEAST	GRX1	110	Saccharomyces cerevisiae (strain ATCC 204508 / S288c)	1:Experimental evidence at protein level	Glutaredoxin-1	1.0	0.999	5	22	22	22	9	7	6	9	7	6	9	7	6	1.71295776E8	1.27484376E8	1.22819256E8	5.4809064E7	4.3885772E7	4.6714608E7	
sp|P25374|NFS1_YEAST	P25374	NFS1_YEAST	NFS1	497	Saccharomyces cerevisiae (strain ATCC 204508 / S288c)	1:Experimental evidence at protein level	Cysteine desulfurase, mitochondrial	1.0	0.999	3	5	5	5	2	2	1	2	2	1	2	2	1	1.8198706E7	1.4653719E7	1.5521534E7	1.2149215E7	1.0106806E7	1.0358513E7	
sp|P25375|PRTD_YEAST	P25375	PRTD_YEAST	PRD1	712	Saccharomyces cerevisiae (strain ATCC 204508 / S288c)	1:Experimental evidence at protein level	Saccharolysin	1.0	0.999	8	27	27	27	9	10	8	9	10	8	9	10	8	5.79146E7	6.479822E7	6.228432E7	1.2262027E7	1.513572E7	1.6084353E7	
sp|P25386|USO1_YEAST	P25386	USO1_YEAST	USO1	1790	Saccharomyces cerevisiae (strain ATCC 204508 / S288c)	1:Experimental evidence at protein level	Intracellular protein transport protein USO1	0.9983	0.9972	2	5	5	5	1	2	2	1	2	2	1	2	2	9537682.0	9.4290448E7	1.0325276E8	5.6583244E7	3.601876E7	3.9854956E7	
sp|P25443|RS2_YEAST	P25443	RS2_YEAST	RPS2	254	Saccharomyces cerevisiae (strain ATCC 204508 / S288c)	1:Experimental evidence at protein level	40S ribosomal protein S2	1.0	0.999	12	159	159	159	44	51	64	44	51	64	44	51	64	1.09282483E9	1.23409626E9	1.39151194E9	2.31399296E8	2.66542144E8	3.13056544E8	
sp|P25451|PSB3_YEAST	P25451	PSB3_YEAST	PUP3	205	Saccharomyces cerevisiae (strain ATCC 204508 / S288c)	1:Experimental evidence at protein level	Proteasome subunit beta type-3	1.0	0.999	4	12	12	12	3	5	4	3	5	4	3	5	4	5.453518E7	5.445332E7	5.696344E7	2.1698948E7	2.4400264E7	2.6618902E7	
sp|P25491|MAS5_YEAST	P25491	MAS5_YEAST	YDJ1	409	Saccharomyces cerevisiae (strain ATCC 204508 / S288c)	1:Experimental evidence at protein level	Mitochondrial protein import protein MAS5	1.0	0.999	7	52	52	52	18	16	18	18	16	18	18	16	18	2.2884144E8	2.12018544E8	2.4818272E8	6.0279848E7	5.948326E7	7.074136E7	
sp|P25515|VATL1_YEAST	P25515	VATL1_YEAST	VMA3	160	Saccharomyces cerevisiae (strain ATCC 204508 / S288c)	1:Experimental evidence at protein level	V-type proton ATPase subunit c	0.9682	0.999	1	16	16	16	5	5	6	5	5	6	5	5	6	2860942.0	5352541.0	5085425.5	2860942.0	5352541.0	5085425.5	
sp|P25555|GBP2_YEAST	P25555	GBP2_YEAST	GBP2	427	Saccharomyces cerevisiae (strain ATCC 204508 / S288c)	1:Experimental evidence at protein level	Serine/arginine (SR)-type shuttling mRNA binding protein GBP2	0.9592	0.9987	1	1	1	1	0	0	1	0	0	1	0	0	1	3218142.8	1972078.8	5483281.0	3218142.8	1972078.8	5483281.0	
sp|P25567|SRO9_YEAST	P25567	SRO9_YEAST	SRO9	434	Saccharomyces cerevisiae (strain ATCC 204508 / S288c)	1:Experimental evidence at protein level	RNA-binding protein SRO9	1.0	0.999	6	22	22	22	6	8	8	6	8	8	6	8	8	6.051044E7	5.3697904E7	6.3283656E7	1.310297E7	1.2312055E7	1.4741922E7	
sp|P25574|EMC1_YEAST	P25574	EMC1_YEAST	EMC1	760	Saccharomyces cerevisiae (strain ATCC 204508 / S288c)	1:Experimental evidence at protein level	ER membrane protein complex subunit 1	0.9999	0.9987	3	4	4	4	3	1	0	3	1	0	3	1	0	2.4219462E7	1.7528474E7	1.7440788E7	9263435.0	7480116.5	7526692.0	
sp|P25580|PBN1_YEAST	P25580	PBN1_YEAST	PBN1	416	Saccharomyces cerevisiae (strain ATCC 204508 / S288c)	1:Experimental evidence at protein level	Protein PBN1	0.8589	0.995	1	1	1	1	0	1	0	0	1	0	0	1	0	6301142.5	3829236.0	3304376.0	6301142.5	3829236.0	3304376.0	
sp|P25582|SPB1_YEAST	P25582	SPB1_YEAST	SPB1	841	Saccharomyces cerevisiae (strain ATCC 204508 / S288c)	1:Experimental evidence at protein level	27S pre-rRNA (guanosine(2922)-2'-O)-methyltransferase	0.9983	0.9955	2	5	5	5	1	2	2	1	2	2	1	2	2	4362321.5	5468262.0	4308283.5	2429546.0	3045671.8	2292221.5	
sp|P25605|ILV6_YEAST	P25605	ILV6_YEAST	ILV6	309	Saccharomyces cerevisiae (strain ATCC 204508 / S288c)	1:Experimental evidence at protein level	Acetolactate synthase small subunit, mitochondrial	1.0	0.999	3	8	8	8	4	2	2	4	2	2	4	2	2	3.1106972E7	3.1639502E7	3.2359268E7	1.3086407E7	1.2286102E7	1.3052394E7	
sp|P25608|YCZ2_YEAST	P25608	YCZ2_YEAST	YCR102C	368	Saccharomyces cerevisiae (strain ATCC 204508 / S288c)	3:Protein inferred from homology	Uncharacterized protein YCR102C	0.7628	0.9906	1	6	0	6	2	2	2	0	0	0	2	2	2	6795751.5	8205281.5	6652099.5	6795751.5	8205281.5	6652099.5	sp|P54007|YL460_YEAST
sp|P25617|YCQ6_YEAST	P25617	YCQ6_YEAST	YCR016W	290	Saccharomyces cerevisiae (strain ATCC 204508 / S288c)	1:Experimental evidence at protein level	Uncharacterized protein YCR016W	0.802	0.9925	1	3	3	3	1	1	1	1	1	1	1	1	1	797148.94	1087274.4	1555019.8	797148.94	1087274.4	1555019.8	
sp|P25618|CWH43_YEAST	P25618	CWH43_YEAST	CWH43	953	Saccharomyces cerevisiae (strain ATCC 204508 / S288c)	1:Experimental evidence at protein level	Protein CWH43	0.9847	0.9937	2	4	4	4	1	2	1	1	2	1	1	2	1	1.254575E7	1.0858379E7	6159569.0	8218527.0	7129746.0	6159569.0	
sp|P25619|HSP30_YEAST	P25619	HSP30_YEAST	HSP30	332	Saccharomyces cerevisiae (strain ATCC 204508 / S288c)	1:Experimental evidence at protein level	30 kDa heat shock protein	0.937	0.998	1	2	2	2	0	1	1	0	1	1	0	1	1	2415933.8	5474368.5	5862648.5	2415933.8	5474368.5	5862648.5	
sp|P25623|SYP1_YEAST	P25623	SYP1_YEAST	SYP1	870	Saccharomyces cerevisiae (strain ATCC 204508 / S288c)	1:Experimental evidence at protein level	Suppressor of yeast profilin deletion	1.0	0.999	11	21	21	21	8	6	7	8	6	7	8	6	7	5.110842E7	4.70817E7	5.3113936E7	9380748.0	8341307.5	8821720.0	
sp|P25628|ARE1_YEAST	P25628	ARE1_YEAST	ARE1	610	Saccharomyces cerevisiae (strain ATCC 204508 / S288c)	1:Experimental evidence at protein level	Sterol O-acyltransferase 1	0.8941	0.9964	1	2	2	2	0	1	1	0	1	1	0	1	1	1334091.0	1886553.4	2205235.8	1334091.0	1886553.4	2205235.8	
sp|P25644|PAT1_YEAST	P25644	PAT1_YEAST	PAT1	796	Saccharomyces cerevisiae (strain ATCC 204508 / S288c)	1:Experimental evidence at protein level	DNA topoisomerase 2-associated protein PAT1	1.0	0.9979	4	8	8	8	4	2	2	4	2	2	4	2	2	2.1163664E7	1.9320806E7	1.94299E7	6548453.5	6192959.5	6335402.5	
sp|P25654|YCY0_YEAST	P25654	YCY0_YEAST	YCR090C	182	Saccharomyces cerevisiae (strain ATCC 204508 / S288c)	1:Experimental evidence at protein level	UPF0587 protein YCR090C	0.9669	0.999	1	1	1	1	1	0	0	1	0	0	1	0	0	0.0	0.0	0.0	0.0	0.0	0.0	
sp|P25655|NOT1_YEAST	P25655	NOT1_YEAST	CDC39	2108	Saccharomyces cerevisiae (strain ATCC 204508 / S288c)	1:Experimental evidence at protein level	General negative regulator of transcription subunit 1	1.0	0.996	5	9	9	9	4	3	2	4	3	2	4	3	2	1.7340824E7	1.684345E7	1.5044976E7	4954018.5	5877496.0	5710679.0	
sp|P25694|CDC48_YEAST	P25694	CDC48_YEAST	CDC48	835	Saccharomyces cerevisiae (strain ATCC 204508 / S288c)	1:Experimental evidence at protein level	Cell division control protein 48	1.0	0.999	35	294	294	294	89	101	104	89	101	104	89	101	104	1.32737894E9	1.35677568E9	1.41656998E9	1.28115304E8	1.3447624E8	1.35529136E8	
sp|P25719|CYPC_YEAST	P25719	CYPC_YEAST	CPR3	182	Saccharomyces cerevisiae (strain ATCC 204508 / S288c)	1:Experimental evidence at protein level	Peptidyl-prolyl cis-trans isomerase C, mitochondrial	1.0	0.999	7	25	25	31	6	10	9	6	10	9	8	12	11	1.11713824E8	1.20083848E8	1.24095456E8	3.7839344E7	3.7189968E7	3.5348004E7	
sp|P26263|PDC6_YEAST	P26263	PDC6_YEAST	PDC6	563	Saccharomyces cerevisiae (strain ATCC 204508 / S288c)	1:Experimental evidence at protein level	Pyruvate decarboxylase isozyme 3	0.9998	0.999	8	1	1	442	1	0	0	1	0	0	144	153	145	7901713.0	0.0	0.0	0.0	0.0	0.0	
sp|P26321|RL5_YEAST	P26321	RL5_YEAST	RPL5	297	Saccharomyces cerevisiae (strain ATCC 204508 / S288c)	1:Experimental evidence at protein level	60S ribosomal protein L5	1.0	0.999	11	160	160	160	50	52	58	50	52	58	50	52	58	1.46349888E9	1.64092621E9	1.81073933E9	4.62018048E8	4.20428224E8	4.8323648E8	
sp|P26570|PPZ1_YEAST	P26570	PPZ1_YEAST	PPZ1	692	Saccharomyces cerevisiae (strain ATCC 204508 / S288c)	1:Experimental evidence at protein level	Serine/threonine-protein phosphatase PP-Z1	1.0	0.999	3	3	0	12	2	0	1	0	0	0	5	3	4	6442546.0	5359254.0	6794182.0	3611393.0	3220870.0	4118410.5	sp|P33329|PPZ2_YEAST
sp|P26637|SYLC_YEAST	P26637	SYLC_YEAST	CDC60	1090	Saccharomyces cerevisiae (strain ATCC 204508 / S288c)	1:Experimental evidence at protein level	Leucine--tRNA ligase, cytoplasmic	1.0	0.999	32	180	180	180	57	63	60	57	63	60	57	63	60	5.6183853E8	5.8759846E8	6.0545658E8	3.924792E7	4.4414596E7	4.585172E7	
sp|P26754|RFA2_YEAST	P26754	RFA2_YEAST	RFA2	273	Saccharomyces cerevisiae (strain ATCC 204508 / S288c)	1:Experimental evidence at protein level	Replication factor A protein 2	1.0	0.999	2	6	6	6	2	2	2	2	2	2	2	2	2	1.671937E7	1.5182539E7	1.4606971E7	9301434.0	8737004.0	8412157.0	
sp|P26755|RFA3_YEAST	P26755	RFA3_YEAST	RFA3	122	Saccharomyces cerevisiae (strain ATCC 204508 / S288c)	1:Experimental evidence at protein level	Replication factor A protein 3	0.9681	0.999	1	1	1	1	0	1	0	0	1	0	0	1	0	2162357.5	2920218.2	2656552.5	2162357.5	2920218.2	2656552.5	
sp|P26783|RS5_YEAST	P26783	RS5_YEAST	RPS5	225	Saccharomyces cerevisiae (strain ATCC 204508 / S288c)	1:Experimental evidence at protein level	40S ribosomal protein S5	1.0	0.999	7	115	115	115	34	39	42	34	39	42	34	39	42	8.4023846E8	9.3194189E8	8.3754816E8	2.16725328E8	2.3581512E8	2.29401328E8	
sp|P26784|RL16A_YEAST	P26784	RL16A_YEAST	RPL16A	199	Saccharomyces cerevisiae (strain ATCC 204508 / S288c)	1:Experimental evidence at protein level	60S ribosomal protein L16-A	1.0	0.999	10	56	56	98	17	21	18	17	21	18	32	36	30	2.9850656E8	3.94278688E8	3.75626528E8	1.26916536E8	1.41578816E8	1.3510504E8	
sp|P26785|RL16B_YEAST	P26785	RL16B_YEAST	RPL16B	198	Saccharomyces cerevisiae (strain ATCC 204508 / S288c)	1:Experimental evidence at protein level	60S ribosomal protein L16-B	1.0	0.999	10	97	55	97	31	34	32	16	19	20	31	34	32	1.10192307E9	1.0690505E9	7.5430074E8	3.05576448E8	3.36430496E8	3.4156752E8	
sp|P26786|RS7A_YEAST	P26786	RS7A_YEAST	RPS7A	190	Saccharomyces cerevisiae (strain ATCC 204508 / S288c)	1:Experimental evidence at protein level	40S ribosomal protein S7-A	1.0	0.999	8	109	42	109	34	34	41	15	13	14	34	34	41	8.2779059E8	7.8279078E8	7.8124819E8	2.11129136E8	1.94724208E8	1.89205168E8	
sp|P27472|GYS2_YEAST	P27472	GYS2_YEAST	GSY2	705	Saccharomyces cerevisiae (strain ATCC 204508 / S288c)	1:Experimental evidence at protein level	Glycogen [starch] synthase isoform 2	1.0	0.999	15	59	40	59	21	18	20	15	12	13	21	18	20	1.41012096E8	1.4681216E8	1.41045312E8	2.09978E7	2.195261E7	2.150468E7	
sp|P27476|NSR1_YEAST	P27476	NSR1_YEAST	NSR1	414	Saccharomyces cerevisiae (strain ATCC 204508 / S288c)	1:Experimental evidence at protein level	Nuclear localization sequence-binding protein	1.0	0.999	11	42	42	42	13	16	13	13	16	13	13	16	13	1.43594816E8	1.27557792E8	1.33849264E8	3.7149044E7	3.0629872E7	3.1261118E7	
sp|P27614|CBPS_YEAST	P27614	CBPS_YEAST	CPS1	576	Saccharomyces cerevisiae (strain ATCC 204508 / S288c)	1:Experimental evidence at protein level	Carboxypeptidase S	1.0	0.999	14	94	94	94	31	31	32	31	31	32	31	31	32	2.97467712E8	3.94438976E8	4.38399232E8	9.1034752E7	9.8195288E7	1.04846832E8	
sp|P27616|PUR7_YEAST	P27616	PUR7_YEAST	ADE1	306	Saccharomyces cerevisiae (strain ATCC 204508 / S288c)	1:Experimental evidence at protein level	Phosphoribosylaminoimidazole-succinocarboxamide synthase	1.0	0.999	18	115	115	115	36	39	40	36	39	40	36	39	40	3.83086976E8	4.43070528E8	4.1644688E8	6.294406E7	6.412648E7	6.3842992E7	
sp|P27692|SPT5_YEAST	P27692	SPT5_YEAST	SPT5	1063	Saccharomyces cerevisiae (strain ATCC 204508 / S288c)	1:Experimental evidence at protein level	Transcription elongation factor SPT5	1.0	0.999	12	26	26	26	11	8	7	11	8	7	11	8	7	7.3525392E7	7.8234808E7	7.3335768E7	1.0513582E7	1.1270068E7	1.1127774E7	
sp|P27809|KRE2_YEAST	P27809	KRE2_YEAST	KRE2	442	Saccharomyces cerevisiae (strain ATCC 204508 / S288c)	1:Experimental evidence at protein level	Glycolipid 2-alpha-mannosyltransferase	1.0	0.999	7	19	19	19	6	8	5	6	8	5	6	8	5	3.8599408E7	4.0618332E7	4.0987872E7	9739270.0	9668330.0	9292764.0	
sp|P27810|KTR1_YEAST	P27810	KTR1_YEAST	KTR1	393	Saccharomyces cerevisiae (strain ATCC 204508 / S288c)	1:Experimental evidence at protein level	Alpha-1,2 mannosyltransferase KTR1	1.0	0.999	7	21	21	21	7	7	7	7	7	7	7	7	7	5.89123E7	5.9274068E7	7.431284E7	2.3688334E7	2.1183668E7	2.7704174E7	
sp|P27929|NAM9_YEAST	P27929	NAM9_YEAST	NAM9	486	Saccharomyces cerevisiae (strain ATCC 204508 / S288c)	1:Experimental evidence at protein level	37S ribosomal protein NAM9, mitochondrial	0.5556	0.9762	1	7	7	7	3	2	2	3	2	2	3	2	2	213436.69	0.0	0.0	0.0	0.0	0.0	
sp|P28000|RPAC2_YEAST	P28000	RPAC2_YEAST	RPC19	142	Saccharomyces cerevisiae (strain ATCC 204508 / S288c)	1:Experimental evidence at protein level	DNA-directed RNA polymerases I and III subunit RPAC2	1.0	0.999	3	12	12	12	5	3	4	5	3	4	5	3	4	7651817.0	1.2383281E7	1.2736327E7	5117876.5	8030951.0	8515473.0	
sp|P28007|GAR1_YEAST	P28007	GAR1_YEAST	GAR1	205	Saccharomyces cerevisiae (strain ATCC 204508 / S288c)	1:Experimental evidence at protein level	H/ACA ribonucleoprotein complex subunit GAR1	1.0	0.999	3	10	10	10	4	3	3	4	3	3	4	3	3	3.0582654E7	4.0996676E7	4.9603216E7	2.6057514E7	3.3109448E7	3.012975E7	
sp|P28241|IDH2_YEAST	P28241	IDH2_YEAST	IDH2	369	Saccharomyces cerevisiae (strain ATCC 204508 / S288c)	1:Experimental evidence at protein level	Isocitrate dehydrogenase [NAD] subunit 2, mitochondrial	1.0	0.999	11	129	129	129	43	39	47	43	39	47	43	39	47	7.7927354E8	8.3125184E8	8.7286438E8	1.83529424E8	2.15008288E8	2.29190432E8	
sp|P28272|PYRD_YEAST	P28272	PYRD_YEAST	URA1	314	Saccharomyces cerevisiae (strain ATCC 204508 / S288c)	1:Experimental evidence at protein level	Dihydroorotate dehydrogenase (fumarate)	1.0	0.999	9	97	97	97	36	31	30	36	31	30	36	31	30	4.33119488E8	4.5627968E8	4.42836608E8	7.6429848E7	8.902496E7	7.9950496E7	
sp|P28273|OPLA_YEAST	P28273	OPLA_YEAST	OXP1	1286	Saccharomyces cerevisiae (strain ATCC 204508 / S288c)	1:Experimental evidence at protein level	5-oxoprolinase	0.9997	0.999	2	2	2	2	1	0	1	1	0	1	1	0	1	3340862.8	4743454.5	4797826.0	2172850.0	3008602.5	2983240.5	
sp|P28274|URA7_YEAST	P28274	URA7_YEAST	URA7	579	Saccharomyces cerevisiae (strain ATCC 204508 / S288c)	1:Experimental evidence at protein level	CTP synthase 1	1.0	0.999	12	43	37	43	15	14	14	13	12	12	15	14	14	1.04925864E8	1.03284896E8	1.03107608E8	1.5912789E7	1.6760702E7	1.7386824E7	
sp|P28321|MGLL_YEAST	P28321	MGLL_YEAST	YJU3	313	Saccharomyces cerevisiae (strain ATCC 204508 / S288c)	1:Experimental evidence at protein level	Monoglyceride lipase	1.0	0.999	4	8	8	8	4	2	2	4	2	2	4	2	2	2.6429316E7	2.2553808E7	2.5143918E7	9911227.0	8271210.0	9033404.0	
sp|P28495|CAPZA_YEAST	P28495	CAPZA_YEAST	CAP1	268	Saccharomyces cerevisiae (strain ATCC 204508 / S288c)	1:Experimental evidence at protein level	F-actin-capping protein subunit alpha	1.0	0.999	5	15	15	15	5	5	5	5	5	5	5	5	5	5.7826644E7	4.4108492E7	5.4726088E7	2.2686496E7	1.5593218E7	1.9599468E7	
sp|P28496|LAC1_YEAST	P28496	LAC1_YEAST	LAC1	418	Saccharomyces cerevisiae (strain ATCC 204508 / S288c)	1:Experimental evidence at protein level	Ceramide synthase LAC1	0.9682	0.999	1	3	3	3	1	1	1	1	1	1	1	1	1	1.0414327E7	1.056574E7	9512448.0	1.0414327E7	1.056574E7	9512448.0	
sp|P28625|YIM1_YEAST	P28625	YIM1_YEAST	YIM1	365	Saccharomyces cerevisiae (strain ATCC 204508 / S288c)	1:Experimental evidence at protein level	Protein YIM1	1.0	0.999	2	6	6	6	3	2	1	3	2	1	3	2	1	6393995.0	1.2091194E7	5535499.0	3379207.2	6116475.0	5839196.5	
sp|P28707|SBA1_YEAST	P28707	SBA1_YEAST	SBA1	216	Saccharomyces cerevisiae (strain ATCC 204508 / S288c)	1:Experimental evidence at protein level	Co-chaperone protein SBA1	1.0	0.999	5	54	54	54	20	17	17	20	17	17	20	17	17	2.3306224E8	2.18138832E8	2.20330768E8	1.0221124E8	1.0320668E8	1.03875136E8	
sp|P28737|MSP1_YEAST	P28737	MSP1_YEAST	MSP1	362	Saccharomyces cerevisiae (strain ATCC 204508 / S288c)	1:Experimental evidence at protein level	Outer mitochondrial transmembrane helix translocase	0.9647	0.9989	1	3	3	3	1	1	1	1	1	1	1	1	1	2387025.2	2385077.0	1449618.9	2387025.2	2385077.0	1449618.9	
sp|P28777|AROC_YEAST	P28777	AROC_YEAST	ARO2	376	Saccharomyces cerevisiae (strain ATCC 204508 / S288c)	1:Experimental evidence at protein level	Chorismate synthase	1.0	0.999	6	28	28	28	9	10	9	9	10	9	9	10	9	6.4604676E7	5.4623688E7	4.8971984E7	1.4899849E7	1.539805E7	1.4573799E7	
sp|P28834|IDH1_YEAST	P28834	IDH1_YEAST	IDH1	360	Saccharomyces cerevisiae (strain ATCC 204508 / S288c)	1:Experimental evidence at protein level	Isocitrate dehydrogenase [NAD] subunit 1, mitochondrial	1.0	0.999	14	146	146	146	46	49	51	46	49	51	46	49	51	8.4212474E8	8.5599693E8	7.6576013E8	1.4180432E8	1.38209024E8	1.37224336E8	
sp|P29295|HRR25_YEAST	P29295	HRR25_YEAST	HRR25	494	Saccharomyces cerevisiae (strain ATCC 204508 / S288c)	1:Experimental evidence at protein level	Casein kinase I homolog HRR25	0.8481	0.9946	1	1	0	1	1	0	0	0	0	0	1	0	0	5281406.0	3689473.0	4409877.5	5281406.0	3689473.0	4409877.5	sp|P39962|KC13_YEAST
sp|P29311|BMH1_YEAST	P29311	BMH1_YEAST	BMH1	267	Saccharomyces cerevisiae (strain ATCC 204508 / S288c)	1:Experimental evidence at protein level	Protein BMH1	1.0	0.999	14	235	58	235	77	75	83	18	19	21	77	75	83	2.20719539E9	2.65821389E9	2.95482778E9	3.18226048E8	3.35739584E8	3.56665984E8	
sp|P29453|RL8B_YEAST	P29453	RL8B_YEAST	RPL8B	256	Saccharomyces cerevisiae (strain ATCC 204508 / S288c)	1:Experimental evidence at protein level	60S ribosomal protein L8-B	1.0	0.999	12	152	21	152	51	50	51	8	8	5	51	50	51	1.57425293E9	1.40557773E9	1.45135245E9	3.14308448E8	3.06234208E8	3.05017504E8	
sp|P29478|SEC65_YEAST	P29478	SEC65_YEAST	SEC65	273	Saccharomyces cerevisiae (strain ATCC 204508 / S288c)	1:Experimental evidence at protein level	Signal recognition particle subunit SEC65	0.9158	0.9972	1	3	3	3	1	1	1	1	1	1	1	1	1	3454500.0	4478882.5	4260504.5	3454500.0	4478882.5	4260504.5	
sp|P29509|TRXB1_YEAST	P29509	TRXB1_YEAST	TRR1	319	Saccharomyces cerevisiae (strain ATCC 204508 / S288c)	1:Experimental evidence at protein level	Thioredoxin reductase 1	1.0	0.999	9	70	57	70	22	23	25	18	18	21	22	23	25	2.83130912E8	2.79463584E8	3.33199584E8	7.129132E7	7.346044E7	8.7849152E7	
sp|P29547|EF1G1_YEAST	P29547	EF1G1_YEAST	CAM1	415	Saccharomyces cerevisiae (strain ATCC 204508 / S288c)	1:Experimental evidence at protein level	Elongation factor 1-gamma 1	1.0	0.999	16	120	120	130	41	39	40	41	39	40	44	42	44	3.26399936E8	3.66067648E8	3.93929888E8	6.0231284E7	6.7425E7	7.0488216E7	
sp|P29704|ERG9_YEAST	P29704	ERG9_YEAST	ERG9	444	Saccharomyces cerevisiae (strain ATCC 204508 / S288c)	1:Experimental evidence at protein level	Squalene synthase ERG9	1.0	0.999	12	53	53	53	18	20	15	18	20	15	18	20	15	5.5207987E8	7.3995322E8	1.55845248E8	1.91972496E8	1.75043792E8	1.70125888E8	
sp|P29952|MPI_YEAST	P29952	MPI_YEAST	PMI40	429	Saccharomyces cerevisiae (strain ATCC 204508 / S288c)	1:Experimental evidence at protein level	Mannose-6-phosphate isomerase	1.0	0.999	11	32	32	32	11	10	11	11	10	11	11	10	11	1.40720976E8	1.3181928E8	1.17901608E8	3.180772E7	3.2401608E7	3.3074386E7	
sp|P30624|LCF1_YEAST	P30624	LCF1_YEAST	FAA1	700	Saccharomyces cerevisiae (strain ATCC 204508 / S288c)	1:Experimental evidence at protein level	Long-chain-fatty-acid--CoA ligase 1	1.0	0.999	20	89	82	89	29	28	32	27	26	29	29	28	32	3.0491296E8	3.1939136E8	3.3024848E8	5.3458136E7	4.9414928E7	4.73808E7	
sp|P30656|PSB5_YEAST	P30656	PSB5_YEAST	PRE2	287	Saccharomyces cerevisiae (strain ATCC 204508 / S288c)	1:Experimental evidence at protein level	Proteasome subunit beta type-5	0.9682	0.999	1	3	3	3	1	1	1	1	1	1	1	1	1	1.8840404E7	1.3231948E7	1.3148563E7	1.8840404E7	1.3231948E7	1.3148563E7	
sp|P30657|PSB7_YEAST	P30657	PSB7_YEAST	PRE4	266	Saccharomyces cerevisiae (strain ATCC 204508 / S288c)	1:Experimental evidence at protein level	Proteasome subunit beta type-7	0.9998	0.9985	2	12	12	12	3	4	5	3	4	5	3	4	5	2.6872706E7	2.658555E7	2.47097E7	1.0039718E7	1.0792504E7	1.0712659E7	
sp|P30771|RENT1_YEAST	P30771	RENT1_YEAST	NAM7	971	Saccharomyces cerevisiae (strain ATCC 204508 / S288c)	1:Experimental evidence at protein level	ATP-dependent helicase NAM7	0.9631	0.9988	1	1	1	1	0	0	1	0	0	1	0	0	1	4481038.0	5394244.5	3936475.5	4481038.0	5394244.5	3936475.5	
sp|P30822|XPO1_YEAST	P30822	XPO1_YEAST	CRM1	1084	Saccharomyces cerevisiae (strain ATCC 204508 / S288c)	1:Experimental evidence at protein level	Exportin-1	1.0	0.999	21	60	60	60	21	19	20	21	19	20	21	19	20	1.38948608E8	1.38545664E8	1.49252752E8	1.6438059E7	1.619008E7	1.7358832E7	
sp|P31109|SNC1_YEAST	P31109	SNC1_YEAST	SNC1	117	Saccharomyces cerevisiae (strain ATCC 204508 / S288c)	1:Experimental evidence at protein level	Synaptobrevin homolog 1	0.997	0.999	2	5	3	5	2	2	1	1	1	1	2	2	1	2.7724872E7	2.0771974E7	2.7329912E7	1.6166163E7	1.172845E7	1.5907899E7	
sp|P31116|DHOM_YEAST	P31116	DHOM_YEAST	HOM6	359	Saccharomyces cerevisiae (strain ATCC 204508 / S288c)	1:Experimental evidence at protein level	Homoserine dehydrogenase	1.0	0.999	15	148	148	148	49	49	50	49	49	50	49	49	50	8.2776557E8	8.3556083E8	7.8307053E8	1.2168852E8	1.18035256E8	1.2094304E8	
sp|P31373|CYS3_YEAST	P31373	CYS3_YEAST	CYS3	394	Saccharomyces cerevisiae (strain ATCC 204508 / S288c)	1:Experimental evidence at protein level	Cystathionine gamma-lyase	1.0	0.999	10	114	114	114	38	38	38	38	38	38	38	38	38	5.8115379E8	6.0722918E8	7.1777792E8	1.10171472E8	1.19748928E8	1.36268096E8	
sp|P31381|FUN26_YEAST	P31381	FUN26_YEAST	FUN26	517	Saccharomyces cerevisiae (strain ATCC 204508 / S288c)	1:Experimental evidence at protein level	Nucleoside transporter FUN26	0.9682	0.999	1	2	2	2	0	1	1	0	1	1	0	1	1	1338609.6	2435348.5	3471643.5	1338609.6	2435348.5	3471643.5	
sp|P31382|PMT2_YEAST	P31382	PMT2_YEAST	PMT2	759	Saccharomyces cerevisiae (strain ATCC 204508 / S288c)	1:Experimental evidence at protein level	Dolichyl-phosphate-mannose--protein mannosyltransferase 2	1.0	0.999	9	32	23	32	10	12	10	8	8	7	10	12	10	1.1165364E8	1.016364E8	1.08722248E8	2.943262E7	2.5085396E7	2.8631186E7	
sp|P31383|2AAA_YEAST	P31383	2AAA_YEAST	TPD3	635	Saccharomyces cerevisiae (strain ATCC 204508 / S288c)	1:Experimental evidence at protein level	Protein phosphatase PP2A regulatory subunit A	1.0	0.999	8	26	26	26	7	10	9	7	10	9	7	10	9	6.0416068E7	7.58886E7	7.0961776E7	1.8189448E7	2.1194548E7	2.1601612E7	
sp|P31384|CCR4_YEAST	P31384	CCR4_YEAST	CCR4	837	Saccharomyces cerevisiae (strain ATCC 204508 / S288c)	1:Experimental evidence at protein level	CCR4-Not complex 3'-5'-exoribonuclease subunit Ccr4	1.0	0.999	3	5	5	5	3	1	1	3	1	1	3	1	1	7795163.0	6250676.0	9396507.0	4133443.5	3933955.2	4202228.0	
sp|P31412|VATC_YEAST	P31412	VATC_YEAST	VMA5	392	Saccharomyces cerevisiae (strain ATCC 204508 / S288c)	1:Experimental evidence at protein level	V-type proton ATPase subunit C	1.0	0.999	11	38	38	38	12	12	14	12	12	14	12	12	14	1.40795888E8	1.38159344E8	1.44819904E8	4.0239316E7	4.0826048E7	4.163078E7	
sp|P31539|HS104_YEAST	P31539	HS104_YEAST	HSP104	908	Saccharomyces cerevisiae (strain ATCC 204508 / S288c)	1:Experimental evidence at protein level	Heat shock protein 104	1.0	0.999	41	323	323	323	103	111	109	103	111	109	103	111	109	1.90274624E9	1.9243575E9	1.99411021E9	1.20633344E8	1.29025336E8	1.28248416E8	
sp|P31688|TPS2_YEAST	P31688	TPS2_YEAST	TPS2	896	Saccharomyces cerevisiae (strain ATCC 204508 / S288c)	1:Experimental evidence at protein level	Trehalose-phosphatase	1.0	0.999	23	94	94	94	31	35	28	31	35	28	31	35	28	2.7897568E8	2.47307696E8	2.23623216E8	2.6261206E7	2.4608578E7	2.3826698E7	
sp|P31787|ACBP_YEAST	P31787	ACBP_YEAST	ACB1	87	Saccharomyces cerevisiae (strain ATCC 204508 / S288c)	1:Experimental evidence at protein level	Acyl-CoA-binding protein	1.0	0.999	8	74	74	74	26	23	25	26	23	25	26	23	25	4.97329728E8	4.6889856E8	6.8028352E8	1.81592896E8	1.4697512E8	1.78003808E8	
sp|P32074|COPG_YEAST	P32074	COPG_YEAST	SEC21	935	Saccharomyces cerevisiae (strain ATCC 204508 / S288c)	1:Experimental evidence at protein level	Coatomer subunit gamma	1.0	0.999	22	77	77	77	25	26	26	25	26	26	25	26	26	2.24014464E8	2.11335488E8	2.3527136E8	1.883136E7	2.0231384E7	1.9837178E7	
sp|P32178|CHMU_YEAST	P32178	CHMU_YEAST	ARO7	256	Saccharomyces cerevisiae (strain ATCC 204508 / S288c)	1:Experimental evidence at protein level	Chorismate mutase	1.0	0.9989	4	7	7	7	4	1	2	4	1	2	4	1	2	2.063965E7	1.7786748E7	1.8192892E7	7947876.0	6892998.5	6579610.0	
sp|P32179|MET22_YEAST	P32179	MET22_YEAST	MET22	357	Saccharomyces cerevisiae (strain ATCC 204508 / S288c)	1:Experimental evidence at protein level	3'(2'),5'-bisphosphate nucleotidase	1.0	0.9989	3	6	6	6	3	1	2	3	1	2	3	1	2	1.6140162E7	1.6896906E7	1.866608E7	6395654.0	7293445.5	7583003.5	
sp|P32191|GPDM_YEAST	P32191	GPDM_YEAST	GUT2	649	Saccharomyces cerevisiae (strain ATCC 204508 / S288c)	1:Experimental evidence at protein level	Glycerol-3-phosphate dehydrogenase, mitochondrial	1.0	0.9988	3	11	11	11	4	3	4	4	3	4	4	3	4	9992794.0	7161001.0	1.523854E7	5188761.0	5992978.5	8801592.0	
sp|P32263|P5CR_YEAST	P32263	P5CR_YEAST	PRO3	286	Saccharomyces cerevisiae (strain ATCC 204508 / S288c)	1:Experimental evidence at protein level	Pyrroline-5-carboxylate reductase	1.0	0.999	10	52	52	52	13	20	19	13	20	19	13	20	19	2.07851952E8	1.84677776E8	1.94508976E8	4.3746528E7	4.1688024E7	4.7564628E7	
sp|P32264|PROB_YEAST	P32264	PROB_YEAST	PRO1	428	Saccharomyces cerevisiae (strain ATCC 204508 / S288c)	1:Experimental evidence at protein level	Glutamate 5-kinase	0.9971	0.9988	2	5	3	5	2	1	2	1	1	1	2	1	2	9387812.0	8196895.0	8045547.0	5534514.0	4629150.5	4738815.5	
sp|P32266|MGM1_YEAST	P32266	MGM1_YEAST	MGM1	881	Saccharomyces cerevisiae (strain ATCC 204508 / S288c)	1:Experimental evidence at protein level	Dynamin-like GTPase MGM1, mitochondrial	0.9994	0.9985	2	2	2	2	1	1	0	1	1	0	1	1	0	699221.44	1230721.5	0.0	699221.44	1230721.5	0.0	
sp|P32288|GLNA_YEAST	P32288	GLNA_YEAST	GLN1	370	Saccharomyces cerevisiae (strain ATCC 204508 / S288c)	1:Experimental evidence at protein level	Glutamine synthetase	1.0	0.999	10	89	89	89	27	31	31	27	31	31	27	31	31	4.98408928E8	4.68779232E8	4.56360288E8	1.00097336E8	1.02077592E8	1.0145376E8	
sp|P32319|VPS10_YEAST	P32319	VPS10_YEAST	PEP1	1579	Saccharomyces cerevisiae (strain ATCC 204508 / S288c)	1:Experimental evidence at protein level	Vacuolar protein sorting/targeting protein VPS10	1.0	0.999	16	41	34	41	18	9	14	14	8	12	18	9	14	7.4894824E7	7.118036E7	6.961932E7	1.0715131E7	1.0383465E7	1.0273574E7	
sp|P32324|EF2_YEAST	P32324	EF2_YEAST	EFT1	842	Saccharomyces cerevisiae (strain ATCC 204508 / S288c)	1:Experimental evidence at protein level	Elongation factor 2	1.0	0.999	36	630	630	630	207	201	222	207	201	222	207	201	222	6.2717962E9	6.9914179E9	7.079593E9	6.7906541E8	6.9155392E8	7.1680115E8	
sp|P32327|PYC2_YEAST	P32327	PYC2_YEAST	PYC2	1180	Saccharomyces cerevisiae (strain ATCC 204508 / S288c)	1:Experimental evidence at protein level	Pyruvate carboxylase 2	1.0	0.999	32	32	32	163	13	11	8	13	11	8	56	55	52	8.0272584E7	8.7728704E7	7.6113072E7	2.753675E7	2.8430964E7	2.8204296E7	
sp|P32329|YPS1_YEAST	P32329	YPS1_YEAST	YPS1	569	Saccharomyces cerevisiae (strain ATCC 204508 / S288c)	1:Experimental evidence at protein level	Aspartic proteinase 3	0.9669	0.999	1	6	6	6	2	2	2	2	2	2	2	2	2	2.0065776E7	2.3208758E7	2.2878514E7	2.0065776E7	2.3208758E7	2.2878514E7	
sp|P32337|IMB3_YEAST	P32337	IMB3_YEAST	PSE1	1089	Saccharomyces cerevisiae (strain ATCC 204508 / S288c)	1:Experimental evidence at protein level	Importin subunit beta-3	1.0	0.999	7	12	12	12	6	3	3	6	3	3	6	3	3	3.1818016E7	1.7169634E7	2.69086E7	5952597.5	4876717.0	6179019.5	
sp|P32340|NDI1_YEAST	P32340	NDI1_YEAST	NDI1	513	Saccharomyces cerevisiae (strain ATCC 204508 / S288c)	1:Experimental evidence at protein level	Rotenone-insensitive NADH-ubiquinone oxidoreductase, mitochondrial	0.9997	0.9989	2	4	4	4	0	1	3	0	1	3	0	1	3	4291710.0	7087078.5	7610316.0	3356746.5	5435907.5	6046565.5	
sp|P32347|DCUP_YEAST	P32347	DCUP_YEAST	HEM12	362	Saccharomyces cerevisiae (strain ATCC 204508 / S288c)	1:Experimental evidence at protein level	Uroporphyrinogen decarboxylase	1.0	0.999	3	5	5	5	2	3	0	2	3	0	2	3	0	2.4835782E7	1.6343552E7	9569398.0	8914070.0	6219107.5	5241453.5	
sp|P32352|ERG2_YEAST	P32352	ERG2_YEAST	ERG2	222	Saccharomyces cerevisiae (strain ATCC 204508 / S288c)	1:Experimental evidence at protein level	C-8 sterol isomerase ERG2	1.0	0.999	4	17	17	17	5	6	6	5	6	6	5	6	6	7.5013904E7	7.3872144E7	8.4975088E7	3.2475666E7	2.774285E7	3.2351252E7	
sp|P32353|ERG3_YEAST	P32353	ERG3_YEAST	ERG3	365	Saccharomyces cerevisiae (strain ATCC 204508 / S288c)	1:Experimental evidence at protein level	Delta(7)-sterol 5(6)-desaturase ERG3	1.0	0.9989	2	4	4	4	1	2	1	1	2	1	1	2	1	5554087.0	5126946.0	5184861.0	3218167.5	2959614.5	2927763.2	
sp|P32356|TREA_YEAST	P32356	TREA_YEAST	NTH1	751	Saccharomyces cerevisiae (strain ATCC 204508 / S288c)	1:Experimental evidence at protein level	Cytosolic neutral trehalase	1.0	0.999	16	37	36	37	12	12	13	11	12	13	12	12	13	1.18444208E8	1.07554912E8	1.16592984E8	1.4478661E7	1.3838466E7	1.3370272E7	
sp|P32366|VA0D_YEAST	P32366	VA0D_YEAST	VMA6	345	Saccharomyces cerevisiae (strain ATCC 204508 / S288c)	1:Experimental evidence at protein level	V-type proton ATPase subunit d	1.0	0.999	4	22	22	22	8	8	6	8	8	6	8	8	6	5.7077784E7	4.9876796E7	5.29394E7	2.2914022E7	2.335412E7	2.5282214E7	
sp|P32368|SAC1_YEAST	P32368	SAC1_YEAST	SAC1	623	Saccharomyces cerevisiae (strain ATCC 204508 / S288c)	1:Experimental evidence at protein level	Phosphatidylinositol-3-phosphatase SAC1	1.0	0.999	12	41	41	41	15	14	12	15	14	12	15	14	12	1.31745448E8	1.47033536E8	1.12326192E8	2.7030534E7	2.917958E7	2.7187326E7	
sp|P32377|MVD1_YEAST	P32377	MVD1_YEAST	MVD1	396	Saccharomyces cerevisiae (strain ATCC 204508 / S288c)	1:Experimental evidence at protein level	Diphosphomevalonate decarboxylase	1.0	0.999	7	30	30	30	10	9	11	10	9	11	10	9	11	7.418588E7	8.813328E7	9.9602248E7	1.9488478E7	2.4075934E7	2.7180298E7	
sp|P32379|PSA5_YEAST	P32379	PSA5_YEAST	PUP2	260	Saccharomyces cerevisiae (strain ATCC 204508 / S288c)	1:Experimental evidence at protein level	Proteasome subunit alpha type-5	1.0	0.999	6	22	22	22	6	11	5	6	11	5	6	11	5	1.15980296E8	9.1936456E7	9.6480272E7	3.1718296E7	3.0310064E7	3.043586E7	
sp|P32381|ARP2_YEAST	P32381	ARP2_YEAST	ARP2	391	Saccharomyces cerevisiae (strain ATCC 204508 / S288c)	1:Experimental evidence at protein level	Actin-related protein 2	1.0	0.999	12	49	49	49	16	15	18	16	15	18	16	15	18	1.56591776E8	1.53253312E8	1.51125024E8	2.9269102E7	2.7418038E7	2.669412E7	
sp|P32386|YBT1_YEAST	P32386	YBT1_YEAST	YBT1	1661	Saccharomyces cerevisiae (strain ATCC 204508 / S288c)	1:Experimental evidence at protein level	ATP-dependent bile acid permease	1.0	0.9988	8	11	11	11	4	3	4	4	3	4	4	3	4	3.9804468E7	4.6261132E7	4.7134352E7	1.128238E7	1.0872237E7	1.133344E7	
sp|P32419|MDHP_YEAST	P32419	MDHP_YEAST	MDH3	343	Saccharomyces cerevisiae (strain ATCC 204508 / S288c)	1:Experimental evidence at protein level	Malate dehydrogenase, peroxisomal	1.0	0.9981	4	8	8	8	3	2	3	3	2	3	3	2	3	3.4834696E7	2.7325184E7	2.8431082E7	1.4562441E7	1.1495096E7	1.0785442E7	
sp|P32445|RIM1_YEAST	P32445	RIM1_YEAST	RIM1	135	Saccharomyces cerevisiae (strain ATCC 204508 / S288c)	1:Experimental evidence at protein level	Single-stranded DNA-binding protein RIM1, mitochondrial	1.0	0.999	4	13	13	13	3	6	4	3	6	4	3	6	4	3.0623734E7	5.483564E7	4.9093988E7	1.617894E7	1.8668342E7	1.7158922E7	
sp|P32447|ASF1_YEAST	P32447	ASF1_YEAST	ASF1	279	Saccharomyces cerevisiae (strain ATCC 204508 / S288c)	1:Experimental evidence at protein level	Histone chaperone ASF1	0.9998	0.9985	2	3	3	3	2	1	0	2	1	0	2	1	0	7330089.0	7158986.5	5119402.5	4057952.0	3992549.5	2797468.5	
sp|P32449|AROG_YEAST	P32449	AROG_YEAST	ARO4	370	Saccharomyces cerevisiae (strain ATCC 204508 / S288c)	1:Experimental evidence at protein level	Phospho-2-dehydro-3-deoxyheptonate aldolase, tyrosine-inhibited	1.0	0.999	8	26	26	35	8	8	10	8	8	10	11	11	13	8.6941032E7	1.01627792E8	1.03925096E8	3.5036004E7	3.0536096E7	3.4428124E7	
sp|P32453|ATP11_YEAST	P32453	ATP11_YEAST	ATP11	318	Saccharomyces cerevisiae (strain ATCC 204508 / S288c)	1:Experimental evidence at protein level	Protein ATP11, mitochondrial	1.0	0.9986	3	5	5	5	2	1	2	2	1	2	2	1	2	1.0733279E7	1.2782803E7	1.3569708E7	4380549.0	5038598.0	6172043.5	
sp|P32454|APE2_YEAST	P32454	APE2_YEAST	APE2	952	Saccharomyces cerevisiae (strain ATCC 204508 / S288c)	1:Experimental evidence at protein level	Aminopeptidase 2, mitochondrial	1.0	0.999	27	131	107	131	42	48	41	34	40	33	42	48	41	4.09659616E8	4.76860832E8	4.62449152E8	3.9144772E7	4.025156E7	4.2463456E7	
sp|P32457|CDC3_YEAST	P32457	CDC3_YEAST	CDC3	520	Saccharomyces cerevisiae (strain ATCC 204508 / S288c)	1:Experimental evidence at protein level	Cell division control protein 3	1.0	0.999	10	26	26	26	9	8	9	9	8	9	9	8	9	8.9335808E7	7.1318344E7	8.9873952E7	1.6081128E7	1.4937181E7	1.5658831E7	
sp|P32458|CDC11_YEAST	P32458	CDC11_YEAST	CDC11	415	Saccharomyces cerevisiae (strain ATCC 204508 / S288c)	1:Experimental evidence at protein level	Cell division control protein 11	1.0	0.999	5	9	9	9	4	3	2	4	3	2	4	3	2	6.4347144E7	1.638826E7	1.9524876E7	1.2056545E7	1.4031791E7	1.5271832E7	
sp|P32462|ERG24_YEAST	P32462	ERG24_YEAST	ERG24	438	Saccharomyces cerevisiae (strain ATCC 204508 / S288c)	1:Experimental evidence at protein level	Delta(14)-sterol reductase ERG24	0.9994	0.9969	2	6	6	6	2	2	2	2	2	2	2	2	2	1.5350337E7	1.2890348E7	1.3987613E7	9197841.0	7829675.0	8238444.0	
sp|P32463|ACPM_YEAST	P32463	ACPM_YEAST	ACP1	125	Saccharomyces cerevisiae (strain ATCC 204508 / S288c)	1:Experimental evidence at protein level	Acyl carrier protein, mitochondrial	1.0	0.999	2	25	25	25	8	8	9	8	8	9	8	8	9	7.9953456E7	7.5161352E7	6.8342976E7	3.2926808E7	3.2048106E7	3.0009306E7	
sp|P32466|HXT3_YEAST	P32466	HXT3_YEAST	HXT3	567	Saccharomyces cerevisiae (strain ATCC 204508 / S288c)	1:Experimental evidence at protein level	Low-affinity glucose transporter HXT3	1.0	0.999	7	22	22	40	5	9	8	5	9	8	9	17	14	7.3967032E7	7.5933264E7	7.3907464E7	2.7251582E7	2.7138568E7	3.0830824E7	
sp|P32467|HXT4_YEAST	P32467	HXT4_YEAST	HXT4	576	Saccharomyces cerevisiae (strain ATCC 204508 / S288c)	1:Experimental evidence at protein level	Low-affinity glucose transporter HXT4	0.9672	0.9937	3	3	3	13	1	1	1	1	1	1	3	6	4	3325643.5	3868620.2	4750138.0	3325643.5	3868620.2	4750138.0	
sp|P32468|CDC12_YEAST	P32468	CDC12_YEAST	CDC12	407	Saccharomyces cerevisiae (strain ATCC 204508 / S288c)	1:Experimental evidence at protein level	Cell division control protein 12	1.0	0.999	11	32	32	32	12	11	9	12	11	9	12	11	9	8.2576304E7	8.2210064E7	9.6002288E7	1.5513689E7	1.6160498E7	1.6933542E7	
sp|P32469|DPH5_YEAST	P32469	DPH5_YEAST	DPH5	300	Saccharomyces cerevisiae (strain ATCC 204508 / S288c)	1:Experimental evidence at protein level	Diphthine methyl ester synthase	1.0	0.999	4	20	20	20	6	7	7	6	7	7	6	7	7	3.092284E7	3.2846166E7	3.5562288E7	1.3378945E7	1.2353071E7	1.2571839E7	
sp|P32471|EF1B_YEAST	P32471	EF1B_YEAST	EFB1	206	Saccharomyces cerevisiae (strain ATCC 204508 / S288c)	1:Experimental evidence at protein level	Elongation factor 1-beta	1.0	0.999	6	74	74	74	28	22	24	28	22	24	28	22	24	1.09550566E9	1.21951795E9	1.59490918E9	4.03663296E8	5.3314224E8	6.2252262E8	
sp|P32472|FKBP2_YEAST	P32472	FKBP2_YEAST	FPR2	135	Saccharomyces cerevisiae (strain ATCC 204508 / S288c)	1:Experimental evidence at protein level	Peptidyl-prolyl cis-trans isomerase FPR2	1.0	0.999	3	10	10	10	4	3	3	4	3	3	4	3	3	2.81272E7	1.9682674E7	1.914464E7	1.7918838E7	1.206345E7	1.4076465E7	
sp|P32473|ODPB_YEAST	P32473	ODPB_YEAST	PDB1	366	Saccharomyces cerevisiae (strain ATCC 204508 / S288c)	1:Experimental evidence at protein level	Pyruvate dehydrogenase E1 component subunit beta, mitochondrial	1.0	0.999	7	42	42	42	15	15	12	15	15	12	15	15	12	1.65768864E8	1.38387248E8	1.24037392E8	3.805868E7	3.3311814E7	3.241719E7	
sp|P32474|EUG1_YEAST	P32474	EUG1_YEAST	EUG1	517	Saccharomyces cerevisiae (strain ATCC 204508 / S288c)	1:Experimental evidence at protein level	Protein disulfide-isomerase EUG1	0.9676	0.999	1	3	3	3	1	1	1	1	1	1	1	1	1	2372000.5	3190339.2	5705391.0	2372000.5	3190339.2	5705391.0	
sp|P32476|ERG1_YEAST	P32476	ERG1_YEAST	ERG1	496	Saccharomyces cerevisiae (strain ATCC 204508 / S288c)	1:Experimental evidence at protein level	Squalene epoxidase ERG1	1.0	0.999	9	27	27	27	9	10	8	9	10	8	9	10	8	8.1088568E7	7.5019608E7	8.7178848E7	1.4859492E7	1.3826465E7	1.5627693E7	
sp|P32477|GSH1_YEAST	P32477	GSH1_YEAST	GSH1	678	Saccharomyces cerevisiae (strain ATCC 204508 / S288c)	1:Experimental evidence at protein level	Glutamate--cysteine ligase	1.0	0.999	2	5	5	5	1	2	2	1	2	2	1	2	2	7195880.0	8455705.0	9066625.0	4659370.0	5233797.5	5378102.5	
sp|P32478|HS150_YEAST	P32478	HS150_YEAST	HSP150	413	Saccharomyces cerevisiae (strain ATCC 204508 / S288c)	1:Experimental evidence at protein level	Cell wall mannoprotein HSP150	0.9007	0.9966	1	6	0	6	2	1	3	0	0	0	2	1	3	1.0711108E7	1.8534648E7	1.0461524E7	6706947.5	1.1145512E7	6918249.0	sp|P46999|PIR5_YEAST, sp|P47001|CIS3_YEAST, sp|Q03178|PIR1_YEAST, sp|Q03180|PIR3_YEAST
sp|P32481|IF2G_YEAST	P32481	IF2G_YEAST	GCD11	527	Saccharomyces cerevisiae (strain ATCC 204508 / S288c)	1:Experimental evidence at protein level	Eukaryotic translation initiation factor 2 subunit gamma	1.0	0.999	17	73	73	73	22	28	23	22	28	23	22	28	23	2.62757888E8	2.2301752E8	3.3168064E8	5.1879516E7	5.2898512E7	5.7647784E7	
sp|P32485|HOG1_YEAST	P32485	HOG1_YEAST	HOG1	435	Saccharomyces cerevisiae (strain ATCC 204508 / S288c)	1:Experimental evidence at protein level	Mitogen-activated protein kinase HOG1	1.0	0.999	9	25	22	25	7	9	9	7	8	7	7	9	9	6.2566276E7	8.5402768E7	9.358392E7	1.6166665E7	1.8511632E7	2.1273988E7	
sp|P32486|KRE6_YEAST	P32486	KRE6_YEAST	KRE6	720	Saccharomyces cerevisiae (strain ATCC 204508 / S288c)	1:Experimental evidence at protein level	Beta-glucan synthesis-associated protein KRE6	0.9682	0.999	1	3	3	3	1	1	1	1	1	1	1	1	1	3594990.8	4694157.0	4162860.0	3594990.8	4694157.0	4162860.0	
sp|P32495|NHP2_YEAST	P32495	NHP2_YEAST	NHP2	156	Saccharomyces cerevisiae (strain ATCC 204508 / S288c)	1:Experimental evidence at protein level	H/ACA ribonucleoprotein complex subunit NHP2	0.9996	0.9983	2	7	7	7	2	2	3	2	2	3	2	2	3	1.3803091E7	1.3419192E7	1.356036E7	7267512.5	7062375.0	7086615.5	
sp|P32496|RPN12_YEAST	P32496	RPN12_YEAST	RPN12	274	Saccharomyces cerevisiae (strain ATCC 204508 / S288c)	1:Experimental evidence at protein level	26S proteasome regulatory subunit RPN12	1.0	0.999	7	17	17	17	6	5	6	6	5	6	6	5	6	3.32075808E8	3.2158272E8	3.34370752E8	2.67596864E8	2.93822432E8	2.85280832E8	
sp|P32497|EIF3C_YEAST	P32497	EIF3C_YEAST	NIP1	812	Saccharomyces cerevisiae (strain ATCC 204508 / S288c)	1:Experimental evidence at protein level	Eukaryotic translation initiation factor 3 subunit C	1.0	0.999	14	54	54	54	16	19	19	16	19	19	16	19	19	1.64523248E8	1.70932E8	1.62297552E8	2.9203712E7	2.7481362E7	2.9092966E7	
sp|P32499|NUP2_YEAST	P32499	NUP2_YEAST	NUP2	720	Saccharomyces cerevisiae (strain ATCC 204508 / S288c)	1:Experimental evidence at protein level	Nucleoporin NUP2	1.0	0.999	12	31	31	31	12	9	10	12	9	10	12	9	10	5.5555668E7	6.6740128E7	5.6636592E7	1.6405705E7	1.8911508E7	2.1847472E7	
sp|P32501|EI2BE_YEAST	P32501	EI2BE_YEAST	GCD6	712	Saccharomyces cerevisiae (strain ATCC 204508 / S288c)	1:Experimental evidence at protein level	Translation initiation factor eIF-2B subunit epsilon	1.0	0.999	7	12	12	12	6	4	2	6	4	2	6	4	2	4.7218684E7	5.76865E7	9.4528608E7	3.726864E7	3.9263772E7	4.6348296E7	
sp|P32502|EI2BB_YEAST	P32502	EI2BB_YEAST	GCD7	381	Saccharomyces cerevisiae (strain ATCC 204508 / S288c)	1:Experimental evidence at protein level	Translation initiation factor eIF-2B subunit beta	0.99	0.9967	2	3	3	3	1	1	1	1	1	1	1	1	1	4902950.5	3645288.0	2034501.4	2478761.2	1950290.6	2525709.8	
sp|P32505|NAB2_YEAST	P32505	NAB2_YEAST	NAB2	525	Saccharomyces cerevisiae (strain ATCC 204508 / S288c)	1:Experimental evidence at protein level	Nuclear polyadenylated RNA-binding protein NAB2	1.0	0.999	3	10	10	10	4	3	3	4	3	3	4	3	3	1.78645E7	1.6841184E7	1.4828459E7	1.2471067E7	1.1168546E7	9676339.0	
sp|P32521|PAN1_YEAST	P32521	PAN1_YEAST	PAN1	1480	Saccharomyces cerevisiae (strain ATCC 204508 / S288c)	1:Experimental evidence at protein level	Actin cytoskeleton-regulatory complex protein PAN1	1.0	0.999	5	13	13	13	4	4	5	4	4	5	4	4	5	3.6977268E7	3.5880464E7	3.6017284E7	1.0016502E7	1.0026609E7	9182868.0	
sp|P32527|ZUO1_YEAST	P32527	ZUO1_YEAST	ZUO1	433	Saccharomyces cerevisiae (strain ATCC 204508 / S288c)	1:Experimental evidence at protein level	Zuotin	1.0	0.999	13	71	71	71	24	26	21	24	26	21	24	26	21	3.05121472E8	2.76398176E8	2.86102048E8	6.0039908E7	5.75671E7	6.0049256E7	
sp|P32528|DUR1_YEAST	P32528	DUR1_YEAST	DUR1,2	1835	Saccharomyces cerevisiae (strain ATCC 204508 / S288c)	1:Experimental evidence at protein level	Urea amidolyase	1.0	0.999	3	5	5	5	2	1	2	2	1	2	2	1	2	7529301.0	7256566.0	1.1764514E7	3244674.8	3105934.5	4376272.5	
sp|P32558|SPT16_YEAST	P32558	SPT16_YEAST	SPT16	1035	Saccharomyces cerevisiae (strain ATCC 204508 / S288c)	1:Experimental evidence at protein level	FACT complex subunit SPT16	1.0	0.999	23	65	65	65	21	20	24	21	20	24	21	20	24	2.2368952E8	2.23720336E8	2.278532E8	2.8141872E7	2.6386766E7	2.7380036E7	
sp|P32563|VPP1_YEAST	P32563	VPP1_YEAST	VPH1	840	Saccharomyces cerevisiae (strain ATCC 204508 / S288c)	1:Experimental evidence at protein level	V-type proton ATPase subunit a, vacuolar isoform	1.0	0.999	16	95	95	95	31	32	32	31	32	32	31	32	32	2.20888256E8	2.3890096E8	2.86744736E8	2.8974974E7	3.772192E7	4.0889052E7	
sp|P32565|RPN2_YEAST	P32565	RPN2_YEAST	RPN2	945	Saccharomyces cerevisiae (strain ATCC 204508 / S288c)	1:Experimental evidence at protein level	26S proteasome regulatory subunit RPN2	1.0	0.999	20	69	64	69	21	28	20	20	26	18	21	28	20	2.0316344E8	1.92491952E8	2.00694208E8	2.1196974E7	2.0311196E7	2.0288928E7	
sp|P32566|SMI1_YEAST	P32566	SMI1_YEAST	SMI1	505	Saccharomyces cerevisiae (strain ATCC 204508 / S288c)	1:Experimental evidence at protein level	Cell wall assembly regulator SMI1	1.0	0.999	2	3	3	3	2	0	1	2	0	1	2	0	1	1.4505698E7	1.3742297E7	6348289.0	8775938.0	7369873.0	7082240.0	
sp|P32582|CBS_YEAST	P32582	CBS_YEAST	CYS4	507	Saccharomyces cerevisiae (strain ATCC 204508 / S288c)	1:Experimental evidence at protein level	Cystathionine beta-synthase	1.0	0.999	22	169	169	169	56	59	54	56	59	54	56	59	54	7.121511E8	6.6978701E8	7.9098234E8	1.09337832E8	9.6098288E7	1.11656808E8	
sp|P32588|PUB1_YEAST	P32588	PUB1_YEAST	PUB1	453	Saccharomyces cerevisiae (strain ATCC 204508 / S288c)	1:Experimental evidence at protein level	Nuclear and cytoplasmic polyadenylated RNA-binding protein PUB1	1.0	0.999	5	24	24	24	8	7	9	8	7	9	8	7	9	1.12279088E8	9.5315048E7	1.18382888E8	4.9364608E7	4.2765736E7	4.822842E7	
sp|P32589|HSP7F_YEAST	P32589	HSP7F_YEAST	SSE1	693	Saccharomyces cerevisiae (strain ATCC 204508 / S288c)	1:Experimental evidence at protein level	Heat shock protein homolog SSE1	1.0	0.999	30	303	232	303	95	102	106	72	77	83	95	102	106	1.88250266E9	1.70915661E9	1.75393754E9	1.83895216E8	1.81390192E8	1.91390224E8	
sp|P32590|HSP79_YEAST	P32590	HSP79_YEAST	SSE2	693	Saccharomyces cerevisiae (strain ATCC 204508 / S288c)	1:Experimental evidence at protein level	Heat shock protein homolog SSE2	1.0	0.999	10	6	6	77	1	3	2	1	3	2	24	28	25	1.735037E7	1.7415894E7	1.8623436E7	7667848.5	9001832.0	8276623.5	
sp|P32591|SWI3_YEAST	P32591	SWI3_YEAST	SWI3	825	Saccharomyces cerevisiae (strain ATCC 204508 / S288c)	1:Experimental evidence at protein level	SWI/SNF complex subunit SWI3	0.8525	0.9947	1	1	1	1	0	0	1	0	0	1	0	0	1	2478328.5	3139269.5	3116794.5	2478328.5	3139269.5	3116794.5	
sp|P32597|STH1_YEAST	P32597	STH1_YEAST	STH1	1359	Saccharomyces cerevisiae (strain ATCC 204508 / S288c)	1:Experimental evidence at protein level	Nuclear protein STH1/NPS1	0.9657	0.9989	1	3	3	3	1	1	1	1	1	1	1	1	1	899295.5	1833893.8	1805779.9	899295.5	1833893.8	1805779.9	
sp|P32598|PP12_YEAST	P32598	PP12_YEAST	GLC7	312	Saccharomyces cerevisiae (strain ATCC 204508 / S288c)	1:Experimental evidence at protein level	Serine/threonine-protein phosphatase PP1-2	1.0	0.999	7	37	28	37	12	13	12	9	10	9	12	13	12	8.2552008E7	8.8950896E7	1.20994608E8	2.2745596E7	2.821616E7	2.9744166E7	
sp|P32599|FIMB_YEAST	P32599	FIMB_YEAST	SAC6	642	Saccharomyces cerevisiae (strain ATCC 204508 / S288c)	1:Experimental evidence at protein level	Fimbrin	1.0	0.999	16	103	103	103	35	35	33	35	35	33	35	35	33	4.33289792E8	4.06126016E8	4.43725568E8	7.644504E7	7.4764264E7	7.8081856E7	
sp|P32602|SEC17_YEAST	P32602	SEC17_YEAST	SEC17	292	Saccharomyces cerevisiae (strain ATCC 204508 / S288c)	1:Experimental evidence at protein level	Alpha-soluble NSF attachment protein	1.0	0.999	7	22	22	22	6	8	8	6	8	8	6	8	8	7.1161944E7	7.3824776E7	8.6505296E7	2.3189248E7	2.3650548E7	2.6506744E7	
sp|P32604|F26_YEAST	P32604	F26_YEAST	FBP26	452	Saccharomyces cerevisiae (strain ATCC 204508 / S288c)	1:Experimental evidence at protein level	Fructose-2,6-bisphosphatase	0.9682	0.999	1	3	3	3	1	1	1	1	1	1	1	1	1	3700567.2	3916662.2	4807631.5	3700567.2	3916662.2	4807631.5	
sp|P32608|RTG2_YEAST	P32608	RTG2_YEAST	RTG2	588	Saccharomyces cerevisiae (strain ATCC 204508 / S288c)	1:Experimental evidence at protein level	Retrograde regulation protein 2	0.9999	0.9948	3	4	4	4	2	2	0	2	2	0	2	2	0	6127341.5	6589862.5	5078174.0	3965024.5	4119277.2	3327997.2	
sp|P32610|VATD_YEAST	P32610	VATD_YEAST	VMA8	256	Saccharomyces cerevisiae (strain ATCC 204508 / S288c)	1:Experimental evidence at protein level	V-type proton ATPase subunit D	1.0	0.999	5	17	17	17	7	6	4	7	6	4	7	6	4	7.2494392E7	4.4610896E7	7.3067232E7	2.032714E7	2.1055154E7	2.8346112E7	
sp|P32614|FRDS_YEAST	P32614	FRDS_YEAST	FRD1	470	Saccharomyces cerevisiae (strain ATCC 204508 / S288c)	1:Experimental evidence at protein level	Fumarate reductase 1	1.0	0.999	16	92	92	92	29	35	28	29	35	28	29	35	28	2.88447424E8	3.04844032E8	3.0214816E8	3.7292168E7	3.7147768E7	4.0976972E7	
sp|P32621|GDA1_YEAST	P32621	GDA1_YEAST	GDA1	518	Saccharomyces cerevisiae (strain ATCC 204508 / S288c)	1:Experimental evidence at protein level	Guanosine-diphosphatase	0.9682	0.999	1	3	3	3	1	1	1	1	1	1	1	1	1	2589464.0	4774234.5	4377271.0	2589464.0	4774234.5	4377271.0	
sp|P32623|CRH2_YEAST	P32623	CRH2_YEAST	UTR2	467	Saccharomyces cerevisiae (strain ATCC 204508 / S288c)	1:Experimental evidence at protein level	Probable glycosidase CRH2	1.0	0.999	2	5	5	5	1	2	2	1	2	2	1	2	2	1.9204084E7	2.2716152E7	1.8109094E7	1.0983529E7	1.3795902E7	1.0791776E7	
sp|P32626|ENOPH_YEAST	P32626	ENOPH_YEAST	UTR4	227	Saccharomyces cerevisiae (strain ATCC 204508 / S288c)	1:Experimental evidence at protein level	Enolase-phosphatase E1	1.0	0.999	3	9	9	9	3	3	3	3	3	3	3	3	3	2.2245378E7	1.6939644E7	2.3243956E7	9410671.0	7769393.5	9163128.0	
sp|P32628|RAD23_YEAST	P32628	RAD23_YEAST	RAD23	398	Saccharomyces cerevisiae (strain ATCC 204508 / S288c)	1:Experimental evidence at protein level	UV excision repair protein RAD23	1.0	0.999	5	19	19	19	6	6	7	6	6	7	6	6	7	6.0085444E7	5.796158E7	6.4159692E7	2.1816466E7	2.0234994E7	2.080004E7	
sp|P32642|GLRX4_YEAST	P32642	GLRX4_YEAST	GRX4	244	Saccharomyces cerevisiae (strain ATCC 204508 / S288c)	1:Experimental evidence at protein level	Monothiol glutaredoxin-4	0.9665	0.9989	1	5	0	5	2	2	1	0	0	0	2	2	1	5106815.5	8745278.0	1.2882671E7	5106815.5	8745278.0	1.2882671E7	sp|Q03835|GLRX3_YEAST
sp|P32643|TMT1_YEAST	P32643	TMT1_YEAST	TMT1	299	Saccharomyces cerevisiae (strain ATCC 204508 / S288c)	1:Experimental evidence at protein level	Trans-aconitate 3-methyltransferase	0.9895	0.9962	2	3	3	3	1	2	0	1	2	0	1	2	0	706041.5	5259200.5	3373445.2	706041.5	3403308.2	3373445.2	
sp|P32644|ECM32_YEAST	P32644	ECM32_YEAST	ECM32	1121	Saccharomyces cerevisiae (strain ATCC 204508 / S288c)	1:Experimental evidence at protein level	Putative ATP-dependent RNA helicase ECM32	0.5835	0.9787	1	2	2	2	1	1	0	1	1	0	1	1	0	847981.44	1153147.1	1231909.4	847981.44	1153147.1	1231909.4	
sp|P32660|ATC5_YEAST	P32660	ATC5_YEAST	DNF1	1571	Saccharomyces cerevisiae (strain ATCC 204508 / S288c)	1:Experimental evidence at protein level	Phospholipid-transporting ATPase DNF1	0.9938	0.9884	2	2	1	2	1	1	0	1	0	0	1	1	0	126037.34	1.1148422E7	1.1035449E7	0.0	1.1148422E7	1.1035449E7	
sp|P32767|KA122_YEAST	P32767	KA122_YEAST	KAP122	1081	Saccharomyces cerevisiae (strain ATCC 204508 / S288c)	1:Experimental evidence at protein level	Importin beta-like protein KAP122	0.6607	0.9846	1	2	2	2	1	1	0	1	1	0	1	1	0	2825307.0	7465499.5	2.153556E7	2825307.0	7465499.5	2.153556E7	
sp|P32769|HBS1_YEAST	P32769	HBS1_YEAST	HBS1	611	Saccharomyces cerevisiae (strain ATCC 204508 / S288c)	1:Experimental evidence at protein level	Elongation factor 1 alpha-like protein	0.9894	0.998	2	2	2	5	1	0	1	1	0	1	2	1	2	4495337.0	3076377.0	4242878.0	4495337.0	3076377.0	4242878.0	
sp|P32771|FADH_YEAST	P32771	FADH_YEAST	SFA1	386	Saccharomyces cerevisiae (strain ATCC 204508 / S288c)	1:Experimental evidence at protein level	S-(hydroxymethyl)glutathione dehydrogenase	1.0	0.999	8	30	30	30	8	11	11	8	11	11	8	11	11	6.7706184E7	7.1654864E7	6.9107088E7	1.4521043E7	1.2582321E7	1.3447436E7	
sp|P32774|T2AG_YEAST	P32774	T2AG_YEAST	TOA2	122	Saccharomyces cerevisiae (strain ATCC 204508 / S288c)	1:Experimental evidence at protein level	Transcription initiation factor IIA subunit 2	0.9682	0.999	1	3	3	3	1	1	1	1	1	1	1	1	1	3183880.2	4361578.0	3913075.5	3183880.2	4361578.0	3913075.5	
sp|P32775|GLGB_YEAST	P32775	GLGB_YEAST	GLC3	704	Saccharomyces cerevisiae (strain ATCC 204508 / S288c)	1:Experimental evidence at protein level	1,4-alpha-glucan-branching enzyme	1.0	0.999	10	35	35	35	13	12	10	13	12	10	13	12	10	6.253728E7	6.3799048E7	5.7251336E7	1.1337744E7	1.2617343E7	1.1728593E7	
sp|P32787|MG101_YEAST	P32787	MG101_YEAST	MGM101	269	Saccharomyces cerevisiae (strain ATCC 204508 / S288c)	1:Experimental evidence at protein level	Mitochondrial genome maintenance protein MGM101	0.9997	0.9983	2	2	2	2	2	0	0	2	0	0	2	0	0	2804412.5	2812818.2	4312024.5	2804412.5	2812818.2	4312024.5	
sp|P32790|SLA1_YEAST	P32790	SLA1_YEAST	SLA1	1244	Saccharomyces cerevisiae (strain ATCC 204508 / S288c)	1:Experimental evidence at protein level	Actin cytoskeleton-regulatory complex protein SLA1	1.0	0.999	12	28	28	28	10	7	11	10	7	11	10	7	11	6.2174644E7	6.7983696E7	7.7501432E7	9295073.0	9637138.0	1.0393767E7	
sp|P32793|YSC84_YEAST	P32793	YSC84_YEAST	YSC84	468	Saccharomyces cerevisiae (strain ATCC 204508 / S288c)	1:Experimental evidence at protein level	Protein YSC84	1.0	0.9979	7	4	4	20	2	2	0	2	2	0	8	7	5	7632946.0	8460962.0	7140608.0	4231689.5	4823069.5	4024434.0	
sp|P32794|AFG2_YEAST	P32794	AFG2_YEAST	AFG2	780	Saccharomyces cerevisiae (strain ATCC 204508 / S288c)	1:Experimental evidence at protein level	ATPase family gene 2 protein	0.9669	0.999	1	1	1	1	1	0	0	1	0	0	1	0	0	1877825.8	1242964.1	1932091.5	1877825.8	1242964.1	1932091.5	
sp|P32795|YME1_YEAST	P32795	YME1_YEAST	YME1	747	Saccharomyces cerevisiae (strain ATCC 204508 / S288c)	1:Experimental evidence at protein level	Mitochondrial inner membrane i-AAA protease supercomplex subunit YME1	0.9956	0.9979	2	2	2	2	0	0	2	0	0	2	0	0	2	0.0	2724605.8	1.1625134E7	0.0	4087549.8	5365189.5	
sp|P32796|CACP_YEAST	P32796	CACP_YEAST	CAT2	670	Saccharomyces cerevisiae (strain ATCC 204508 / S288c)	1:Experimental evidence at protein level	Carnitine O-acetyltransferase, mitochondrial	0.9997	0.9972	2	2	2	2	2	0	0	2	0	0	2	0	0	1594150.8	2662307.0	2085776.1	1594150.8	2662307.0	2085776.1	
sp|P32798|COT1_YEAST	P32798	COT1_YEAST	COT1	439	Saccharomyces cerevisiae (strain ATCC 204508 / S288c)	1:Experimental evidence at protein level	Vacuolar zinc transporter COT1	1.0	0.999	3	10	10	10	3	4	3	3	4	3	3	4	3	4.109896E7	3.809534E7	4.634982E7	2.7183606E7	2.2177348E7	2.366889E7	
sp|P32802|TMN1_YEAST	P32802	TMN1_YEAST	EMP70	667	Saccharomyces cerevisiae (strain ATCC 204508 / S288c)	1:Experimental evidence at protein level	Transmembrane 9 superfamily member 1	1.0	0.999	3	6	3	6	2	2	2	1	1	1	2	2	2	1.9270092E7	1.8744282E7	2.4270676E7	1.1350834E7	1.1188483E7	1.5660016E7	
sp|P32803|EMP24_YEAST	P32803	EMP24_YEAST	EMP24	203	Saccharomyces cerevisiae (strain ATCC 204508 / S288c)	1:Experimental evidence at protein level	Endosomal protein P24B	1.0	0.999	4	22	22	22	7	8	7	7	8	7	7	8	7	5.6139084E7	4.633932E7	4.9471312E7	2.0120104E7	1.8592892E7	1.9527004E7	
sp|P32806|GYP6_YEAST	P32806	GYP6_YEAST	GYP6	458	Saccharomyces cerevisiae (strain ATCC 204508 / S288c)	1:Experimental evidence at protein level	GTPase-activating protein GYP6	0.8886	0.9962	1	1	1	1	1	0	0	1	0	0	1	0	0	837820.7	1428698.9	1312718.4	837820.7	1428698.9	1312718.4	
sp|P32831|NGR1_YEAST	P32831	NGR1_YEAST	NGR1	672	Saccharomyces cerevisiae (strain ATCC 204508 / S288c)	1:Experimental evidence at protein level	Negative growth regulatory protein NGR1	0.9998	0.999	2	3	3	3	1	0	2	1	0	2	1	0	2	7019944.5	5824660.5	7601604.0	3810517.0	3245725.0	4236103.0	
sp|P32832|RSC7_YEAST	P32832	RSC7_YEAST	NPL6	435	Saccharomyces cerevisiae (strain ATCC 204508 / S288c)	1:Experimental evidence at protein level	Chromatin structure-remodeling complex subunit RSC7	0.9974	0.999	2	2	2	2	2	0	0	2	0	0	2	0	0	8052122.0	3470733.5	2886723.0	3941836.2	3608369.0	3001199.0	
sp|P32835|GSP1_YEAST	P32835	GSP1_YEAST	GSP1	219	Saccharomyces cerevisiae (strain ATCC 204508 / S288c)	1:Experimental evidence at protein level	GTP-binding nuclear protein GSP1/CNR1	1.0	0.999	9	125	4	125	41	41	43	2	1	1	41	41	43	7.0027725E8	6.6335328E8	6.4077472E8	1.3145848E8	1.26626584E8	1.30739656E8	
sp|P32842|VATL2_YEAST	P32842	VATL2_YEAST	VMA11	164	Saccharomyces cerevisiae (strain ATCC 204508 / S288c)	1:Experimental evidence at protein level	V-type proton ATPase subunit c'	0.9338	0.9978	1	7	7	7	2	2	3	2	2	3	2	2	3	1443367.2	2170916.5	2417887.5	1443367.2	2170916.5	2417887.5	
sp|P32843|YME2_YEAST	P32843	YME2_YEAST	YME2	850	Saccharomyces cerevisiae (strain ATCC 204508 / S288c)	1:Experimental evidence at protein level	Mitochondrial escape protein 2	0.9948	0.9978	2	3	3	3	1	1	1	1	1	1	1	1	1	1042058.44	1841880.2	1742354.5	1042058.44	1841880.2	1742354.5	
sp|P32857|PTM1_YEAST	P32857	PTM1_YEAST	PTM1	523	Saccharomyces cerevisiae (strain ATCC 204508 / S288c)	1:Experimental evidence at protein level	Membrane protein PTM1	1.0	0.999	4	13	13	13	5	5	3	5	5	3	5	5	3	1.838004E7	2.048525E7	2.1090406E7	6473592.0	7327380.5	7609599.5	
sp|P32860|NFU1_YEAST	P32860	NFU1_YEAST	NFU1	256	Saccharomyces cerevisiae (strain ATCC 204508 / S288c)	1:Experimental evidence at protein level	NifU-like protein, mitochondrial	0.8341	0.994	1	3	3	3	1	1	1	1	1	1	1	1	1	3042466.5	2834014.0	2883667.5	3042466.5	2834014.0	2883667.5	
sp|P32861|UGPA1_YEAST	P32861	UGPA1_YEAST	UGP1	499	Saccharomyces cerevisiae (strain ATCC 204508 / S288c)	1:Experimental evidence at protein level	UTP--glucose-1-phosphate uridylyltransferase	1.0	0.999	14	78	78	78	26	27	25	26	27	25	26	27	25	3.37488064E8	3.17395168E8	2.97600864E8	5.760204E7	5.3795384E7	5.2345532E7	
sp|P32864|RAEP_YEAST	P32864	RAEP_YEAST	MRS6	603	Saccharomyces cerevisiae (strain ATCC 204508 / S288c)	1:Experimental evidence at protein level	Rab proteins geranylgeranyltransferase component A	0.9999	0.9985	2	3	3	3	2	1	0	2	1	0	2	1	0	8535575.0	3612513.5	4253314.5	5103196.5	3612513.5	4253314.5	
sp|P32867|SSO1_YEAST	P32867	SSO1_YEAST	SSO1	290	Saccharomyces cerevisiae (strain ATCC 204508 / S288c)	1:Experimental evidence at protein level	Protein SSO1	1.0	0.999	3	4	4	5	2	1	1	2	1	1	2	1	2	1.7633806E7	1.7619044E7	1.4306772E7	1.1533338E7	1.1725234E7	8864966.0	
sp|P32891|DLD1_YEAST	P32891	DLD1_YEAST	DLD1	587	Saccharomyces cerevisiae (strain ATCC 204508 / S288c)	1:Experimental evidence at protein level	D-lactate dehydrogenase [cytochrome] 1, mitochondrial	1.0	0.999	9	18	18	18	5	8	5	5	8	5	5	8	5	5.6950896E7	5.9490028E7	6.554416E7	1.3956352E7	1.4258383E7	1.5951288E7	
sp|P32892|DRS1_YEAST	P32892	DRS1_YEAST	DRS1	752	Saccharomyces cerevisiae (strain ATCC 204508 / S288c)	1:Experimental evidence at protein level	ATP-dependent RNA helicase DRS1	0.9998	0.9984	2	4	4	4	2	0	2	2	0	2	2	0	2	2452946.5	2319989.0	3050536.8	2452946.5	2319989.0	3050536.8	
sp|P32895|KPR1_YEAST	P32895	KPR1_YEAST	PRS1	427	Saccharomyces cerevisiae (strain ATCC 204508 / S288c)	1:Experimental evidence at protein level	Ribose-phosphate pyrophosphokinase 1	0.9999	0.9988	2	4	4	4	2	1	1	2	1	1	2	1	1	1.0858732E7	1.4348758E7	1.357529E7	5884342.0	7773108.0	7361156.0	
sp|P32897|TIM23_YEAST	P32897	TIM23_YEAST	TIM23	222	Saccharomyces cerevisiae (strain ATCC 204508 / S288c)	1:Experimental evidence at protein level	Mitochondrial import inner membrane translocase subunit TIM23	1.0	0.999	2	6	6	6	2	2	2	2	2	2	2	2	2	2.3622914E7	3.4100968E7	3.3346732E7	1.4090084E7	2.0897526E7	2.0526522E7	
sp|P32898|PREP_YEAST	P32898	PREP_YEAST	CYM1	989	Saccharomyces cerevisiae (strain ATCC 204508 / S288c)	1:Experimental evidence at protein level	Presequence protease, mitochondrial	1.0	0.9777	4	6	6	6	2	2	2	2	2	2	2	2	2	7327180.0	3.5466612E7	2.4981534E7	3655692.5	1.9744526E7	2.4015342E7	
sp|P32899|IMP3_YEAST	P32899	IMP3_YEAST	IMP3	183	Saccharomyces cerevisiae (strain ATCC 204508 / S288c)	1:Experimental evidence at protein level	U3 small nucleolar ribonucleoprotein protein IMP3	0.9124	0.9971	1	1	1	1	1	0	0	1	0	0	1	0	0	3517063.5	1577835.9	1890007.8	3517063.5	1577835.9	1890007.8	
sp|P32901|PTR2_YEAST	P32901	PTR2_YEAST	PTR2	601	Saccharomyces cerevisiae (strain ATCC 204508 / S288c)	1:Experimental evidence at protein level	Peptide transporter PTR2	0.4853	0.9687	1	1	1	1	0	1	0	0	1	0	0	1	0	3398187.8	2450057.0	2754105.2	3398187.8	2450057.0	2754105.2	
sp|P32905|RSSA1_YEAST	P32905	RSSA1_YEAST	RPS0A	252	Saccharomyces cerevisiae (strain ATCC 204508 / S288c)	1:Experimental evidence at protein level	40S ribosomal protein S0-A	1.0	0.999	9	14	14	149	5	4	5	5	4	5	50	51	48	1.00451512E8	1.61502672E8	1.86022112E8	6.9740408E7	1.16530648E8	1.40387232E8	
sp|P32911|SUI1_YEAST	P32911	SUI1_YEAST	SUI1	108	Saccharomyces cerevisiae (strain ATCC 204508 / S288c)	1:Experimental evidence at protein level	Eukaryotic translation initiation factor eIF-1	0.9677	0.999	1	3	3	3	1	1	1	1	1	1	1	1	1	8926028.0	5949648.0	5689577.5	8926028.0	5949648.0	5689577.5	
sp|P32913|VPS17_YEAST	P32913	VPS17_YEAST	VPS17	551	Saccharomyces cerevisiae (strain ATCC 204508 / S288c)	1:Experimental evidence at protein level	Vacuolar protein sorting-associated protein 17	0.9272	0.9976	1	1	1	1	1	0	0	1	0	0	1	0	0	3290696.0	3582171.2	2573012.5	3290696.0	3582171.2	2573012.5	
sp|P32915|SC61A_YEAST	P32915	SC61A_YEAST	SEC61	480	Saccharomyces cerevisiae (strain ATCC 204508 / S288c)	1:Experimental evidence at protein level	Protein transport protein SEC61	1.0	0.999	6	16	16	16	5	6	5	5	6	5	5	6	5	5.2501928E7	7.0693552E7	7.6783448E7	1.731127E7	1.4626125E7	1.6793106E7	
sp|P32916|SRPR_YEAST	P32916	SRPR_YEAST	SRP101	621	Saccharomyces cerevisiae (strain ATCC 204508 / S288c)	1:Experimental evidence at protein level	Signal recognition particle receptor subunit alpha homolog	0.9975	0.9961	2	3	3	3	1	1	1	1	1	1	1	1	1	1.1241456E7	8091243.0	4517649.0	6313698.0	6765109.0	7729464.5	
sp|P32939|YPT7_YEAST	P32939	YPT7_YEAST	YPT7	208	Saccharomyces cerevisiae (strain ATCC 204508 / S288c)	1:Experimental evidence at protein level	Ypt/Rab-type GTPase YPT7	1.0	0.999	6	15	15	15	3	5	7	3	5	7	3	5	7	3.6374192E7	4.7141268E7	6.7841592E7	1.8411028E7	1.7715418E7	2.111644E7	
sp|P33201|MRT4_YEAST	P33201	MRT4_YEAST	MRT4	236	Saccharomyces cerevisiae (strain ATCC 204508 / S288c)	1:Experimental evidence at protein level	Ribosome assembly factor MRT4	1.0	0.999	5	18	18	18	6	5	7	6	5	7	6	5	7	4.0393276E7	6.18376E7	2.6780828E7	1.8512314E7	2.0494698E7	1.4876162E7	
sp|P33202|UFD4_YEAST	P33202	UFD4_YEAST	UFD4	1483	Saccharomyces cerevisiae (strain ATCC 204508 / S288c)	1:Experimental evidence at protein level	Ubiquitin fusion degradation protein 4	0.991	0.993	3	6	6	6	3	1	2	3	1	2	3	1	2	8557138.0	1666156.8	1.3666365E7	3726682.0	5393197.5	6186135.0	
sp|P33204|ARPC4_YEAST	P33204	ARPC4_YEAST	ARC19	171	Saccharomyces cerevisiae (strain ATCC 204508 / S288c)	1:Experimental evidence at protein level	Actin-related protein 2/3 complex subunit 4	1.0	0.999	3	12	12	12	4	4	4	4	4	4	4	4	4	2.937938E7	3.9149476E7	2.9513038E7	1.4818981E7	1.9346998E7	1.5778109E7	
sp|P33297|PRS6A_YEAST	P33297	PRS6A_YEAST	RPT5	434	Saccharomyces cerevisiae (strain ATCC 204508 / S288c)	1:Experimental evidence at protein level	26S proteasome regulatory subunit 6A	1.0	0.999	8	32	32	32	11	10	11	11	10	11	11	10	11	9.0661176E7	7.0213952E7	7.105552E7	1.6134327E7	1.571375E7	1.6420476E7	
sp|P33298|PRS6B_YEAST	P33298	PRS6B_YEAST	RPT3	428	Saccharomyces cerevisiae (strain ATCC 204508 / S288c)	1:Experimental evidence at protein level	26S proteasome regulatory subunit 6B homolog	1.0	0.999	8	30	30	36	12	10	8	12	10	8	14	12	10	9.4679968E7	7.9446864E7	8.7235504E7	2.1605054E7	1.6682876E7	1.9805288E7	
sp|P33299|PRS7_YEAST	P33299	PRS7_YEAST	RPT1	467	Saccharomyces cerevisiae (strain ATCC 204508 / S288c)	1:Experimental evidence at protein level	26S proteasome regulatory subunit 7 homolog	1.0	0.999	15	33	33	33	12	10	11	12	10	11	12	10	11	1.21449328E8	1.07381888E8	1.09925096E8	1.4647946E7	1.4832326E7	1.5921108E7	
sp|P33302|PDR5_YEAST	P33302	PDR5_YEAST	PDR5	1511	Saccharomyces cerevisiae (strain ATCC 204508 / S288c)	1:Experimental evidence at protein level	Pleiotropic ABC efflux transporter of multiple drugs	1.0	0.999	21	64	32	64	19	23	22	11	11	10	19	23	22	2.47548976E8	2.60297872E8	2.87421568E8	2.6608624E7	2.5363928E7	2.7951722E7	
sp|P33307|CSE1_YEAST	P33307	CSE1_YEAST	CSE1	960	Saccharomyces cerevisiae (strain ATCC 204508 / S288c)	1:Experimental evidence at protein level	Importin alpha re-exporter	1.0	0.999	5	6	6	6	3	1	2	3	1	2	3	1	2	8720390.0	9553556.0	1.0775621E7	4265678.0	4284185.5	3954588.2	
sp|P33309|DOM34_YEAST	P33309	DOM34_YEAST	DOM34	386	Saccharomyces cerevisiae (strain ATCC 204508 / S288c)	1:Experimental evidence at protein level	Protein DOM34	0.8531	0.9948	1	2	2	2	1	1	0	1	1	0	1	1	0	4886030.0	5343846.0	5234451.0	4886030.0	5343846.0	5234451.0	
sp|P33313|CNS1_YEAST	P33313	CNS1_YEAST	CNS1	385	Saccharomyces cerevisiae (strain ATCC 204508 / S288c)	1:Experimental evidence at protein level	Hsp70/Hsp90 co-chaperone CNS1	0.9635	0.9901	2	4	4	4	1	1	2	1	1	2	1	1	2	1.4609932E7	1.883932E7	2.1534464E7	1.5506952E7	1.6117858E7	1.7367886E7	
sp|P33317|DUT_YEAST	P33317	DUT_YEAST	DUT1	147	Saccharomyces cerevisiae (strain ATCC 204508 / S288c)	1:Experimental evidence at protein level	Deoxyuridine 5'-triphosphate nucleotidohydrolase	1.0	0.999	2	5	5	5	2	2	1	2	2	1	2	2	1	9480003.0	9634684.0	8467608.0	6246345.0	6134895.0	4974124.5	
sp|P33322|CBF5_YEAST	P33322	CBF5_YEAST	CBF5	483	Saccharomyces cerevisiae (strain ATCC 204508 / S288c)	1:Experimental evidence at protein level	H/ACA ribonucleoprotein complex subunit CBF5	1.0	0.999	11	33	33	33	12	9	12	12	9	12	12	9	12	8.1651448E7	9.8258864E7	1.19924672E8	1.8514724E7	2.1792234E7	2.1307196E7	
sp|P33327|DHE2_YEAST	P33327	DHE2_YEAST	GDH2	1092	Saccharomyces cerevisiae (strain ATCC 204508 / S288c)	1:Experimental evidence at protein level	NAD-specific glutamate dehydrogenase	1.0	0.999	4	11	11	11	5	4	2	5	4	2	5	4	2	1.1483896E7	1.6153572E7	1.412172E7	3532087.8	5254725.0	4590312.0	
sp|P33328|SNC2_YEAST	P33328	SNC2_YEAST	SNC2	115	Saccharomyces cerevisiae (strain ATCC 204508 / S288c)	1:Experimental evidence at protein level	Synaptobrevin homolog 2	0.9947	0.999	2	3	3	5	0	2	1	0	2	1	1	3	1	9652307.0	8957659.0	8564576.0	9652307.0	8957659.0	8564576.0	
sp|P33330|SERC_YEAST	P33330	SERC_YEAST	SER1	395	Saccharomyces cerevisiae (strain ATCC 204508 / S288c)	1:Experimental evidence at protein level	Phosphoserine aminotransferase	1.0	0.999	9	48	48	48	17	16	15	17	16	15	17	16	15	2.2287056E8	2.71233728E8	2.9239008E8	6.085468E7	7.3448488E7	7.785084E7	
sp|P33331|NTF2_YEAST	P33331	NTF2_YEAST	NTF2	125	Saccharomyces cerevisiae (strain ATCC 204508 / S288c)	1:Experimental evidence at protein level	Nuclear transport factor 2	0.9997	0.9986	2	32	32	32	12	10	10	12	10	10	12	10	10	1.55642256E8	1.44427408E8	1.48877824E8	4.9167548E7	4.6892908E7	4.6676672E7	
sp|P33333|PLSC_YEAST	P33333	PLSC_YEAST	SLC1	303	Saccharomyces cerevisiae (strain ATCC 204508 / S288c)	1:Experimental evidence at protein level	1-acyl-sn-glycerol-3-phosphate acyltransferase	1.0	0.999	8	23	23	23	9	8	6	9	8	6	9	8	6	7.9788352E7	8.1000104E7	8.235184E7	2.1010186E7	2.0750386E7	2.1885914E7	
sp|P33338|SLA2_YEAST	P33338	SLA2_YEAST	SLA2	968	Saccharomyces cerevisiae (strain ATCC 204508 / S288c)	1:Experimental evidence at protein level	Protein SLA2	1.0	0.999	4	9	9	9	4	2	3	4	2	3	4	2	3	2.407327E7	2.262778E7	1.997405E7	1.3812441E7	1.1695431E7	8060372.0	
sp|P33401|PGM1_YEAST	P33401	PGM1_YEAST	PGM1	570	Saccharomyces cerevisiae (strain ATCC 204508 / S288c)	1:Experimental evidence at protein level	Phosphoglucomutase 1	1.0	0.999	11	15	15	69	7	4	4	7	4	4	25	22	22	4.0448556E7	3.6683864E7	4.6031768E7	1.1814479E7	1.1054322E7	1.3188999E7	
sp|P33416|HSP78_YEAST	P33416	HSP78_YEAST	HSP78	811	Saccharomyces cerevisiae (strain ATCC 204508 / S288c)	1:Experimental evidence at protein level	Heat shock protein 78, mitochondrial	1.0	0.999	29	64	64	64	25	18	21	25	18	21	25	18	21	1.63963312E8	1.46209488E8	1.47839408E8	1.3296271E7	1.3718924E7	1.3257051E7	
sp|P33421|SDH3_YEAST	P33421	SDH3_YEAST	SDH3	198	Saccharomyces cerevisiae (strain ATCC 204508 / S288c)	1:Experimental evidence at protein level	Succinate dehydrogenase [ubiquinone] cytochrome b subunit, mitochondrial	0.9892	0.9972	2	2	2	2	1	1	0	1	1	0	1	1	0	1.3402154E7	8504054.0	4119328.8	7718740.5	4523763.5	4366842.5	
sp|P33442|RS3A1_YEAST	P33442	RS3A1_YEAST	RPS1A	255	Saccharomyces cerevisiae (strain ATCC 204508 / S288c)	1:Experimental evidence at protein level	40S ribosomal protein S1-A	0.9999	0.999	14	11	11	205	4	3	4	4	3	4	67	65	73	1.52439984E8	1.45331088E8	1.72259008E8	1.52439984E8	1.45331088E8	1.72259008E8	
sp|P33734|HIS5_YEAST	P33734	HIS5_YEAST	HIS7	552	Saccharomyces cerevisiae (strain ATCC 204508 / S288c)	1:Experimental evidence at protein level	Imidazole glycerol phosphate synthase hisHF	1.0	0.999	18	43	43	43	18	11	14	18	11	14	18	11	14	1.04734792E8	1.036226E8	1.06781488E8	1.2399387E7	1.140385E7	1.2371216E7	
sp|P33754|SEC66_YEAST	P33754	SEC66_YEAST	SEC66	206	Saccharomyces cerevisiae (strain ATCC 204508 / S288c)	1:Experimental evidence at protein level	Translocation protein SEC66	1.0	0.999	3	13	13	13	5	4	4	5	4	4	5	4	4	1.7909506E7	1.6413392E7	2.0375824E7	8549376.0	8020331.5	8690107.0	
sp|P33755|NPL4_YEAST	P33755	NPL4_YEAST	NPL4	580	Saccharomyces cerevisiae (strain ATCC 204508 / S288c)	1:Experimental evidence at protein level	Nuclear protein localization protein 4	0.9853	0.9831	2	4	4	4	1	1	2	1	1	2	1	1	2	1.149762E7	1.0452086E7	8470753.0	7282825.5	6605098.5	5213405.0	
sp|P33767|OSTB_YEAST	P33767	OSTB_YEAST	WBP1	430	Saccharomyces cerevisiae (strain ATCC 204508 / S288c)	1:Experimental evidence at protein level	Dolichyl-diphosphooligosaccharide--protein glycosyltransferase subunit WBP1	1.0	0.999	6	18	18	18	6	6	6	6	6	6	6	6	6	5.1891316E7	6.8682872E7	7.5153352E7	1.6016395E7	1.7431092E7	2.131687E7	
sp|P33775|PMT1_YEAST	P33775	PMT1_YEAST	PMT1	817	Saccharomyces cerevisiae (strain ATCC 204508 / S288c)	1:Experimental evidence at protein level	Dolichyl-phosphate-mannose--protein mannosyltransferase 1	1.0	0.999	11	47	47	47	16	15	16	16	15	16	16	15	16	1.1484692E8	1.00599496E8	8.7757816E7	2.5413454E7	3.0604632E7	3.2884156E7	
sp|P33892|GCN1_YEAST	P33892	GCN1_YEAST	GCN1	2672	Saccharomyces cerevisiae (strain ATCC 204508 / S288c)	1:Experimental evidence at protein level	eIF-2-alpha kinase activator GCN1	1.0	0.999	39	111	111	111	47	34	30	47	34	30	47	34	30	4.339368E8	2.77976864E8	4.04844448E8	1.04007696E8	9.7018128E7	1.06217024E8	
sp|P34077|NIC96_YEAST	P34077	NIC96_YEAST	NIC96	839	Saccharomyces cerevisiae (strain ATCC 204508 / S288c)	1:Experimental evidence at protein level	Nucleoporin NIC96	1.0	0.9982	4	9	9	9	3	2	4	3	2	4	3	2	4	1.0625191E7	1.0768458E7	1.000623E7	7446571.0	6737480.0	6095115.5	
sp|P34087|RPB7_YEAST	P34087	RPB7_YEAST	RPB7	171	Saccharomyces cerevisiae (strain ATCC 204508 / S288c)	1:Experimental evidence at protein level	DNA-directed RNA polymerase II subunit RPB7	1.0	0.9989	2	3	3	3	1	1	1	1	1	1	1	1	1	9195152.0	7803726.5	1.2904318E7	9195152.0	7803726.5	6533060.0	
sp|P34110|VPS35_YEAST	P34110	VPS35_YEAST	VPS35	944	Saccharomyces cerevisiae (strain ATCC 204508 / S288c)	1:Experimental evidence at protein level	Vacuolar protein sorting-associated protein 35	0.7903	0.992	1	1	1	1	1	0	0	1	0	0	1	0	0	5657467.5	0.0	0.0	0.0	0.0	0.0	
sp|P34160|NCBP1_YEAST	P34160	NCBP1_YEAST	STO1	861	Saccharomyces cerevisiae (strain ATCC 204508 / S288c)	1:Experimental evidence at protein level	Nuclear cap-binding protein complex subunit 1	1.0	0.999	8	20	20	20	7	7	6	7	7	6	7	7	6	3.602828E7	3.9183216E7	3.5226756E7	8454735.0	9066357.0	8727954.0	
sp|P34162|MED20_YEAST	P34162	MED20_YEAST	SRB2	210	Saccharomyces cerevisiae (strain ATCC 204508 / S288c)	1:Experimental evidence at protein level	Mediator of RNA polymerase II transcription subunit 20	0.9995	0.9984	2	3	3	3	1	1	1	1	1	1	1	1	1	4206999.5	6332545.0	4204913.5	2646218.8	3665241.8	2747582.5	
sp|P34163|TGL1_YEAST	P34163	TGL1_YEAST	TGL1	548	Saccharomyces cerevisiae (strain ATCC 204508 / S288c)	1:Experimental evidence at protein level	Sterol esterase TGL1	1.0	0.999	2	3	3	3	1	1	1	1	1	1	1	1	1	5075814.5	6004112.5	7155287.5	5075814.5	6004112.5	7155287.5	
sp|P34167|IF4B_YEAST	P34167	IF4B_YEAST	TIF3	436	Saccharomyces cerevisiae (strain ATCC 204508 / S288c)	1:Experimental evidence at protein level	Eukaryotic translation initiation factor 4B	1.0	0.999	16	69	69	69	20	27	22	20	27	22	20	27	22	2.40262208E8	2.50653504E8	2.67020064E8	4.591758E7	4.563508E7	4.6816164E7	
sp|P34216|EDE1_YEAST	P34216	EDE1_YEAST	EDE1	1381	Saccharomyces cerevisiae (strain ATCC 204508 / S288c)	1:Experimental evidence at protein level	EH domain-containing and endocytosis protein 1	1.0	0.999	23	76	76	76	26	25	25	26	25	25	26	25	25	2.75290336E8	2.63956096E8	2.7494128E8	2.3727278E7	2.4345136E7	2.543627E7	
sp|P34217|PIN4_YEAST	P34217	PIN4_YEAST	PIN4	668	Saccharomyces cerevisiae (strain ATCC 204508 / S288c)	1:Experimental evidence at protein level	RNA-binding protein PIN4	0.9998	0.999	3	4	4	4	1	2	1	1	2	1	1	2	1	1.2065708E7	1.2568542E7	3697765.8	5524739.0	6109266.5	2896891.0	
sp|P34221|PP2C3_YEAST	P34221	PP2C3_YEAST	PTC3	468	Saccharomyces cerevisiae (strain ATCC 204508 / S288c)	1:Experimental evidence at protein level	Protein phosphatase 2C homolog 3	1.0	0.999	5	2	2	18	1	0	1	1	0	1	7	5	6	9458880.0	1.4735052E7	1.4331483E7	1.1403279E7	7803207.0	7269729.5	
sp|P34223|UBX1_YEAST	P34223	UBX1_YEAST	SHP1	423	Saccharomyces cerevisiae (strain ATCC 204508 / S288c)	1:Experimental evidence at protein level	UBX domain-containing protein 1	1.0	0.999	10	29	29	29	10	9	10	10	9	10	10	9	10	8.1433E7	9.3071704E7	8.5212664E7	1.4776795E7	1.7259748E7	1.6126296E7	
sp|P34227|PRX1_YEAST	P34227	PRX1_YEAST	PRX1	261	Saccharomyces cerevisiae (strain ATCC 204508 / S288c)	1:Experimental evidence at protein level	Peroxiredoxin PRX1, mitochondrial	1.0	0.999	6	29	29	29	10	9	10	10	9	10	10	9	10	1.09085024E8	1.07268432E8	1.1710956E8	2.5323152E7	2.2920114E7	2.3900932E7	
sp|P34237|CASP_YEAST	P34237	CASP_YEAST	COY1	679	Saccharomyces cerevisiae (strain ATCC 204508 / S288c)	1:Experimental evidence at protein level	Protein CASP	0.965	0.9989	1	2	2	2	1	0	1	1	0	1	1	0	1	2417078.5	2952747.0	3236062.0	2417078.5	2952747.0	3236062.0	
sp|P34248|YKK0_YEAST	P34248	YKK0_YEAST	YKL100C	587	Saccharomyces cerevisiae (strain ATCC 204508 / S288c)	1:Experimental evidence at protein level	Probable intramembrane protease YKL100C	1.0	0.999	5	12	12	12	6	3	3	6	3	3	6	3	3	3.2108428E7	3.02534E7	3.050991E7	1.7291892E7	2.0977368E7	1.837504E7	
sp|P34730|BMH2_YEAST	P34730	BMH2_YEAST	BMH2	273	Saccharomyces cerevisiae (strain ATCC 204508 / S288c)	1:Experimental evidence at protein level	Protein BMH2	1.0	0.999	13	47	47	224	16	15	16	16	15	16	75	71	78	2.67096672E8	3.17767008E8	2.56011584E8	1.15013584E8	1.38696464E8	1.06745488E8	
sp|P34760|TSA1_YEAST	P34760	TSA1_YEAST	TSA1	196	Saccharomyces cerevisiae (strain ATCC 204508 / S288c)	1:Experimental evidence at protein level	Peroxiredoxin TSA1	1.0	0.999	9	282	257	282	87	99	96	80	90	87	87	99	96	2.23032755E9	2.70129894E9	2.63728666E9	4.41015904E8	5.5760518E8	5.5246029E8	
sp|P34909|NOT4_YEAST	P34909	NOT4_YEAST	MOT2	587	Saccharomyces cerevisiae (strain ATCC 204508 / S288c)	1:Experimental evidence at protein level	General negative regulator of transcription subunit 4	0.9998	0.9987	2	4	4	4	2	1	1	2	1	1	2	1	1	8295987.0	5356304.5	7219899.5	4610622.0	3019399.0	4030227.5	
sp|P35056|PEX5_YEAST	P35056	PEX5_YEAST	PEX5	612	Saccharomyces cerevisiae (strain ATCC 204508 / S288c)	1:Experimental evidence at protein level	Peroxisomal targeting signal receptor	0.9812	0.9871	2	4	4	4	0	2	2	0	2	2	0	2	2	0.0	0.0	0.0	0.0	0.0	0.0	
sp|P35176|CYPD_YEAST	P35176	CYPD_YEAST	CPR5	225	Saccharomyces cerevisiae (strain ATCC 204508 / S288c)	1:Experimental evidence at protein level	Peptidyl-prolyl cis-trans isomerase D	1.0	0.999	7	53	53	53	18	18	17	18	18	17	18	18	17	1.51590064E8	1.2353836E8	1.21430632E8	3.3290904E7	3.1627448E7	3.1788044E7	
sp|P35178|RRP1_YEAST	P35178	RRP1_YEAST	RRP1	278	Saccharomyces cerevisiae (strain ATCC 204508 / S288c)	1:Experimental evidence at protein level	Ribosomal RNA-processing protein 1	0.7024	0.9872	1	1	1	1	1	0	0	1	0	0	1	0	0	5797710.5	7092930.5	8819706.0	5797710.5	7092930.5	8819706.0	
sp|P35179|SC61G_YEAST	P35179	SC61G_YEAST	SSS1	80	Saccharomyces cerevisiae (strain ATCC 204508 / S288c)	1:Experimental evidence at protein level	Protein transport protein SSS1	1.0	0.999	2	23	23	23	8	8	7	8	8	7	8	8	7	2.08700512E8	2.2997032E8	1.001024E8	1.43762016E8	1.57417536E8	6.4233124E7	
sp|P35180|TOM20_YEAST	P35180	TOM20_YEAST	TOM20	183	Saccharomyces cerevisiae (strain ATCC 204508 / S288c)	1:Experimental evidence at protein level	Mitochondrial import receptor subunit TOM20	1.0	0.999	4	11	11	11	4	4	3	4	4	3	4	4	3	3.4953048E7	3.1759516E7	3.0807454E7	1.1599112E7	1.0851815E7	1.066135E7	
sp|P35181|AP1S1_YEAST	P35181	AP1S1_YEAST	APS1	156	Saccharomyces cerevisiae (strain ATCC 204508 / S288c)	1:Experimental evidence at protein level	AP-1 complex subunit sigma-1	0.461	0.9656	1	2	2	2	1	0	1	1	0	1	1	0	1	2675179.0	1430459.0	2453575.8	2675179.0	1430459.0	2453575.8	
sp|P35182|PP2C1_YEAST	P35182	PP2C1_YEAST	PTC1	281	Saccharomyces cerevisiae (strain ATCC 204508 / S288c)	1:Experimental evidence at protein level	Protein phosphatase 2C homolog 1	0.9682	0.999	1	1	1	1	0	1	0	0	1	0	0	1	0	0.0	3515885.2	0.0	0.0	0.0	0.0	
sp|P35184|SQT1_YEAST	P35184	SQT1_YEAST	SQT1	431	Saccharomyces cerevisiae (strain ATCC 204508 / S288c)	1:Experimental evidence at protein level	Ribosome assembly protein SQT1	0.9994	0.9981	2	3	3	3	1	0	2	1	0	2	1	0	2	2579152.2	2950671.2	7821072.0	3233305.8	3699053.5	3301092.0	
sp|P35189|TAF14_YEAST	P35189	TAF14_YEAST	TAF14	244	Saccharomyces cerevisiae (strain ATCC 204508 / S288c)	1:Experimental evidence at protein level	Transcription initiation factor TFIID subunit 14	1.0	0.999	7	25	25	25	9	7	9	9	7	9	9	7	9	3.6231256E7	3.8701384E7	3.948656E7	9784847.0	9865123.0	1.0277545E7	
sp|P35191|MDJ1_YEAST	P35191	MDJ1_YEAST	MDJ1	511	Saccharomyces cerevisiae (strain ATCC 204508 / S288c)	1:Experimental evidence at protein level	DnaJ homolog 1, mitochondrial	0.999	0.999	2	7	7	7	3	2	2	3	2	2	3	2	2	3721143.2	4390797.5	4670791.0	2107832.8	2529644.8	2673314.2	
sp|P35194|UTP20_YEAST	P35194	UTP20_YEAST	UTP20	2493	Saccharomyces cerevisiae (strain ATCC 204508 / S288c)	1:Experimental evidence at protein level	U3 small nucleolar RNA-associated protein 20	0.9545	0.9985	1	2	2	2	0	1	1	0	1	1	0	1	1	908409.5	1584727.6	2101433.0	908409.5	1584727.6	2101433.0	
sp|P35197|GCS1_YEAST	P35197	GCS1_YEAST	GCS1	352	Saccharomyces cerevisiae (strain ATCC 204508 / S288c)	1:Experimental evidence at protein level	ADP-ribosylation factor GTPase-activating protein GCS1	1.0	0.999	6	15	15	15	5	6	4	5	6	4	5	6	4	2.9183436E7	2.6983094E7	3.6251648E7	1.1620595E7	1.1724433E7	1.4334161E7	
sp|P35691|TCTP_YEAST	P35691	TCTP_YEAST	TMA19	167	Saccharomyces cerevisiae (strain ATCC 204508 / S288c)	1:Experimental evidence at protein level	Translationally-controlled tumor protein homolog	1.0	0.999	7	100	100	100	34	31	35	34	31	35	34	31	35	8.3074362E8	8.6943987E8	8.3770835E8	2.88112768E8	3.23933536E8	3.10435488E8	
sp|P35719|MRP8_YEAST	P35719	MRP8_YEAST	MRP8	219	Saccharomyces cerevisiae (strain ATCC 204508 / S288c)	1:Experimental evidence at protein level	Uncharacterized protein MRP8	1.0	0.999	10	79	79	79	24	26	29	24	26	29	24	26	29	3.82098176E8	4.48576256E8	5.09239744E8	6.215694E7	7.5381096E7	8.6186624E7	
sp|P35723|YET1_YEAST	P35723	YET1_YEAST	YET1	206	Saccharomyces cerevisiae (strain ATCC 204508 / S288c)	1:Experimental evidence at protein level	Endoplasmic reticulum transmembrane protein 1	1.0	0.999	3	21	21	21	5	8	8	5	8	8	5	8	8	5.8065364E7	8.2037264E7	9.103256E7	2.798935E7	3.719342E7	4.0938864E7	
sp|P35725|YKG3_YEAST	P35725	YKG3_YEAST	YKL063C	167	Saccharomyces cerevisiae (strain ATCC 204508 / S288c)	1:Experimental evidence at protein level	Uncharacterized protein YKL063C	0.9682	0.999	1	3	3	3	1	1	1	1	1	1	1	1	1	6737822.0	6062275.0	1.1074934E7	6737822.0	6062275.0	1.1074934E7	
sp|P35729|NU120_YEAST	P35729	NU120_YEAST	NUP120	1037	Saccharomyces cerevisiae (strain ATCC 204508 / S288c)	1:Experimental evidence at protein level	Nucleoporin NUP120	1.0	0.999	2	5	5	5	1	2	2	1	2	2	1	2	2	4049606.5	6403837.5	6962843.0	2476713.5	3938337.2	4299783.0	
sp|P35732|DEF1_YEAST	P35732	DEF1_YEAST	DEF1	738	Saccharomyces cerevisiae (strain ATCC 204508 / S288c)	1:Experimental evidence at protein level	RNA polymerase II degradation factor 1	1.0	0.999	7	29	29	29	9	11	9	9	11	9	9	11	9	1.15703376E8	1.2249692E8	1.30320312E8	2.3446714E7	2.4388766E7	2.7622638E7	
sp|P35817|BDF1_YEAST	P35817	BDF1_YEAST	BDF1	686	Saccharomyces cerevisiae (strain ATCC 204508 / S288c)	1:Experimental evidence at protein level	Bromodomain-containing factor 1	1.0	0.9988	3	8	8	8	3	3	2	3	3	2	3	3	2	1.6869356E7	1.4617236E7	1.602371E7	7004575.0	6623247.5	5872963.5	
sp|P35842|PPAB_YEAST	P35842	PPAB_YEAST	PHO11	467	Saccharomyces cerevisiae (strain ATCC 204508 / S288c)	1:Experimental evidence at protein level	Acid phosphatase PHO11	1.0	0.999	3	8	0	8	2	3	3	0	0	0	2	3	3	1.9771588E7	1.575288E7	1.8478004E7	1.0781702E7	9640675.0	1.0717925E7	sp|P38693|PPAC_YEAST
sp|P35844|KES1_YEAST	P35844	KES1_YEAST	KES1	434	Saccharomyces cerevisiae (strain ATCC 204508 / S288c)	1:Experimental evidence at protein level	Oxysterol-binding protein homolog 4	1.0	0.999	12	46	46	46	16	15	15	16	15	15	16	15	15	2.88844928E8	1.92667264E8	3.30262272E8	1.09976336E8	1.06474608E8	1.16667832E8	
sp|P35845|OSH1_YEAST	P35845	OSH1_YEAST	SWH1	1188	Saccharomyces cerevisiae (strain ATCC 204508 / S288c)	1:Experimental evidence at protein level	Oxysterol-binding protein homolog 1	0.9991	0.9958	3	3	3	3	0	0	3	0	0	3	0	0	3	2213994.8	2824127.5	2785355.8	1233929.8	1595096.5	1571487.5	
sp|P35997|RS27A_YEAST	P35997	RS27A_YEAST	RPS27A	82	Saccharomyces cerevisiae (strain ATCC 204508 / S288c)	1:Experimental evidence at protein level	40S ribosomal protein S27-A	1.0	0.999	4	83	0	83	29	25	29	0	0	0	29	25	29	9.2491795E8	8.578295E8	7.6907405E8	4.10109216E8	3.52365856E8	3.46935904E8	sp|P38711|RS27B_YEAST
sp|P36004|KKQ8_YEAST	P36004	KKQ8_YEAST	KKQ8	724	Saccharomyces cerevisiae (strain ATCC 204508 / S288c)	1:Experimental evidence at protein level	Probable serine/threonine-protein kinase KKQ8	0.484	0.9685	1	6	6	6	3	1	2	3	1	2	3	1	2	1.34882544E8	7332133.0	4.6888788E7	1.34882544E8	7332133.0	4.6888788E7	
sp|P36006|MYO3_YEAST	P36006	MYO3_YEAST	MYO3	1272	Saccharomyces cerevisiae (strain ATCC 204508 / S288c)	1:Experimental evidence at protein level	Myosin-3	0.9999	0.9988	4	3	3	5	2	1	0	2	1	0	2	2	1	1.9419076E7	6251630.5	4419152.0	7635448.0	8381465.0	5924689.5	
sp|P36008|EF1G2_YEAST	P36008	EF1G2_YEAST	TEF4	412	Saccharomyces cerevisiae (strain ATCC 204508 / S288c)	1:Experimental evidence at protein level	Elongation factor 1-gamma 2	1.0	0.999	18	164	154	164	49	57	58	46	54	54	49	57	58	9.7869587E8	1.07812506E9	1.14676006E9	1.27771128E8	1.43977776E8	1.55275088E8	
sp|P36010|NDK_YEAST	P36010	NDK_YEAST	YNK1	153	Saccharomyces cerevisiae (strain ATCC 204508 / S288c)	1:Experimental evidence at protein level	Nucleoside diphosphate kinase	1.0	0.999	8	69	69	69	22	24	23	22	24	23	22	24	23	3.18407072E8	3.07682176E8	2.97941696E8	6.800072E7	6.8201608E7	6.743204E7	
sp|P36013|MAOM_YEAST	P36013	MAOM_YEAST	MAE1	669	Saccharomyces cerevisiae (strain ATCC 204508 / S288c)	1:Experimental evidence at protein level	NAD-dependent malic enzyme, mitochondrial	1.0	0.999	9	28	28	28	9	9	10	9	9	10	9	9	10	4.3208256E7	4.740126E7	5.435726E7	7307818.0	7823953.5	8607074.0	
sp|P36015|YKT6_YEAST	P36015	YKT6_YEAST	YKT6	200	Saccharomyces cerevisiae (strain ATCC 204508 / S288c)	1:Experimental evidence at protein level	Synaptobrevin homolog YKT6	1.0	0.999	11	36	36	36	12	12	12	12	12	12	12	12	12	2.04528944E8	2.04842736E8	1.82750432E8	6.59352E7	6.6246628E7	6.0915388E7	
sp|P36016|LHS1_YEAST	P36016	LHS1_YEAST	LHS1	881	Saccharomyces cerevisiae (strain ATCC 204508 / S288c)	1:Experimental evidence at protein level	Heat shock protein 70 homolog LHS1	1.0	0.9976	5	10	10	10	5	2	3	5	2	3	5	2	3	1.722003E7	1.4604539E7	1.4124666E7	5833372.5	4791112.5	4907856.5	
sp|P36017|VPS21_YEAST	P36017	VPS21_YEAST	VPS21	210	Saccharomyces cerevisiae (strain ATCC 204508 / S288c)	1:Experimental evidence at protein level	Vacuolar protein sorting-associated protein 21	1.0	0.999	4	8	8	14	3	3	2	3	3	2	5	5	4	2.9245266E7	2.360848E7	2.105564E7	1.1313854E7	9453782.0	8674106.0	
sp|P36018|YPT52_YEAST	P36018	YPT52_YEAST	YPT52	234	Saccharomyces cerevisiae (strain ATCC 204508 / S288c)	1:Experimental evidence at protein level	GTP-binding protein YPT52	1.0	0.999	7	28	22	28	10	9	9	8	7	7	10	9	9	7.2069016E7	7.683436E7	8.187904E7	2.0258812E7	2.250665E7	2.2496946E7	
sp|P36037|DOA1_YEAST	P36037	DOA1_YEAST	DOA1	715	Saccharomyces cerevisiae (strain ATCC 204508 / S288c)	1:Experimental evidence at protein level	Protein DOA1	1.0	0.999	6	14	14	14	5	4	5	5	4	5	5	4	5	2.53727E7	2.6691334E7	2.5558998E7	7248824.5	7588340.5	7511182.0	
sp|P36040|POC2_YEAST	P36040	POC2_YEAST	ADD66	267	Saccharomyces cerevisiae (strain ATCC 204508 / S288c)	1:Experimental evidence at protein level	Proteasome assembly chaperone 2	0.9992	0.999	2	4	4	4	1	1	2	1	1	2	1	1	2	4130280.0	5538693.5	6500980.0	4130280.0	5538693.5	6500980.0	
sp|P36041|EAP1_YEAST	P36041	EAP1_YEAST	EAP1	632	Saccharomyces cerevisiae (strain ATCC 204508 / S288c)	1:Experimental evidence at protein level	Protein EAP1	0.9979	0.999	2	5	5	5	3	1	1	3	1	1	3	1	1	4563996.5	7323312.0	7000678.0	3688497.0	5440540.0	5587603.0	
sp|P36046|MIA40_YEAST	P36046	MIA40_YEAST	MIA40	403	Saccharomyces cerevisiae (strain ATCC 204508 / S288c)	1:Experimental evidence at protein level	Mitochondrial intermembrane space import and assembly protein 40	1.0	0.999	2	2	2	2	2	0	0	2	0	0	2	0	0	8444638.0	8555215.0	8821852.0	5310086.5	5689950.5	5928172.0	
sp|P36047|SDS22_YEAST	P36047	SDS22_YEAST	SDS22	338	Saccharomyces cerevisiae (strain ATCC 204508 / S288c)	1:Experimental evidence at protein level	Protein phosphatase 1 regulatory subunit SDS22	1.0	0.9981	3	5	5	5	1	1	3	1	1	3	1	1	3	8098414.5	6867291.0	1.6283426E7	5273761.0	6867291.0	6861189.0	
sp|P36048|SN114_YEAST	P36048	SN114_YEAST	SNU114	1008	Saccharomyces cerevisiae (strain ATCC 204508 / S288c)	1:Experimental evidence at protein level	Pre-mRNA-splicing factor SNU114	0.4796	0.968	1	1	1	1	1	0	0	1	0	0	1	0	0	2.56991136E8	0.0	0.0	0.0	0.0	0.0	
sp|P36049|EBP2_YEAST	P36049	EBP2_YEAST	EBP2	427	Saccharomyces cerevisiae (strain ATCC 204508 / S288c)	1:Experimental evidence at protein level	rRNA-processing protein EBP2	1.0	0.999	3	7	7	7	2	2	3	2	2	3	2	2	3	1.5140396E7	1.4365304E7	1.5225166E7	6056838.0	5422164.0	6056904.5	
sp|P36053|ELF1_YEAST	P36053	ELF1_YEAST	ELF1	145	Saccharomyces cerevisiae (strain ATCC 204508 / S288c)	1:Experimental evidence at protein level	Transcription elongation factor 1	0.9996	0.9987	2	3	3	3	2	0	1	2	0	1	2	0	1	8572155.0	1.1156138E7	1.084397E7	6501492.0	7623423.0	7300015.5	
sp|P36057|SRPB_YEAST	P36057	SRPB_YEAST	SRP102	244	Saccharomyces cerevisiae (strain ATCC 204508 / S288c)	1:Experimental evidence at protein level	Signal recognition particle receptor subunit beta	0.9527	0.9985	1	1	1	1	1	0	0	1	0	0	1	0	0	5401502.0	3514622.5	5122114.0	5401502.0	3514622.5	5122114.0	
sp|P36059|NNRD_YEAST	P36059	NNRD_YEAST	NNR2	337	Saccharomyces cerevisiae (strain ATCC 204508 / S288c)	1:Experimental evidence at protein level	ATP-dependent (S)-NAD(P)H-hydrate dehydratase	1.0	0.999	5	10	10	10	5	3	2	5	3	2	5	3	2	2.672038E7	1.8707206E7	1.8425646E7	7102039.5	7413911.5	7390281.5	
sp|P36060|MCR1_YEAST	P36060	MCR1_YEAST	MCR1	302	Saccharomyces cerevisiae (strain ATCC 204508 / S288c)	1:Experimental evidence at protein level	NADH-cytochrome b5 reductase 2	1.0	0.999	7	30	30	30	9	11	10	9	11	10	9	11	10	9.6865576E7	9.9210048E7	1.0277288E8	2.193999E7	2.3177956E7	2.353525E7	
sp|P36076|CAB3_YEAST	P36076	CAB3_YEAST	CAB3	571	Saccharomyces cerevisiae (strain ATCC 204508 / S288c)	1:Experimental evidence at protein level	Coenzyme A biosynthesis protein 3	0.9672	0.999	1	3	3	3	1	1	1	1	1	1	1	1	1	1446101.2	1860249.2	2189257.8	1446101.2	1860249.2	2189257.8	
sp|P36080|RRP14_YEAST	P36080	RRP14_YEAST	RRP14	434	Saccharomyces cerevisiae (strain ATCC 204508 / S288c)	1:Experimental evidence at protein level	Ribosomal RNA-processing protein 14	0.8764	0.9957	1	1	1	1	0	0	1	0	0	1	0	0	1	3184031.0	4099100.8	2489246.5	3184031.0	4099100.8	2489246.5	
sp|P36081|PSG1_YEAST	P36081	PSG1_YEAST	PSG1	392	Saccharomyces cerevisiae (strain ATCC 204508 / S288c)	1:Experimental evidence at protein level	PMA1 stabilization in the Golgi protein 1	1.0	0.999	5	13	13	13	5	4	4	5	4	4	5	4	4	4.6775952E7	3.8162684E7	4.3805348E7	1.3044771E7	1.0179224E7	1.1381342E7	
sp|P36088|FRMSR_YEAST	P36088	FRMSR_YEAST	YKL069W	180	Saccharomyces cerevisiae (strain ATCC 204508 / S288c)	1:Experimental evidence at protein level	Free methionine-R-sulfoxide reductase	0.9679	0.999	1	4	4	4	2	1	1	2	1	1	2	1	1	2752011.8	2698797.5	2293023.0	2752011.8	2698797.5	2293023.0	
sp|P36105|RL14A_YEAST	P36105	RL14A_YEAST	RPL14A	138	Saccharomyces cerevisiae (strain ATCC 204508 / S288c)	1:Experimental evidence at protein level	60S ribosomal protein L14-A	0.9993	0.999	4	66	18	66	20	22	24	5	6	7	20	22	24	4.2321424E8	6.6129485E8	5.9544365E8	2.34631584E8	2.43083824E8	2.45348064E8	
sp|P36108|DID4_YEAST	P36108	DID4_YEAST	DID4	232	Saccharomyces cerevisiae (strain ATCC 204508 / S288c)	1:Experimental evidence at protein level	DOA4-independent degradation protein 4	0.57	0.9775	1	1	1	1	1	0	0	1	0	0	1	0	0	2984192.8	2904344.5	2959548.2	2984192.8	2904344.5	2959548.2	
sp|P36114|YKR18_YEAST	P36114	YKR18_YEAST	YKR018C	725	Saccharomyces cerevisiae (strain ATCC 204508 / S288c)	1:Experimental evidence at protein level	IML2-like protein YKR018C	1.0	0.999	9	30	30	30	10	10	10	10	10	10	10	10	10	8.9991264E7	1.03515904E8	8.2548848E7	1.8884746E7	1.9112726E7	2.178508E7	
sp|P36123|SA190_YEAST	P36123	SA190_YEAST	SAP190	1033	Saccharomyces cerevisiae (strain ATCC 204508 / S288c)	1:Experimental evidence at protein level	SIT4-associating protein SAP190	0.8082	0.9928	1	1	1	1	0	0	1	0	0	1	0	0	1	0.0	0.0	0.0	0.0	0.0	0.0	
sp|P36136|SHB17_YEAST	P36136	SHB17_YEAST	SHB17	271	Saccharomyces cerevisiae (strain ATCC 204508 / S288c)	1:Experimental evidence at protein level	Sedoheptulose 1,7-bisphosphatase	1.0	0.999	7	25	25	25	8	8	9	8	8	9	8	8	9	8.7549424E7	7.3138E7	8.8930856E7	1.8009488E7	1.4828783E7	1.8382132E7	
sp|P36139|PET10_YEAST	P36139	PET10_YEAST	PET10	283	Saccharomyces cerevisiae (strain ATCC 204508 / S288c)	1:Experimental evidence at protein level	Protein PET10	1.0	0.999	11	39	39	39	13	11	15	13	11	15	13	11	15	1.3317752E8	1.43315792E8	1.4283136E8	2.0938076E7	2.4589418E7	2.2577572E7	
sp|P36148|GPT2_YEAST	P36148	GPT2_YEAST	GPT2	743	Saccharomyces cerevisiae (strain ATCC 204508 / S288c)	1:Experimental evidence at protein level	Glycerol-3-phosphate O-acyltransferase 2	1.0	0.999	5	13	13	13	6	3	4	6	3	4	6	3	4	3.022837E7	3.2966438E7	3.5449728E7	1.2009696E7	1.5896696E7	1.4371303E7	
sp|P36149|BET3_YEAST	P36149	BET3_YEAST	BET3	193	Saccharomyces cerevisiae (strain ATCC 204508 / S288c)	1:Experimental evidence at protein level	Trafficking protein particle complex subunit BET3	0.8879	0.9962	1	4	4	4	1	1	2	1	1	2	1	1	2	4503216.0	5186881.5	6012469.5	4503216.0	5186881.5	6012469.5	
sp|P36151|YK50_YEAST	P36151	YK50_YEAST	YKR070W	352	Saccharomyces cerevisiae (strain ATCC 204508 / S288c)	1:Experimental evidence at protein level	Uncharacterized protein YKR070W	0.9682	0.999	1	2	2	2	1	0	1	1	0	1	1	0	1	3199765.2	3639499.8	2987186.8	3199765.2	3639499.8	2987186.8	
sp|P36154|AIM29_YEAST	P36154	AIM29_YEAST	AIM29	155	Saccharomyces cerevisiae (strain ATCC 204508 / S288c)	1:Experimental evidence at protein level	Altered inheritance rate of mitochondria protein 29	0.9452	0.9982	1	3	3	3	1	1	1	1	1	1	1	1	1	8137404.5	8453718.0	1.0959747E7	8137404.5	8453718.0	1.0959747E7	
sp|P36156|GTO2_YEAST	P36156	GTO2_YEAST	ECM4	370	Saccharomyces cerevisiae (strain ATCC 204508 / S288c)	1:Experimental evidence at protein level	Glutathione S-transferase omega-like 2	1.0	0.999	3	12	12	12	3	5	4	3	5	4	3	5	4	1.1970664E7	1.6148162E7	1.8822226E7	3772251.8	5389043.5	5994929.5	
sp|P36160|RPF2_YEAST	P36160	RPF2_YEAST	RPF2	344	Saccharomyces cerevisiae (strain ATCC 204508 / S288c)	1:Experimental evidence at protein level	Ribosome biogenesis protein RPF2	1.0	0.999	3	5	5	5	2	1	2	2	1	2	2	1	2	3.1994354E7	2.9909404E7	1.517783E7	1.5001566E7	1.3663108E7	2.0387572E7	
sp|P36161|NU133_YEAST	P36161	NU133_YEAST	NUP133	1157	Saccharomyces cerevisiae (strain ATCC 204508 / S288c)	1:Experimental evidence at protein level	Nucleoporin NUP133	1.0	0.9987	4	6	6	6	3	0	3	3	0	3	3	0	3	1006480.6	1442506.5	2.4052416E7	2679142.5	3839796.2	2856639.8	
sp|P36421|SYYC_YEAST	P36421	SYYC_YEAST	TYS1	394	Saccharomyces cerevisiae (strain ATCC 204508 / S288c)	1:Experimental evidence at protein level	Tyrosine--tRNA ligase, cytoplasmic	1.0	0.999	13	52	52	52	18	18	16	18	18	16	18	18	16	1.99463776E8	1.96381696E8	1.58474384E8	2.8679086E7	3.119345E7	2.7061826E7	
sp|P36775|LONM_YEAST	P36775	LONM_YEAST	PIM1	1133	Saccharomyces cerevisiae (strain ATCC 204508 / S288c)	1:Experimental evidence at protein level	Lon protease homolog, mitochondrial	1.0	0.999	11	29	29	29	11	9	9	11	9	9	11	9	9	9.902312E7	8.210528E7	8.3801672E7	3.11692E7	2.38341E7	2.7688468E7	
sp|P37012|PGM2_YEAST	P37012	PGM2_YEAST	PGM2	569	Saccharomyces cerevisiae (strain ATCC 204508 / S288c)	1:Experimental evidence at protein level	Phosphoglucomutase 2	1.0	0.999	22	228	174	228	72	76	80	54	58	62	72	76	80	8.5614195E8	8.4655552E8	8.8066829E8	7.5513808E7	7.2112824E7	7.3060152E7	
sp|P37262|SOL2_YEAST	P37262	SOL2_YEAST	SOL2	315	Saccharomyces cerevisiae (strain ATCC 204508 / S288c)	1:Experimental evidence at protein level	6-phosphogluconolactonase-like protein 2	0.9977	0.9917	2	4	4	4	1	1	2	1	1	2	1	1	2	2294699.5	7354531.0	9408546.0	3360898.2	3935509.2	4904686.5	
sp|P37267|CBP4_YEAST	P37267	CBP4_YEAST	CBP4	147	Saccharomyces cerevisiae (strain ATCC 204508 / S288c)	1:Experimental evidence at protein level	Assembly factor CBP4	0.7727	0.9911	1	1	1	1	0	0	1	0	0	1	0	0	1	2892497.5	0.0	3177642.8	2892497.5	0.0	3177642.8	
sp|P37291|GLYC_YEAST	P37291	GLYC_YEAST	SHM2	469	Saccharomyces cerevisiae (strain ATCC 204508 / S288c)	1:Experimental evidence at protein level	Serine hydroxymethyltransferase, cytosolic	1.0	0.999	22	308	304	308	97	101	110	96	99	109	97	101	110	2.19383194E9	2.36771635E9	2.36683341E9	2.23645792E8	2.3146928E8	2.23809312E8	
sp|P37292|GLYM_YEAST	P37292	GLYM_YEAST	SHM1	490	Saccharomyces cerevisiae (strain ATCC 204508 / S288c)	1:Experimental evidence at protein level	Serine hydroxymethyltransferase, mitochondrial	1.0	0.999	17	59	59	63	22	17	20	22	17	20	23	19	21	1.67491056E8	1.43187232E8	1.57847808E8	2.2115882E7	1.85889E7	1.9704702E7	
sp|P37302|APE3_YEAST	P37302	APE3_YEAST	APE3	537	Saccharomyces cerevisiae (strain ATCC 204508 / S288c)	1:Experimental evidence at protein level	Aminopeptidase Y	1.0	0.999	10	58	58	58	19	21	18	19	21	18	19	21	18	3.5521744E8	3.4863936E8	3.28786112E8	1.22826728E8	1.166542E8	9.7617312E7	
sp|P37303|GLY1_YEAST	P37303	GLY1_YEAST	GLY1	387	Saccharomyces cerevisiae (strain ATCC 204508 / S288c)	1:Experimental evidence at protein level	Low specificity L-threonine aldolase	1.0	0.999	6	12	12	12	6	3	3	6	3	3	6	3	3	3.3392732E7	3.4994756E7	2.9097528E7	8661192.0	8767371.0	6990660.0	
sp|P37370|VRP1_YEAST	P37370	VRP1_YEAST	VRP1	817	Saccharomyces cerevisiae (strain ATCC 204508 / S288c)	1:Experimental evidence at protein level	Verprolin	1.0	0.999	3	7	7	7	3	2	2	3	2	2	3	2	2	1.0804434E7	1.2168828E7	1.1304724E7	5295303.5	7109492.0	6691297.5	
sp|P37898|AAP1_YEAST	P37898	AAP1_YEAST	AAP1	856	Saccharomyces cerevisiae (strain ATCC 204508 / S288c)	1:Experimental evidence at protein level	Alanine/arginine aminopeptidase	1.0	0.999	19	54	54	78	16	20	18	16	20	18	24	28	26	1.18627816E8	1.38515376E8	1.59396304E8	1.841858E7	1.9194486E7	2.0184144E7	
sp|P38009|PUR92_YEAST	P38009	PUR92_YEAST	ADE17	592	Saccharomyces cerevisiae (strain ATCC 204508 / S288c)	1:Experimental evidence at protein level	Bifunctional purine biosynthesis protein ADE17	1.0	0.999	27	235	162	235	77	80	78	55	53	54	77	80	78	1.18630195E9	1.19130816E9	1.39402278E9	1.52831072E8	1.5515096E8	1.71755088E8	
sp|P38011|GBLP_YEAST	P38011	GBLP_YEAST	ASC1	319	Saccharomyces cerevisiae (strain ATCC 204508 / S288c)	1:Experimental evidence at protein level	Guanine nucleotide-binding protein subunit beta-like protein	1.0	0.999	11	128	128	128	44	38	46	44	38	46	44	38	46	9.3328294E8	9.5457075E8	1.06119546E9	2.7933008E8	3.11898144E8	3.326632E8	
sp|P38013|AHP1_YEAST	P38013	AHP1_YEAST	AHP1	176	Saccharomyces cerevisiae (strain ATCC 204508 / S288c)	1:Experimental evidence at protein level	Peroxiredoxin AHP1	1.0	0.999	9	154	154	154	49	56	49	49	56	49	49	56	49	2.6060311E9	2.42824166E9	2.35722854E9	9.8900282E8	1.26989171E9	1.15480013E9	
sp|P38061|RL32_YEAST	P38061	RL32_YEAST	RPL32	130	Saccharomyces cerevisiae (strain ATCC 204508 / S288c)	1:Experimental evidence at protein level	60S ribosomal protein L32	1.0	0.999	8	90	90	90	30	29	31	30	29	31	30	29	31	6.9807507E8	5.2121568E8	5.4910182E8	1.44009856E8	1.34642592E8	1.1078332E8	
sp|P38069|MNN2_YEAST	P38069	MNN2_YEAST	MNN2	597	Saccharomyces cerevisiae (strain ATCC 204508 / S288c)	1:Experimental evidence at protein level	Alpha-1,2-mannosyltransferase MNN2	1.0	0.999	6	15	15	15	6	3	6	6	3	6	6	3	6	4.1875948E7	3.1802108E7	2.7873792E7	1.2507219E7	1.069932E7	1.0252341E7	
sp|P38071|ETR1_YEAST	P38071	ETR1_YEAST	ETR1	380	Saccharomyces cerevisiae (strain ATCC 204508 / S288c)	1:Experimental evidence at protein level	Enoyl-[acyl-carrier-protein] reductase, mitochondrial	1.0	0.999	10	36	36	36	11	13	12	11	13	12	11	13	12	8.8480696E7	8.0414712E7	1.2709952E8	1.7131986E7	1.59518E7	1.9077616E7	
sp|P38075|PDX3_YEAST	P38075	PDX3_YEAST	PDX3	228	Saccharomyces cerevisiae (strain ATCC 204508 / S288c)	1:Experimental evidence at protein level	Pyridoxamine 5'-phosphate oxidase	1.0	0.999	4	14	14	14	4	5	5	4	5	5	4	5	5	5.6625712E7	6.2346544E7	7.0505144E7	2.0488334E7	2.2811506E7	2.534447E7	
sp|P38077|ATPG_YEAST	P38077	ATPG_YEAST	ATP3	311	Saccharomyces cerevisiae (strain ATCC 204508 / S288c)	1:Experimental evidence at protein level	ATP synthase subunit gamma, mitochondrial	1.0	0.999	9	33	33	33	12	10	11	12	10	11	12	10	11	1.12391464E8	1.02678488E8	1.20199544E8	1.9141458E7	1.7305316E7	1.9556338E7	
sp|P38079|YRO2_YEAST	P38079	YRO2_YEAST	YRO2	344	Saccharomyces cerevisiae (strain ATCC 204508 / S288c)	1:Experimental evidence at protein level	Protein YRO2	0.9947	0.999	4	11	11	37	4	3	4	4	3	4	14	11	12	1.9166404E7	2.215401E7	2.7028456E7	1.9166404E7	2.215401E7	2.7028456E7	
sp|P38080|AKL1_YEAST	P38080	AKL1_YEAST	AKL1	1108	Saccharomyces cerevisiae (strain ATCC 204508 / S288c)	1:Experimental evidence at protein level	Serine/threonine-protein kinase AKL1	0.9254	0.9975	1	2	2	2	1	0	1	1	0	1	1	0	1	5692568.0	4700565.5	4484195.0	5692568.0	4700565.5	4484195.0	
sp|P38081|YBQ6_YEAST	P38081	YBQ6_YEAST	YBR056W	501	Saccharomyces cerevisiae (strain ATCC 204508 / S288c)	1:Experimental evidence at protein level	Uncharacterized glycosyl hydrolase YBR056W	1.0	0.999	9	25	25	25	10	7	8	10	7	8	10	7	8	7.4537904E7	6.4872552E7	7.4397208E7	1.5002572E7	1.2994168E7	1.4086119E7	
sp|P38088|SYG_YEAST	P38088	SYG_YEAST	GRS1	690	Saccharomyces cerevisiae (strain ATCC 204508 / S288c)	1:Experimental evidence at protein level	Glycine--tRNA ligase 1, mitochondrial	1.0	0.999	27	210	210	210	69	73	68	69	73	68	69	73	68	7.6033299E8	7.3232294E8	7.9291142E8	4.850968E7	4.92669E7	5.0856408E7	
sp|P38109|ATG42_YEAST	P38109	ATG42_YEAST	ATG42	508	Saccharomyces cerevisiae (strain ATCC 204508 / S288c)	1:Experimental evidence at protein level	Vacuolar serine-type carboxypeptidase ATG42	0.9846	0.9757	2	4	4	4	2	2	0	2	2	0	2	2	0	1.766342E7	2.5698514E7	3135338.2	1.0388412E7	1.0955827E7	7762759.0	
sp|P38112|MAK5_YEAST	P38112	MAK5_YEAST	MAK5	773	Saccharomyces cerevisiae (strain ATCC 204508 / S288c)	1:Experimental evidence at protein level	ATP-dependent RNA helicase MAK5	0.7389	0.9893	1	2	2	2	1	0	1	1	0	1	1	0	1	1839292.4	2507971.2	2431212.0	1839292.4	2507971.2	2431212.0	
sp|P38115|ARA1_YEAST	P38115	ARA1_YEAST	ARA1	344	Saccharomyces cerevisiae (strain ATCC 204508 / S288c)	1:Experimental evidence at protein level	D-arabinose dehydrogenase [NAD(P)+] heavy chain	1.0	0.999	11	56	56	56	18	17	21	18	17	21	18	17	21	2.64698832E8	2.40473472E8	3.12408704E8	5.2263968E7	4.9242332E7	6.0713904E7	
sp|P38116|ARL1_YEAST	P38116	ARL1_YEAST	ARL1	183	Saccharomyces cerevisiae (strain ATCC 204508 / S288c)	1:Experimental evidence at protein level	ADP-ribosylation factor-like protein 1	0.9999	0.999	2	7	7	7	3	2	2	3	2	2	3	2	2	2.0141558E7	2.1041724E7	2.3599068E7	1.1118545E7	1.1549787E7	1.292695E7	
sp|P38129|TAF5_YEAST	P38129	TAF5_YEAST	TAF5	798	Saccharomyces cerevisiae (strain ATCC 204508 / S288c)	1:Experimental evidence at protein level	Transcription initiation factor TFIID subunit 5	0.7822	0.9916	1	2	2	2	0	1	1	0	1	1	0	1	1	2905226.8	2512759.8	2278960.0	2905226.8	2512759.8	2278960.0	
sp|P38130|KTR3_YEAST	P38130	KTR3_YEAST	KTR3	404	Saccharomyces cerevisiae (strain ATCC 204508 / S288c)	1:Experimental evidence at protein level	Probable mannosyltransferase KTR3	1.0	0.999	4	11	11	11	5	3	3	5	3	3	5	3	3	2.0931358E7	1.8026392E7	2.2923114E7	4933078.0	5705975.0	7043111.5	
sp|P38131|KTR4_YEAST	P38131	KTR4_YEAST	KTR4	464	Saccharomyces cerevisiae (strain ATCC 204508 / S288c)	1:Experimental evidence at protein level	Probable mannosyltransferase KTR4	0.9682	0.999	1	5	5	5	3	1	1	3	1	1	3	1	1	7186887.5	5459299.5	6949253.0	7186887.5	5459299.5	6949253.0	
sp|P38137|FAT2_YEAST	P38137	FAT2_YEAST	PCS60	543	Saccharomyces cerevisiae (strain ATCC 204508 / S288c)	1:Experimental evidence at protein level	Oxalate--CoA ligase	1.0	0.999	8	22	22	22	9	7	6	9	7	6	9	7	6	5.780642E7	6.64547E7	4.32405E7	1.0561377E7	1.1922647E7	1.0598454E7	
sp|P38138|GLU2A_YEAST	P38138	GLU2A_YEAST	ROT2	954	Saccharomyces cerevisiae (strain ATCC 204508 / S288c)	1:Experimental evidence at protein level	Glucosidase 2 subunit alpha	1.0	0.999	2	6	6	6	3	2	1	3	2	1	3	2	1	1.0761772E7	1.3337148E7	1.1687197E7	5988218.0	7435647.0	6571184.0	
sp|P38143|GPX2_YEAST	P38143	GPX2_YEAST	GPX2	162	Saccharomyces cerevisiae (strain ATCC 204508 / S288c)	1:Experimental evidence at protein level	Glutathione peroxidase-like peroxiredoxin 2	1.0	0.999	8	37	26	37	11	12	14	7	9	10	11	12	14	1.13259808E8	1.03576704E8	1.24117616E8	4.16988E7	4.0204504E7	3.9787308E7	
sp|P38153|AP3M_YEAST	P38153	AP3M_YEAST	APM3	483	Saccharomyces cerevisiae (strain ATCC 204508 / S288c)	1:Experimental evidence at protein level	AP-3 complex subunit mu	0.9625	0.9988	1	3	3	3	1	1	1	1	1	1	1	1	1	1842530.6	1801923.6	0.0	1842530.6	1801923.6	0.0	
sp|P38166|SFT2_YEAST	P38166	SFT2_YEAST	SFT2	215	Saccharomyces cerevisiae (strain ATCC 204508 / S288c)	1:Experimental evidence at protein level	Protein transport protein SFT2	0.9682	0.999	1	1	1	1	1	0	0	1	0	0	1	0	0	3315277.2	3188563.8	2901139.5	3315277.2	3188563.8	2901139.5	
sp|P38167|ECM21_YEAST	P38167	ECM21_YEAST	ECM21	1117	Saccharomyces cerevisiae (strain ATCC 204508 / S288c)	1:Experimental evidence at protein level	Protein ECM21	0.6886	0.9864	1	1	1	1	1	0	0	1	0	0	1	0	0	0.0	0.0	0.0	0.0	0.0	0.0	
sp|P38174|MAP2_YEAST	P38174	MAP2_YEAST	MAP2	421	Saccharomyces cerevisiae (strain ATCC 204508 / S288c)	1:Experimental evidence at protein level	Methionine aminopeptidase 2	1.0	0.999	4	9	9	9	4	3	2	4	3	2	4	3	2	2.6403202E7	1.8442712E7	3.358784E7	7732561.5	1.2721725E7	9118449.0	
sp|P38197|PLPHP_YEAST	P38197	PLPHP_YEAST	YBL036C	257	Saccharomyces cerevisiae (strain ATCC 204508 / S288c)	1:Experimental evidence at protein level	Pyridoxal phosphate homeostasis protein	1.0	0.999	5	13	13	13	5	5	3	5	5	3	5	5	3	3.990504E7	4.1292888E7	4.5495652E7	1.0850987E7	1.4621854E7	1.511611E7	
sp|P38199|HEK2_YEAST	P38199	HEK2_YEAST	HEK2	381	Saccharomyces cerevisiae (strain ATCC 204508 / S288c)	1:Experimental evidence at protein level	Heterogeneous nuclear rnp K-like protein 2	1.0	0.999	5	12	12	12	5	3	4	5	3	4	5	3	4	2.415686E7	2.3981304E7	1.7921348E7	8559707.0	9083745.0	9007317.0	
sp|P38205|NCL1_YEAST	P38205	NCL1_YEAST	NCL1	684	Saccharomyces cerevisiae (strain ATCC 204508 / S288c)	1:Experimental evidence at protein level	Multisite-specific tRNA:(cytosine-C(5))-methyltransferase	1.0	0.999	14	49	49	49	19	17	13	19	17	13	19	17	13	6.2896976E7	5.0086076E7	6.4161016E7	9828852.0	9865762.0	1.1121752E7	
sp|P38216|YBM6_YEAST	P38216	YBM6_YEAST	YBR016W	128	Saccharomyces cerevisiae (strain ATCC 204508 / S288c)	1:Experimental evidence at protein level	Uncharacterized protein YBR016W	0.9682	0.999	1	3	3	3	1	1	1	1	1	1	1	1	1	1.73928E7	1.6747105E7	1.4951643E7	1.73928E7	1.6747105E7	1.4951643E7	
sp|P38217|IMB2_YEAST	P38217	IMB2_YEAST	KAP104	918	Saccharomyces cerevisiae (strain ATCC 204508 / S288c)	1:Experimental evidence at protein level	Importin subunit beta-2	1.0	0.999	4	7	7	7	4	1	2	4	1	2	4	1	2	2.1027694E7	1.920649E7	1.9735548E7	7895686.5	7414360.0	7909229.0	
sp|P38218|POA1_YEAST	P38218	POA1_YEAST	POA1	177	Saccharomyces cerevisiae (strain ATCC 204508 / S288c)	1:Experimental evidence at protein level	ADP-ribose 1''-phosphate phosphatase	0.9621	0.9988	1	1	1	1	0	0	1	0	0	1	0	0	1	2845761.5	2149689.0	4218602.0	2845761.5	2149689.0	4218602.0	
sp|P38219|OLA1_YEAST	P38219	OLA1_YEAST	OLA1	394	Saccharomyces cerevisiae (strain ATCC 204508 / S288c)	1:Experimental evidence at protein level	Obg-like ATPase 1	1.0	0.999	16	123	123	123	37	41	45	37	41	45	37	41	45	4.86227584E8	4.3319424E8	4.94228544E8	5.6357768E7	5.2098956E7	5.4773356E7	
sp|P38221|CDS1_YEAST	P38221	CDS1_YEAST	CDS1	457	Saccharomyces cerevisiae (strain ATCC 204508 / S288c)	1:Experimental evidence at protein level	Phosphatidate cytidylyltransferase	1.0	0.999	5	41	41	41	12	14	15	12	14	15	12	14	15	3.0159888E8	2.4784376E8	2.81952736E8	2.41544576E8	2.28053344E8	2.46011072E8	
sp|P38225|FAT1_YEAST	P38225	FAT1_YEAST	FAT1	669	Saccharomyces cerevisiae (strain ATCC 204508 / S288c)	1:Experimental evidence at protein level	Very long-chain fatty acid transport protein	0.9625	0.9988	1	1	1	1	0	1	0	0	1	0	0	1	0	5147728.5	5137964.0	4910287.5	5147728.5	5137964.0	4910287.5	
sp|P38226|CST26_YEAST	P38226	CST26_YEAST	CST26	397	Saccharomyces cerevisiae (strain ATCC 204508 / S288c)	1:Experimental evidence at protein level	2-acyl-1-lysophosphatidylinositol acyltransferase	0.6325	0.9826	1	4	4	4	1	2	1	1	2	1	1	2	1	2461150.2	3625516.5	2775188.2	2461150.2	3625516.5	2775188.2	
sp|P38230|QOR_YEAST	P38230	QOR_YEAST	ZTA1	334	Saccharomyces cerevisiae (strain ATCC 204508 / S288c)	1:Experimental evidence at protein level	Probable quinone oxidoreductase	1.0	0.999	3	7	7	7	4	2	1	4	2	1	4	2	1	1.9506346E7	2.2470284E7	1.6272916E7	9024983.0	8901038.0	7951123.5	
sp|P38234|RFS1_YEAST	P38234	RFS1_YEAST	RFS1	210	Saccharomyces cerevisiae (strain ATCC 204508 / S288c)	1:Experimental evidence at protein level	Protein RFS1	1.0	0.9988	2	8	8	8	2	4	2	2	4	2	2	4	2	1.3484314E7	1.6062173E7	1.4148264E7	6933474.5	8268121.0	7286444.5	
sp|P38235|YBQ3_YEAST	P38235	YBQ3_YEAST	YBR053C	358	Saccharomyces cerevisiae (strain ATCC 204508 / S288c)	1:Experimental evidence at protein level	Uncharacterized protein YBR053C	0.9999	0.998	3	8	8	8	3	2	3	3	2	3	3	2	3	1.8016298E7	2.0560976E7	1.849636E7	8745440.0	9241853.0	6963533.5	
sp|P38238|TRM7_YEAST	P38238	TRM7_YEAST	TRM7	310	Saccharomyces cerevisiae (strain ATCC 204508 / S288c)	1:Experimental evidence at protein level	tRNA (cytidine(32)/guanosine(34)-2'-O)-methyltransferase	0.9048	0.9968	1	1	1	1	0	0	1	0	0	1	0	0	1	0.0	0.0	1990919.9	0.0	0.0	0.0	
sp|P38247|SLM4_YEAST	P38247	SLM4_YEAST	SLM4	162	Saccharomyces cerevisiae (strain ATCC 204508 / S288c)	1:Experimental evidence at protein level	Protein SLM4	0.965	0.9989	1	3	3	3	1	1	1	1	1	1	1	1	1	2532001.8	4123062.5	2760440.2	2532001.8	4123062.5	2760440.2	
sp|P38248|ECM33_YEAST	P38248	ECM33_YEAST	ECM33	429	Saccharomyces cerevisiae (strain ATCC 204508 / S288c)	1:Experimental evidence at protein level	Cell wall protein ECM33	0.9999	0.9989	2	13	13	13	5	4	4	5	4	4	5	4	4	1.61444992E8	1.59692512E8	1.42943392E8	1.11535664E8	1.0224872E8	9.5655896E7	
sp|P38249|EIF3A_YEAST	P38249	EIF3A_YEAST	RPG1	964	Saccharomyces cerevisiae (strain ATCC 204508 / S288c)	1:Experimental evidence at protein level	Eukaryotic translation initiation factor 3 subunit A	1.0	0.999	29	117	117	117	40	41	36	40	41	36	40	41	36	4.67020576E8	5.7469952E8	4.41319008E8	1.78863456E8	1.72663056E8	1.89321744E8	
sp|P38250|IST2_YEAST	P38250	IST2_YEAST	IST2	946	Saccharomyces cerevisiae (strain ATCC 204508 / S288c)	1:Experimental evidence at protein level	Increased sodium tolerance protein 2	1.0	0.999	8	23	23	23	8	8	7	8	8	7	8	8	7	5.054936E7	4.9693608E7	5.1054544E7	1.1486646E7	1.1239154E7	1.119278E7	
sp|P38251|RFC5_YEAST	P38251	RFC5_YEAST	RFC5	354	Saccharomyces cerevisiae (strain ATCC 204508 / S288c)	1:Experimental evidence at protein level	Replication factor C subunit 5	0.9606	0.9987	1	1	1	1	1	0	0	1	0	0	1	0	0	2116464.8	3240654.8	0.0	2116464.8	3240654.8	0.0	
sp|P38256|YBU6_YEAST	P38256	YBU6_YEAST	YBR096W	230	Saccharomyces cerevisiae (strain ATCC 204508 / S288c)	1:Experimental evidence at protein level	Probable thioesterase YBR096W	0.5874	0.979	1	1	1	1	1	0	0	1	0	0	1	0	0	1.9828898E7	0.0	0.0	0.0	0.0	0.0	
sp|P38260|FES1_YEAST	P38260	FES1_YEAST	FES1	290	Saccharomyces cerevisiae (strain ATCC 204508 / S288c)	1:Experimental evidence at protein level	Hsp70 nucleotide exchange factor FES1	1.0	0.999	4	6	6	6	4	0	2	4	0	2	4	0	2	1.5823856E7	1.5498134E7	1.600633E7	6996106.5	7147977.0	8154701.0	
sp|P38264|PHO88_YEAST	P38264	PHO88_YEAST	PHO88	188	Saccharomyces cerevisiae (strain ATCC 204508 / S288c)	1:Experimental evidence at protein level	SRP-independent targeting protein 3	1.0	0.999	6	40	40	40	13	12	15	13	12	15	13	12	15	2.05900032E8	1.96090832E8	1.89032512E8	9.2402584E7	9.9145816E7	9.396232E7	
sp|P38281|APD1_YEAST	P38281	APD1_YEAST	APD1	316	Saccharomyces cerevisiae (strain ATCC 204508 / S288c)	1:Experimental evidence at protein level	Actin patches distal protein 1	1.0	0.999	5	10	10	10	4	2	4	4	2	4	4	2	4	1.031169E7	1.0693872E7	9417304.0	3235162.8	3321126.0	2722067.0	
sp|P38286|MKAR_YEAST	P38286	MKAR_YEAST	IFA38	347	Saccharomyces cerevisiae (strain ATCC 204508 / S288c)	1:Experimental evidence at protein level	Very-long-chain 3-oxoacyl-CoA reductase	1.0	0.999	6	14	14	14	6	5	3	6	5	3	6	5	3	5.2174308E7	4.0771656E7	4.1187756E7	1.825027E7	1.3827236E7	1.4065719E7	
sp|P38295|MCFS2_YEAST	P38295	MCFS2_YEAST	EHT1	451	Saccharomyces cerevisiae (strain ATCC 204508 / S288c)	1:Experimental evidence at protein level	Medium-chain fatty acid ethyl ester synthase/esterase 2	1.0	0.999	5	25	25	25	7	10	8	7	10	8	7	10	8	5.0935848E7	1.32062744E8	5.3261492E7	3.7132508E7	3.3229922E7	3.1659784E7	
sp|P38304|MED8_YEAST	P38304	MED8_YEAST	MED8	223	Saccharomyces cerevisiae (strain ATCC 204508 / S288c)	1:Experimental evidence at protein level	Mediator of RNA polymerase II transcription subunit 8	0.8082	0.9928	1	2	2	2	1	1	0	1	1	0	1	1	0	2406599.8	2628957.8	2383170.2	2406599.8	2628957.8	2383170.2	
sp|P38310|FTH1_YEAST	P38310	FTH1_YEAST	FTH1	465	Saccharomyces cerevisiae (strain ATCC 204508 / S288c)	1:Experimental evidence at protein level	Iron transporter FTH1	0.5211	0.9727	1	1	1	1	0	1	0	0	1	0	0	1	0	3785792.5	4820472.5	3503401.0	3785792.5	4820472.5	3503401.0	
sp|P38314|SDS24_YEAST	P38314	SDS24_YEAST	SDS24	527	Saccharomyces cerevisiae (strain ATCC 204508 / S288c)	1:Experimental evidence at protein level	Protein SDS24	1.0	0.999	4	14	14	14	5	4	5	5	4	5	5	4	5	2.8826992E7	3.9935764E7	3.6527156E7	1.1607842E7	1.2837741E7	1.3508146E7	
sp|P38328|ARPC1_YEAST	P38328	ARPC1_YEAST	ARC40	384	Saccharomyces cerevisiae (strain ATCC 204508 / S288c)	1:Experimental evidence at protein level	Actin-related protein 2/3 complex subunit 1	1.0	0.999	7	31	31	31	10	11	10	10	11	10	10	11	10	6.8771488E7	6.892612E7	7.8625896E7	1.4747801E7	1.6453499E7	1.794157E7	
sp|P38333|ENP1_YEAST	P38333	ENP1_YEAST	ENP1	483	Saccharomyces cerevisiae (strain ATCC 204508 / S288c)	1:Experimental evidence at protein level	Essential nuclear protein 1	0.9612	0.9988	1	3	3	3	1	1	1	1	1	1	1	1	1	1892000.6	3066216.5	3144245.5	1892000.6	3066216.5	3144245.5	
sp|P38340|NTM1_YEAST	P38340	NTM1_YEAST	TAE1	232	Saccharomyces cerevisiae (strain ATCC 204508 / S288c)	1:Experimental evidence at protein level	Alpha N-terminal protein methyltransferase 1	0.9991	0.9961	2	3	3	3	3	0	0	3	0	0	3	0	0	5333903.0	5794101.5	5938705.5	3810003.2	3998111.8	4689297.0	
sp|P38353|SSH1_YEAST	P38353	SSH1_YEAST	SSH1	490	Saccharomyces cerevisiae (strain ATCC 204508 / S288c)	1:Experimental evidence at protein level	Sec sixty-one protein homolog	1.0	0.999	8	28	28	28	9	9	10	9	9	10	9	9	10	6.820912E7	7.4697104E7	7.0597064E7	1.1282032E7	1.1977219E7	1.1803361E7	
sp|P38355|YB8B_YEAST	P38355	YB8B_YEAST	YBR287W	427	Saccharomyces cerevisiae (strain ATCC 204508 / S288c)	1:Experimental evidence at protein level	Uncharacterized transporter YBR287W	1.0	0.999	4	16	16	16	5	5	6	5	5	6	5	5	6	3.6765832E7	3.997172E7	4.423756E7	1.6057618E7	1.7864484E7	2.3363572E7	
sp|P38426|TPS3_YEAST	P38426	TPS3_YEAST	TPS3	1054	Saccharomyces cerevisiae (strain ATCC 204508 / S288c)	1:Experimental evidence at protein level	Trehalose synthase complex regulatory subunit TPS3	1.0	0.999	9	13	13	18	4	5	4	4	5	4	6	6	6	4.6733256E7	3.417896E7	3.3550906E7	1.2255212E7	1.2388457E7	1.1633645E7	
sp|P38427|TSL1_YEAST	P38427	TSL1_YEAST	TSL1	1098	Saccharomyces cerevisiae (strain ATCC 204508 / S288c)	1:Experimental evidence at protein level	Trehalose synthase complex regulatory subunit TSL1	1.0	0.999	30	148	143	148	52	49	47	50	48	45	52	49	47	2.0449888E9	1.90961011E9	1.51640422E9	1.35418752E9	1.42888896E9	1.49619098E9	
sp|P38428|CUE1_YEAST	P38428	CUE1_YEAST	CUE1	203	Saccharomyces cerevisiae (strain ATCC 204508 / S288c)	1:Experimental evidence at protein level	Coupling of ubiquitin conjugation to ER degradation protein 1	0.9994	0.999	2	5	5	5	2	1	2	2	1	2	2	1	2	1.3697096E7	1.042015E7	1.280865E7	6967214.5	5300606.5	6517111.5	
sp|P38431|IF5_YEAST	P38431	IF5_YEAST	TIF5	405	Saccharomyces cerevisiae (strain ATCC 204508 / S288c)	1:Experimental evidence at protein level	Eukaryotic translation initiation factor 5	1.0	0.999	15	54	54	54	19	18	17	19	18	17	19	18	17	2.15644944E8	2.02820416E8	2.01676032E8	5.7498624E7	5.8305832E7	6.1170896E7	
sp|P38439|LEO1_YEAST	P38439	LEO1_YEAST	LEO1	464	Saccharomyces cerevisiae (strain ATCC 204508 / S288c)	1:Experimental evidence at protein level	RNA polymerase-associated protein LEO1	0.5117	0.9717	1	1	1	1	0	0	1	0	0	1	0	0	1	0.0	4040838.0	5853610.5	0.0	4040838.0	5853610.5	
sp|P38523|GRPE_YEAST	P38523	GRPE_YEAST	MGE1	228	Saccharomyces cerevisiae (strain ATCC 204508 / S288c)	1:Experimental evidence at protein level	GrpE protein homolog, mitochondrial	1.0	0.999	7	32	32	32	12	9	11	12	9	11	12	9	11	1.14932312E8	1.20070136E8	1.30343576E8	2.9403538E7	3.0461572E7	3.0700224E7	
sp|P38555|YPT31_YEAST	P38555	YPT31_YEAST	YPT31	223	Saccharomyces cerevisiae (strain ATCC 204508 / S288c)	1:Experimental evidence at protein level	GTP-binding protein YPT31/YPT8	1.0	0.999	6	19	4	19	5	7	7	1	1	2	5	7	7	6.510962E7	6.4902028E7	5.2281448E7	1.924496E7	1.8545124E7	1.6372901E7	
sp|P38615|RIM11_YEAST	P38615	RIM11_YEAST	RIM11	370	Saccharomyces cerevisiae (strain ATCC 204508 / S288c)	1:Experimental evidence at protein level	Serine/threonine-protein kinase RIM11/MSD1	0.9149	0.9972	1	4	4	4	2	1	1	2	1	1	2	1	1	1579831.2	2631850.5	2428830.8	1579831.2	2631850.5	2428830.8	
sp|P38616|YGP1_YEAST	P38616	YGP1_YEAST	YGP1	354	Saccharomyces cerevisiae (strain ATCC 204508 / S288c)	1:Experimental evidence at protein level	Protein YGP1	1.0	0.999	6	36	36	36	13	11	12	13	11	12	13	11	12	1.78962064E8	1.65353216E8	1.79165088E8	7.8338784E7	7.1986832E7	6.59382E7	
sp|P38620|KPR2_YEAST	P38620	KPR2_YEAST	PRS2	318	Saccharomyces cerevisiae (strain ATCC 204508 / S288c)	1:Experimental evidence at protein level	Ribose-phosphate pyrophosphokinase 2	0.9956	0.9977	3	3	3	3	3	0	0	3	0	0	3	0	0	5482542.0	5661562.0	5625232.0	3913623.5	4297528.5	4388730.5	
sp|P38623|RCK2_YEAST	P38623	RCK2_YEAST	RCK2	610	Saccharomyces cerevisiae (strain ATCC 204508 / S288c)	1:Experimental evidence at protein level	Serine/threonine-protein kinase RCK2	1.0	0.999	6	18	18	18	5	6	7	5	6	7	5	6	7	2.7816092E7	3.9569216E7	4.2410128E7	1.33161E7	1.7975862E7	1.5244058E7	
sp|P38624|PSB1_YEAST	P38624	PSB1_YEAST	PRE3	215	Saccharomyces cerevisiae (strain ATCC 204508 / S288c)	1:Experimental evidence at protein level	Proteasome subunit beta type-1	1.0	0.999	8	27	27	27	9	9	9	9	9	9	9	9	9	9.8675768E7	8.3937296E7	8.3414744E7	2.1820058E7	1.9182484E7	1.9519582E7	
sp|P38625|GUAA_YEAST	P38625	GUAA_YEAST	GUA1	525	Saccharomyces cerevisiae (strain ATCC 204508 / S288c)	1:Experimental evidence at protein level	GMP synthase [glutamine-hydrolyzing]	1.0	0.999	20	130	130	130	43	45	42	43	45	42	43	45	42	3.95252544E8	3.68252128E8	3.42336768E8	5.7891508E7	5.5122796E7	5.3998904E7	
sp|P38626|NCB5R_YEAST	P38626	NCB5R_YEAST	CBR1	284	Saccharomyces cerevisiae (strain ATCC 204508 / S288c)	1:Experimental evidence at protein level	NADH-cytochrome b5 reductase 1	1.0	0.999	11	38	38	38	14	12	12	14	12	12	14	12	12	1.30230904E8	1.22680032E8	1.07309544E8	2.1082958E7	2.0166264E7	2.050153E7	
sp|P38627|URA8_YEAST	P38627	URA8_YEAST	URA8	578	Saccharomyces cerevisiae (strain ATCC 204508 / S288c)	1:Experimental evidence at protein level	CTP synthase 2	1.0	0.999	7	10	10	16	3	3	4	3	3	4	5	5	6	3.1475524E7	3.6297756E7	4.1675404E7	8697265.0	1.0099201E7	1.268874E7	
sp|P38628|AGM1_YEAST	P38628	AGM1_YEAST	PCM1	557	Saccharomyces cerevisiae (strain ATCC 204508 / S288c)	1:Experimental evidence at protein level	Phosphoacetylglucosamine mutase	1.0	0.999	8	18	18	18	7	6	5	7	6	5	7	6	5	7.043312E7	5.1323368E7	7.9887488E7	2.2127834E7	2.2595046E7	2.0461858E7	
sp|P38630|RFC1_YEAST	P38630	RFC1_YEAST	RFC1	861	Saccharomyces cerevisiae (strain ATCC 204508 / S288c)	1:Experimental evidence at protein level	Replication factor C subunit 1	0.9992	0.9986	2	4	4	4	1	2	1	1	2	1	1	2	1	3194704.0	3808813.8	2411812.8	1658162.4	2128543.2	2582507.5	
sp|P38631|FKS1_YEAST	P38631	FKS1_YEAST	FKS1	1876	Saccharomyces cerevisiae (strain ATCC 204508 / S288c)	1:Experimental evidence at protein level	1,3-beta-glucan synthase component FKS1	0.9998	0.9986	14	1	1	30	1	0	0	1	0	0	12	9	9	4475760.5	0.0	0.0	0.0	0.0	0.0	
sp|P38636|ATX1_YEAST	P38636	ATX1_YEAST	ATX1	73	Saccharomyces cerevisiae (strain ATCC 204508 / S288c)	1:Experimental evidence at protein level	Metal homeostasis factor ATX1	0.972	0.9766	2	5	1	5	2	2	1	1	0	0	2	2	1	2.1877658E7	1.7753386E7	2.4625102E7	1.6096166E7	1.7753386E7	1.747476E7	
sp|P38682|GLO3_YEAST	P38682	GLO3_YEAST	GLO3	493	Saccharomyces cerevisiae (strain ATCC 204508 / S288c)	1:Experimental evidence at protein level	ADP-ribosylation factor GTPase-activating protein GLO3	1.0	0.999	8	18	18	18	6	6	6	6	6	6	6	6	6	4.0468896E7	3.0158274E7	3.4226064E7	9611132.0	7748535.5	9552837.0	
sp|P38687|SRP68_YEAST	P38687	SRP68_YEAST	SRP68	599	Saccharomyces cerevisiae (strain ATCC 204508 / S288c)	1:Experimental evidence at protein level	Signal recognition particle subunit SRP68	1.0	0.999	5	10	10	10	5	2	3	5	2	3	5	2	3	1.0637028E7	7611475.0	1.1251107E7	3649502.2	4880366.0	4549203.0	
sp|P38688|SRP72_YEAST	P38688	SRP72_YEAST	SRP72	640	Saccharomyces cerevisiae (strain ATCC 204508 / S288c)	1:Experimental evidence at protein level	Signal recognition particle subunit SRP72	1.0	0.999	6	8	8	8	4	2	2	4	2	2	4	2	2	3.2587508E7	3.1082434E7	3.2172012E7	7397742.5	6781184.0	8653270.0	
sp|P38689|KPR3_YEAST	P38689	KPR3_YEAST	PRS3	320	Saccharomyces cerevisiae (strain ATCC 204508 / S288c)	1:Experimental evidence at protein level	Ribose-phosphate pyrophosphokinase 3	1.0	0.9989	6	13	13	13	5	4	4	5	4	4	5	4	4	5.3309188E7	4.4233176E7	5.2027288E7	1.4988322E7	1.4094129E7	1.1553159E7	
sp|P38694|MSC7_YEAST	P38694	MSC7_YEAST	MSC7	644	Saccharomyces cerevisiae (strain ATCC 204508 / S288c)	1:Experimental evidence at protein level	Putative aldehyde dehydrogenase-like protein YHR039C	1.0	0.999	5	14	14	14	5	5	4	5	5	4	5	5	4	2.5703876E7	2.8581404E7	2.750202E7	6813651.0	6912031.0	9216618.0	
sp|P38695|HXT5_YEAST	P38695	HXT5_YEAST	HXT5	592	Saccharomyces cerevisiae (strain ATCC 204508 / S288c)	1:Experimental evidence at protein level	Probable glucose transporter HXT5	1.0	0.999	6	12	11	30	4	3	5	4	3	4	8	11	11	2.0547958E7	2.2056958E7	2.6005408E7	7808776.5	8570012.0	9996808.0	
sp|P38698|PPX1_YEAST	P38698	PPX1_YEAST	PPX1	397	Saccharomyces cerevisiae (strain ATCC 204508 / S288c)	1:Experimental evidence at protein level	Polyphosphatase	0.9963	0.9986	2	3	3	3	1	2	0	1	2	0	1	2	0	3294992.0	4105972.5	2405655.0	3294992.0	4105972.5	2405655.0	
sp|P38701|RS20_YEAST	P38701	RS20_YEAST	RPS20	121	Saccharomyces cerevisiae (strain ATCC 204508 / S288c)	1:Experimental evidence at protein level	40S ribosomal protein S20	1.0	0.999	6	111	111	111	37	36	38	37	36	38	37	36	38	1.36823322E9	1.4506583E9	1.36571686E9	3.1137568E8	3.31197888E8	3.11955104E8	
sp|P38707|SYNC_YEAST	P38707	SYNC_YEAST	DED81	554	Saccharomyces cerevisiae (strain ATCC 204508 / S288c)	1:Experimental evidence at protein level	Asparagine--tRNA ligase, cytoplasmic	1.0	0.999	16	74	74	74	25	24	25	25	24	25	25	24	25	2.64316368E8	3.0849136E8	3.09857952E8	5.0197748E7	5.368798E7	5.3869888E7	
sp|P38708|YHI0_YEAST	P38708	YHI0_YEAST	YHR020W	688	Saccharomyces cerevisiae (strain ATCC 204508 / S288c)	1:Experimental evidence at protein level	Putative proline--tRNA ligase YHR020W	1.0	0.999	14	54	54	54	21	17	16	21	17	16	21	17	16	2.38171632E8	1.87826864E8	2.70141184E8	4.311154E7	4.5747736E7	4.9027704E7	
sp|P38715|GRE3_YEAST	P38715	GRE3_YEAST	GRE3	327	Saccharomyces cerevisiae (strain ATCC 204508 / S288c)	1:Experimental evidence at protein level	NADPH-dependent aldose reductase GRE3	1.0	0.999	12	59	59	59	19	23	17	19	23	17	19	23	17	2.95702752E8	2.725272E8	3.04334592E8	5.3115732E7	4.9033816E7	5.527514E7	
sp|P38716|YHR2_YEAST	P38716	YHR2_YEAST	YHR112C	378	Saccharomyces cerevisiae (strain ATCC 204508 / S288c)	1:Experimental evidence at protein level	Uncharacterized trans-sulfuration enzyme YHR112C	0.9999	0.999	2	2	2	2	0	1	1	0	1	1	0	1	1	3080610.8	6634133.0	1977610.6	3080610.8	3468614.5	1977610.6	
sp|P38719|DBP8_YEAST	P38719	DBP8_YEAST	DBP8	431	Saccharomyces cerevisiae (strain ATCC 204508 / S288c)	1:Experimental evidence at protein level	ATP-dependent RNA helicase DBP8	0.7013	0.9872	1	1	1	1	1	0	0	1	0	0	1	0	0	0.0	0.0	0.0	0.0	0.0	0.0	
sp|P38720|6PGD1_YEAST	P38720	6PGD1_YEAST	GND1	489	Saccharomyces cerevisiae (strain ATCC 204508 / S288c)	1:Experimental evidence at protein level	6-phosphogluconate dehydrogenase, decarboxylating 1	1.0	0.999	23	274	198	274	87	90	97	61	66	71	87	90	97	1.87609984E9	1.9510569E9	1.99668813E9	1.66085856E8	1.79414064E8	1.81388304E8	
sp|P38737|ECM29_YEAST	P38737	ECM29_YEAST	ECM29	1868	Saccharomyces cerevisiae (strain ATCC 204508 / S288c)	1:Experimental evidence at protein level	Proteasome component ECM29	1.0	0.999	8	10	10	10	4	3	3	4	3	3	4	3	3	1.9981934E7	2.2234758E7	1.8511454E7	5870401.0	7424922.0	7952112.5	
sp|P38754|RL14B_YEAST	P38754	RL14B_YEAST	RPL14B	138	Saccharomyces cerevisiae (strain ATCC 204508 / S288c)	1:Experimental evidence at protein level	60S ribosomal protein L14-B	0.9944	0.999	4	9	9	57	3	3	3	3	3	3	18	19	20	4.9155344E7	4.303964E7	4.3926372E7	4.9155344E7	4.303964E7	4.3926372E7	
sp|P38755|OSH7_YEAST	P38755	OSH7_YEAST	OSH7	437	Saccharomyces cerevisiae (strain ATCC 204508 / S288c)	1:Experimental evidence at protein level	Oxysterol-binding protein homolog 7	1.0	0.999	5	10	5	10	4	4	2	2	2	1	4	4	2	1.297803E7	1.8857532E7	2.6558896E7	8415150.0	9643513.0	1.2094987E7	
sp|P38758|TDA3_YEAST	P38758	TDA3_YEAST	TDA3	523	Saccharomyces cerevisiae (strain ATCC 204508 / S288c)	1:Experimental evidence at protein level	Putative oxidoreductase TDA3	1.0	0.999	3	5	5	5	2	1	2	2	1	2	2	1	2	1.0630498E7	1.7906436E7	1.692885E7	5760736.5	8181084.0	8178461.5	
sp|P38759|VPS29_YEAST	P38759	VPS29_YEAST	VPS29	282	Saccharomyces cerevisiae (strain ATCC 204508 / S288c)	1:Experimental evidence at protein level	Vacuolar protein sorting-associated protein 29	0.9672	0.999	1	1	1	1	0	0	1	0	0	1	0	0	1	2538702.0	3620702.2	5136566.0	2538702.0	3620702.2	5136566.0	
sp|P38764|RPN1_YEAST	P38764	RPN1_YEAST	RPN1	993	Saccharomyces cerevisiae (strain ATCC 204508 / S288c)	1:Experimental evidence at protein level	26S proteasome regulatory subunit RPN1	1.0	0.999	25	100	100	100	31	36	33	31	36	33	31	36	33	3.61705248E8	4.10655808E8	4.15693152E8	4.4475712E7	4.7361284E7	4.7822244E7	
sp|P38773|DOG2_YEAST	P38773	DOG2_YEAST	DOG2	246	Saccharomyces cerevisiae (strain ATCC 204508 / S288c)	1:Experimental evidence at protein level	2-deoxyglucose-6-phosphate phosphatase 2	1.0	0.9989	3	9	0	9	4	3	2	0	0	0	4	3	2	2.0982838E7	2.153636E7	2.527148E7	9254782.0	1.0279846E7	1.212686E7	sp|P38774|DOG1_YEAST
sp|P38775|YHK5_YEAST	P38775	YHK5_YEAST	YHR045W	560	Saccharomyces cerevisiae (strain ATCC 204508 / S288c)	4:Protein predicted	Putative uncharacterized protein YHR045W	0.9378	0.998	1	2	2	2	1	0	1	1	0	1	1	0	1	4071411.5	0.0	4631715.5	4071411.5	0.0	4631715.5	
sp|P38777|FSH1_YEAST	P38777	FSH1_YEAST	FSH1	243	Saccharomyces cerevisiae (strain ATCC 204508 / S288c)	1:Experimental evidence at protein level	Family of serine hydrolases 1	0.8668	0.9953	1	2	2	2	1	0	1	1	0	1	1	0	1	5212857.5	6950285.5	8647953.0	5212857.5	6950285.5	8647953.0	
sp|P38779|CIC1_YEAST	P38779	CIC1_YEAST	CIC1	376	Saccharomyces cerevisiae (strain ATCC 204508 / S288c)	1:Experimental evidence at protein level	Proteasome-interacting protein CIC1	0.9163	0.9972	1	3	3	3	1	1	1	1	1	1	1	1	1	4706067.5	5633886.5	6271287.5	4706067.5	5633886.5	6271287.5	
sp|P38787|PANE_YEAST	P38787	PANE_YEAST	PAN5	379	Saccharomyces cerevisiae (strain ATCC 204508 / S288c)	1:Experimental evidence at protein level	2-dehydropantoate 2-reductase	1.0	0.999	8	15	15	15	5	6	4	5	6	4	5	6	4	4.6333308E7	4.573728E7	5.2135048E7	1.0859517E7	9479609.0	1.1176988E7	
sp|P38788|SSZ1_YEAST	P38788	SSZ1_YEAST	SSZ1	538	Saccharomyces cerevisiae (strain ATCC 204508 / S288c)	1:Experimental evidence at protein level	Ribosome-associated complex subunit SSZ1	1.0	0.999	17	146	146	146	44	50	52	44	50	52	44	50	52	6.7454515E8	7.1817203E8	7.5352307E8	8.7289648E7	9.185992E7	9.6421352E7	
sp|P38791|DHYS_YEAST	P38791	DHYS_YEAST	DYS1	387	Saccharomyces cerevisiae (strain ATCC 204508 / S288c)	1:Experimental evidence at protein level	Deoxyhypusine synthase	1.0	0.999	13	71	71	71	23	26	22	23	26	22	23	26	22	2.610636E8	2.91237568E8	2.94998464E8	3.4327776E7	3.9256832E7	3.9187072E7	
sp|P38792|RRP4_YEAST	P38792	RRP4_YEAST	RRP4	359	Saccharomyces cerevisiae (strain ATCC 204508 / S288c)	1:Experimental evidence at protein level	Exosome complex component RRP4	0.9995	0.9978	2	3	3	3	1	1	1	1	1	1	1	1	1	3296029.0	4205368.5	4102359.5	1863132.6	2529966.0	2491427.2	
sp|P38793|TRM5_YEAST	P38793	TRM5_YEAST	TRM5	499	Saccharomyces cerevisiae (strain ATCC 204508 / S288c)	1:Experimental evidence at protein level	tRNA (guanine(37)-N1)-methyltransferase	0.9995	0.9988	2	16	16	16	5	5	6	5	5	6	5	5	6	1405430.2	2688524.5	2337845.8	1405430.2	2688524.5	2337845.8	
sp|P38795|NADE_YEAST	P38795	NADE_YEAST	QNS1	714	Saccharomyces cerevisiae (strain ATCC 204508 / S288c)	1:Experimental evidence at protein level	Glutamine-dependent NAD(+) synthetase	1.0	0.999	6	15	15	15	4	5	6	4	5	6	4	5	6	4.8915504E7	4.4377852E7	4.6113444E7	1.3445681E7	1.2428693E7	1.4960061E7	
sp|P38801|LRP1_YEAST	P38801	LRP1_YEAST	LRP1	184	Saccharomyces cerevisiae (strain ATCC 204508 / S288c)	1:Experimental evidence at protein level	Exosome complex protein LRP1	0.9532	0.9985	1	1	1	1	1	0	0	1	0	0	1	0	0	2971228.0	3947722.5	0.0	2971228.0	3947722.5	0.0	
sp|P38804|SDO1L_YEAST	P38804	SDO1L_YEAST	RTC3	111	Saccharomyces cerevisiae (strain ATCC 204508 / S288c)	1:Experimental evidence at protein level	Restriction of telomere capping protein 3	1.0	0.999	6	23	23	23	8	7	8	8	7	8	8	7	8	6.194058E7	8.0940968E7	6.5449328E7	2.504751E7	3.1692732E7	2.6817202E7	
sp|P38809|YHP7_YEAST	P38809	YHP7_YEAST	YHR097C	366	Saccharomyces cerevisiae (strain ATCC 204508 / S288c)	1:Experimental evidence at protein level	Uncharacterized protein YHR097C	1.0	0.999	5	9	9	9	3	3	3	3	3	3	3	3	3	1.8016256E7	1.942962E7	1.563914E7	5272686.0	5359692.0	4281785.5	
sp|P38810|SFB3_YEAST	P38810	SFB3_YEAST	SFB3	929	Saccharomyces cerevisiae (strain ATCC 204508 / S288c)	1:Experimental evidence at protein level	SED5-binding protein 3	1.0	0.999	6	14	14	14	5	5	4	5	5	4	5	5	4	3.3680764E7	3.3640024E7	3.398362E7	9506543.0	8089992.0	7829569.5	
sp|P38816|TRXB2_YEAST	P38816	TRXB2_YEAST	TRR2	342	Saccharomyces cerevisiae (strain ATCC 204508 / S288c)	1:Experimental evidence at protein level	Thioredoxin reductase 2, mitochondrial	0.976	0.9954	2	1	1	14	0	0	1	0	0	1	4	5	5	0.0	0.0	469284.47	0.0	0.0	0.0	
sp|P38817|GGA2_YEAST	P38817	GGA2_YEAST	GGA2	585	Saccharomyces cerevisiae (strain ATCC 204508 / S288c)	1:Experimental evidence at protein level	ADP-ribosylation factor-binding protein GGA2	1.0	0.999	6	21	21	21	7	7	7	7	7	7	7	7	7	4.9037768E7	5.5084816E7	6.8270432E7	1.3705862E7	1.5830637E7	1.6841774E7	
sp|P38820|UBA4_YEAST	P38820	UBA4_YEAST	UBA4	440	Saccharomyces cerevisiae (strain ATCC 204508 / S288c)	1:Experimental evidence at protein level	Adenylyltransferase and sulfurtransferase UBA4	0.9846	0.9806	2	3	3	3	1	1	1	1	1	1	1	1	1	8340179.5	8836179.0	7839104.0	5624876.5	5544479.0	4981843.0	
sp|P38821|DNPEP_YEAST	P38821	DNPEP_YEAST	APE4	490	Saccharomyces cerevisiae (strain ATCC 204508 / S288c)	1:Experimental evidence at protein level	Aspartyl aminopeptidase 4	1.0	0.999	4	11	11	11	4	4	3	4	4	3	4	4	3	2.4182642E7	2.7460638E7	2.8079916E7	9112838.0	1.0455113E7	9496743.0	
sp|P38828|LSM12_YEAST	P38828	LSM12_YEAST	LSM12	187	Saccharomyces cerevisiae (strain ATCC 204508 / S288c)	1:Experimental evidence at protein level	Protein LSM12	0.9996	0.999	2	3	3	3	2	1	0	2	1	0	2	1	0	9168770.0	5814896.0	5493155.0	6553652.0	5814896.0	5493155.0	
sp|P38836|ECM14_YEAST	P38836	ECM14_YEAST	ECM14	430	Saccharomyces cerevisiae (strain ATCC 204508 / S288c)	1:Experimental evidence at protein level	Inactive metallocarboxypeptidase ECM14	1.0	0.999	2	4	4	4	2	1	1	2	1	1	2	1	1	5836249.0	5941896.5	5914575.5	3756802.5	3648852.5	3498418.8	
sp|P38837|NSG1_YEAST	P38837	NSG1_YEAST	NSG1	291	Saccharomyces cerevisiae (strain ATCC 204508 / S288c)	1:Experimental evidence at protein level	Protein NSG1	0.9587	0.9987	1	1	1	1	0	1	0	0	1	0	0	1	0	4447060.5	5949452.0	5915988.0	4447060.5	5949452.0	5915988.0	
sp|P38841|YHT8_YEAST	P38841	YHT8_YEAST	YHR138C	114	Saccharomyces cerevisiae (strain ATCC 204508 / S288c)	1:Experimental evidence at protein level	Uncharacterized protein YHR138C	1.0	0.999	2	10	10	10	3	3	4	3	3	4	3	3	4	3.9210792E7	2.9647644E7	3.6144944E7	2.3782762E7	1.7781094E7	2.1515228E7	
sp|P38845|CRP1_YEAST	P38845	CRP1_YEAST	CRP1	465	Saccharomyces cerevisiae (strain ATCC 204508 / S288c)	1:Experimental evidence at protein level	Cruciform DNA-recognizing protein 1	1.0	0.999	6	21	21	21	6	6	9	6	6	9	6	6	9	7.2917752E7	6.0965696E7	6.3212564E7	1.4552558E7	1.3930961E7	1.3339544E7	
sp|P38858|SOL3_YEAST	P38858	SOL3_YEAST	SOL3	249	Saccharomyces cerevisiae (strain ATCC 204508 / S288c)	1:Experimental evidence at protein level	6-phosphogluconolactonase 3	1.0	0.999	8	27	27	27	10	8	9	10	8	9	10	8	9	6.7387032E7	6.2535092E7	9.6194672E7	1.4249379E7	1.9529182E7	1.983986E7	
sp|P38869|SVP26_YEAST	P38869	SVP26_YEAST	SVP26	228	Saccharomyces cerevisiae (strain ATCC 204508 / S288c)	1:Experimental evidence at protein level	Protein SVP26	1.0	0.999	4	8	8	8	3	3	2	3	3	2	3	3	2	1.3873223E7	1.803476E7	1.686454E7	7778780.0	8342542.5	8911033.0	
sp|P38875|GPI16_YEAST	P38875	GPI16_YEAST	GPI16	610	Saccharomyces cerevisiae (strain ATCC 204508 / S288c)	1:Experimental evidence at protein level	GPI transamidase component GPI16	0.9502	0.9984	1	1	1	1	1	0	0	1	0	0	1	0	0	3845049.5	3871234.2	0.0	3845049.5	3871234.2	0.0	
sp|P38879|NACA_YEAST	P38879	NACA_YEAST	EGD2	174	Saccharomyces cerevisiae (strain ATCC 204508 / S288c)	1:Experimental evidence at protein level	Nascent polypeptide-associated complex subunit alpha	1.0	0.999	6	113	113	113	35	39	39	35	39	39	35	39	39	6.1564109E8	5.7693971E8	6.2138483E8	1.8278736E8	1.95818736E8	2.05986416E8	
sp|P38882|UTP9_YEAST	P38882	UTP9_YEAST	UTP9	575	Saccharomyces cerevisiae (strain ATCC 204508 / S288c)	1:Experimental evidence at protein level	U3 small nucleolar RNA-associated protein 9	0.5086	0.9714	1	2	2	2	0	0	2	0	0	2	0	0	2	7075216.0	5068914.0	6241205.5	7075216.0	5068914.0	6241205.5	
sp|P38885|AIM46_YEAST	P38885	AIM46_YEAST	AIM46	310	Saccharomyces cerevisiae (strain ATCC 204508 / S288c)	1:Experimental evidence at protein level	Altered inheritance of mitochondria protein 46, mitochondrial	0.9656	0.9989	1	3	3	3	1	1	1	1	1	1	1	1	1	3265619.5	3919305.8	3538763.0	3265619.5	3919305.8	3538763.0	
sp|P38886|RPN10_YEAST	P38886	RPN10_YEAST	RPN10	268	Saccharomyces cerevisiae (strain ATCC 204508 / S288c)	1:Experimental evidence at protein level	26S proteasome regulatory subunit RPN10	1.0	0.999	5	17	17	17	7	5	5	7	5	5	7	5	5	7.7846744E7	6.9351312E7	8.0094848E7	3.0832704E7	2.8147542E7	3.4745324E7	
sp|P38891|BCA1_YEAST	P38891	BCA1_YEAST	BAT1	393	Saccharomyces cerevisiae (strain ATCC 204508 / S288c)	1:Experimental evidence at protein level	Branched-chain-amino-acid aminotransferase, mitochondrial	1.0	0.999	8	18	18	22	6	5	7	6	5	7	7	6	9	6.3374848E7	7.3951688E7	7.7937728E7	2.0817714E7	2.558004E7	2.8738094E7	
sp|P38902|RPB11_YEAST	P38902	RPB11_YEAST	RPB11	120	Saccharomyces cerevisiae (strain ATCC 204508 / S288c)	1:Experimental evidence at protein level	DNA-directed RNA polymerase II subunit RPB11	1.0	0.999	4	7	7	7	3	1	3	3	1	3	3	1	3	2.1067898E7	1.5064589E7	2.0902728E7	7056592.0	6062659.0	6930468.0	
sp|P38903|2A5D_YEAST	P38903	2A5D_YEAST	RTS1	757	Saccharomyces cerevisiae (strain ATCC 204508 / S288c)	1:Experimental evidence at protein level	Serine/threonine-protein phosphatase 2A 56 kDa regulatory subunit delta isoform	1.0	0.999	4	9	9	9	2	3	4	2	3	4	2	3	4	1.5326901E7	2.3023898E7	2.1888202E7	4966565.5	7661049.5	7117327.5	
sp|P38910|CH10_YEAST	P38910	CH10_YEAST	HSP10	106	Saccharomyces cerevisiae (strain ATCC 204508 / S288c)	1:Experimental evidence at protein level	10 kDa heat shock protein, mitochondrial	1.0	0.999	4	50	50	50	17	17	16	17	17	16	17	17	16	2.52178112E8	2.52447712E8	2.94357376E8	7.246856E7	7.7087928E7	8.225232E7	
sp|P38911|FKBP3_YEAST	P38911	FKBP3_YEAST	FPR3	411	Saccharomyces cerevisiae (strain ATCC 204508 / S288c)	1:Experimental evidence at protein level	Peptidyl-prolyl cis-trans isomerase	1.0	0.999	4	18	18	18	5	6	7	5	6	7	5	6	7	4.6710424E7	3.905868E7	4.8585444E7	1.6374679E7	1.9059162E7	1.8672958E7	
sp|P38912|IF1A_YEAST	P38912	IF1A_YEAST	TIF11	153	Saccharomyces cerevisiae (strain ATCC 204508 / S288c)	1:Experimental evidence at protein level	Eukaryotic translation initiation factor 1A	1.0	0.999	5	27	27	27	7	11	9	7	11	9	7	11	9	1.41462544E8	1.44747792E8	1.41863136E8	4.5218636E7	4.3904252E7	4.361072E7	
sp|P38922|HRB1_YEAST	P38922	HRB1_YEAST	HRB1	454	Saccharomyces cerevisiae (strain ATCC 204508 / S288c)	1:Experimental evidence at protein level	Serine/arginine (SR)-type shuttling mRNA binding protein HRB1	0.9678	0.999	1	1	1	1	1	0	0	1	0	0	1	0	0	4563386.5	1850325.4	2681254.0	4563386.5	1850325.4	2681254.0	
sp|P38928|AXL2_YEAST	P38928	AXL2_YEAST	AXL2	823	Saccharomyces cerevisiae (strain ATCC 204508 / S288c)	1:Experimental evidence at protein level	Axial budding pattern protein 2	0.6137	0.9812	1	3	3	3	1	1	1	1	1	1	1	1	1	5778559.0	5758259.0	6812283.0	5778559.0	5758259.0	6812283.0	
sp|P38929|ATC2_YEAST	P38929	ATC2_YEAST	PMC1	1173	Saccharomyces cerevisiae (strain ATCC 204508 / S288c)	1:Experimental evidence at protein level	Calcium-transporting ATPase 2	1.0	0.999	9	15	15	15	5	6	4	5	6	4	5	6	4	4.3947036E7	3.7894544E7	3.8548336E7	9397193.0	8045017.0	8982766.0	
sp|P38930|CSK2C_YEAST	P38930	CSK2C_YEAST	CKB2	258	Saccharomyces cerevisiae (strain ATCC 204508 / S288c)	1:Experimental evidence at protein level	Casein kinase II subunit beta'	0.998	0.9986	2	3	3	3	2	0	1	2	0	1	2	0	1	7639553.0	0.0	8477734.0	6868009.5	0.0	6234918.5	
sp|P38934|BFR1_YEAST	P38934	BFR1_YEAST	BFR1	470	Saccharomyces cerevisiae (strain ATCC 204508 / S288c)	1:Experimental evidence at protein level	Nuclear segregation protein BFR1	1.0	0.999	20	113	113	113	39	38	36	39	38	36	39	38	36	4.77862272E8	4.216176E8	4.01077696E8	4.8053936E7	4.240376E7	4.2243952E7	
sp|P38962|TVP23_YEAST	P38962	TVP23_YEAST	TVP23	199	Saccharomyces cerevisiae (strain ATCC 204508 / S288c)	1:Experimental evidence at protein level	Golgi apparatus membrane protein TVP23	0.9664	0.9989	1	1	1	1	0	0	1	0	0	1	0	0	1	2657002.0	2957319.2	3289468.8	2657002.0	2957319.2	3289468.8	
sp|P38968|SEC31_YEAST	P38968	SEC31_YEAST	SEC31	1273	Saccharomyces cerevisiae (strain ATCC 204508 / S288c)	1:Experimental evidence at protein level	Protein transport protein SEC31	1.0	0.999	16	49	49	49	16	17	16	16	17	16	16	17	16	1.85098592E8	1.95537824E8	1.88593616E8	1.8260148E7	1.9374346E7	1.8621868E7	
sp|P38970|HAL5_YEAST	P38970	HAL5_YEAST	HAL5	855	Saccharomyces cerevisiae (strain ATCC 204508 / S288c)	1:Experimental evidence at protein level	Serine/threonine-protein kinase HAL5	0.9959	0.999	2	4	4	4	1	1	2	1	1	2	1	1	2	4960658.5	4998792.5	5435156.0	4960658.5	4998792.5	5435156.0	
sp|P38972|PUR4_YEAST	P38972	PUR4_YEAST	ADE6	1358	Saccharomyces cerevisiae (strain ATCC 204508 / S288c)	1:Experimental evidence at protein level	Phosphoribosylformylglycinamidine synthase	1.0	0.999	34	143	143	143	43	49	51	43	49	51	43	49	51	5.09646304E8	4.70803968E8	5.4047091E8	3.833512E7	3.7384372E7	4.2043696E7	
sp|P38986|ASPG1_YEAST	P38986	ASPG1_YEAST	ASP1	381	Saccharomyces cerevisiae (strain ATCC 204508 / S288c)	1:Experimental evidence at protein level	L-asparaginase 1	1.0	0.999	3	9	9	9	3	3	3	3	3	3	3	3	3	3.1749082E7	2.477125E7	3.0492784E7	1.3858129E7	1.0594846E7	1.3302312E7	
sp|P38993|FET3_YEAST	P38993	FET3_YEAST	FET3	636	Saccharomyces cerevisiae (strain ATCC 204508 / S288c)	1:Experimental evidence at protein level	Iron transport multicopper oxidase FET3	1.0	0.999	4	27	27	27	10	8	9	10	8	9	10	8	9	2.7852452E7	3.52451E7	4.7515508E7	1.381008E7	2.0826982E7	1.9733054E7	
sp|P38996|NAB3_YEAST	P38996	NAB3_YEAST	NAB3	802	Saccharomyces cerevisiae (strain ATCC 204508 / S288c)	1:Experimental evidence at protein level	Nuclear polyadenylated RNA-binding protein 3	1.0	0.999	5	15	15	15	8	3	4	8	3	4	8	3	4	2.3844938E7	3.3317752E7	2.8518748E7	6100744.0	8551441.0	9020876.0	
sp|P38998|LYS1_YEAST	P38998	LYS1_YEAST	LYS1	373	Saccharomyces cerevisiae (strain ATCC 204508 / S288c)	1:Experimental evidence at protein level	Saccharopine dehydrogenase [NAD(+), L-lysine-forming]	1.0	0.999	7	25	25	25	8	10	7	8	10	7	8	10	7	3.7467848E7	3.411958E7	3.6282368E7	1.0070136E7	9172297.0	9545301.0	
sp|P38999|LYS9_YEAST	P38999	LYS9_YEAST	LYS9	446	Saccharomyces cerevisiae (strain ATCC 204508 / S288c)	1:Experimental evidence at protein level	Saccharopine dehydrogenase [NADP(+), L-glutamate-forming]	1.0	0.999	12	30	30	30	12	10	8	12	10	8	12	10	8	6.967496E7	6.7472192E7	6.8961312E7	9752738.0	9088854.0	9467663.0	
sp|P39003|HXT6_YEAST	P39003	HXT6_YEAST	HXT6	570	Saccharomyces cerevisiae (strain ATCC 204508 / S288c)	1:Experimental evidence at protein level	High-affinity hexose transporter HXT6	1.0	0.999	9	13	13	97	3	5	5	3	5	5	28	36	33	7.9106736E7	4.8364712E7	5.4093324E7	6.0708964E7	3.602318E7	4.0222784E7	
sp|P39004|HXT7_YEAST	P39004	HXT7_YEAST	HXT7	570	Saccharomyces cerevisiae (strain ATCC 204508 / S288c)	1:Experimental evidence at protein level	High-affinity hexose transporter HXT7	1.0	0.999	9	104	20	104	32	37	35	7	6	7	32	37	35	7.2453344E8	6.0470304E8	6.1321376E8	2.06856016E8	1.85538208E8	1.89391264E8	
sp|P39005|KRE9_YEAST	P39005	KRE9_YEAST	KRE9	276	Saccharomyces cerevisiae (strain ATCC 204508 / S288c)	1:Experimental evidence at protein level	Cell wall synthesis protein KRE9	0.9682	0.999	1	2	2	2	1	1	0	1	1	0	1	1	0	1648207.5	3115255.0	3478368.5	1648207.5	3115255.0	3478368.5	
sp|P39007|STT3_YEAST	P39007	STT3_YEAST	STT3	718	Saccharomyces cerevisiae (strain ATCC 204508 / S288c)	1:Experimental evidence at protein level	Dolichyl-diphosphooligosaccharide--protein glycosyltransferase subunit STT3	1.0	0.999	7	21	21	21	7	7	7	7	7	7	7	7	7	4.6961168E7	6.2473096E7	6.0319652E7	9706412.0	1.5003389E7	1.4979565E7	
sp|P39010|AKR1_YEAST	P39010	AKR1_YEAST	AKR1	764	Saccharomyces cerevisiae (strain ATCC 204508 / S288c)	1:Experimental evidence at protein level	Palmitoyltransferase AKR1	1.0	0.999	5	17	17	17	5	6	6	5	6	6	5	6	6	2.7304156E7	3.1187144E7	3.0597648E7	7333979.0	8715622.0	8543732.0	
sp|P39012|GAA1_YEAST	P39012	GAA1_YEAST	GAA1	614	Saccharomyces cerevisiae (strain ATCC 204508 / S288c)	1:Experimental evidence at protein level	GPI transamidase component GAA1	0.9682	0.999	1	3	3	3	1	1	1	1	1	1	1	1	1	2327227.5	3993373.0	3286190.2	2327227.5	3993373.0	3286190.2	
sp|P39013|END3_YEAST	P39013	END3_YEAST	END3	349	Saccharomyces cerevisiae (strain ATCC 204508 / S288c)	1:Experimental evidence at protein level	Actin cytoskeleton-regulatory complex protein END3	1.0	0.999	4	9	9	9	3	2	4	3	2	4	3	2	4	1.6712523E7	2.0346482E7	2.6756028E7	6331473.5	9780796.0	8694537.0	
sp|P39015|STM1_YEAST	P39015	STM1_YEAST	STM1	273	Saccharomyces cerevisiae (strain ATCC 204508 / S288c)	1:Experimental evidence at protein level	Suppressor protein STM1	1.0	0.999	10	147	147	147	48	47	52	48	47	52	48	47	52	1.11580557E9	1.43480614E9	1.47159219E9	3.11505664E8	3.77680288E8	3.82590688E8	
sp|P39076|TCPB_YEAST	P39076	TCPB_YEAST	CCT2	527	Saccharomyces cerevisiae (strain ATCC 204508 / S288c)	1:Experimental evidence at protein level	T-complex protein 1 subunit beta	1.0	0.999	11	25	25	25	11	6	8	11	6	8	11	6	8	8.2502512E7	7.869E7	8.8288944E7	1.7945274E7	1.8184964E7	1.9352668E7	
sp|P39077|TCPG_YEAST	P39077	TCPG_YEAST	CCT3	534	Saccharomyces cerevisiae (strain ATCC 204508 / S288c)	1:Experimental evidence at protein level	T-complex protein 1 subunit gamma	1.0	0.999	15	60	60	60	18	22	20	18	22	20	18	22	20	2.31171776E8	2.01143696E8	1.98602832E8	2.9613746E7	2.5525488E7	2.6787734E7	
sp|P39078|TCPD_YEAST	P39078	TCPD_YEAST	CCT4	528	Saccharomyces cerevisiae (strain ATCC 204508 / S288c)	1:Experimental evidence at protein level	T-complex protein 1 subunit delta	1.0	0.999	9	31	31	31	11	10	10	11	10	10	11	10	10	8.9782424E7	6.3709336E7	8.2616024E7	1.8945992E7	1.4108389E7	1.7639894E7	
sp|P39079|TCPZ_YEAST	P39079	TCPZ_YEAST	CCT6	546	Saccharomyces cerevisiae (strain ATCC 204508 / S288c)	1:Experimental evidence at protein level	T-complex protein 1 subunit zeta	1.0	0.999	9	38	38	38	15	11	12	15	11	12	15	11	12	1.02836656E8	7.614644E7	8.710204E7	1.7603732E7	1.5160203E7	1.6012494E7	
sp|P39101|CAJ1_YEAST	P39101	CAJ1_YEAST	CAJ1	391	Saccharomyces cerevisiae (strain ATCC 204508 / S288c)	1:Experimental evidence at protein level	Protein CAJ1	1.0	0.999	8	19	19	19	7	5	7	7	5	7	7	5	7	4.7020968E7	4.2844188E7	5.2912572E7	1.1223768E7	1.0606388E7	1.1491183E7	
sp|P39105|PLB1_YEAST	P39105	PLB1_YEAST	PLB1	664	Saccharomyces cerevisiae (strain ATCC 204508 / S288c)	1:Experimental evidence at protein level	Lysophospholipase 1	1.0	0.999	7	22	22	22	7	9	6	7	9	6	7	9	6	8.6827232E7	8.0120336E7	6.8198104E7	2.6151984E7	2.8171878E7	2.7241748E7	
sp|P39107|MNN9_YEAST	P39107	MNN9_YEAST	MNN9	395	Saccharomyces cerevisiae (strain ATCC 204508 / S288c)	1:Experimental evidence at protein level	Mannan polymerase complexes subunit MNN9	1.0	0.9982	3	6	6	6	2	2	2	2	2	2	2	2	2	1.5344735E7	1.3862283E7	9670338.0	8048959.0	9482512.0	6557217.0	
sp|P39109|YCFI_YEAST	P39109	YCFI_YEAST	YCF1	1515	Saccharomyces cerevisiae (strain ATCC 204508 / S288c)	1:Experimental evidence at protein level	Metal resistance protein YCF1	1.0	0.999	11	20	19	20	8	5	7	7	5	7	8	5	7	5.0966768E7	5.352814E7	4.9411528E7	1.0197842E7	1.0138779E7	1.0451538E7	
sp|P39111|VATF_YEAST	P39111	VATF_YEAST	VMA7	118	Saccharomyces cerevisiae (strain ATCC 204508 / S288c)	1:Experimental evidence at protein level	V-type proton ATPase subunit F	1.0	0.9988	3	15	15	15	4	6	5	4	6	5	4	6	5	5.6005688E7	5.511252E7	4.5231936E7	2.3697124E7	2.4083802E7	1.7703108E7	
sp|P39516|RS14B_YEAST	P39516	RS14B_YEAST	RPS14B	138	Saccharomyces cerevisiae (strain ATCC 204508 / S288c)	1:Experimental evidence at protein level	40S ribosomal protein S14-B	1.0	0.999	7	83	2	83	27	28	28	1	0	1	27	28	28	8.9186752E8	8.2863661E8	8.6084941E8	3.9433968E8	4.0123936E8	4.55215104E8	
sp|P39517|DHH1_YEAST	P39517	DHH1_YEAST	DHH1	506	Saccharomyces cerevisiae (strain ATCC 204508 / S288c)	1:Experimental evidence at protein level	ATP-dependent RNA helicase DHH1	1.0	0.999	8	24	24	24	10	8	6	10	8	6	10	8	6	7.7286384E7	6.6629008E7	7.6895136E7	1.7486288E7	1.5824566E7	1.7428694E7	
sp|P39522|ILV3_YEAST	P39522	ILV3_YEAST	ILV3	585	Saccharomyces cerevisiae (strain ATCC 204508 / S288c)	1:Experimental evidence at protein level	Dihydroxy-acid dehydratase, mitochondrial	1.0	0.999	12	31	31	31	10	12	9	10	12	9	10	12	9	1.21292336E8	1.33318512E8	9.6270976E7	2.7384496E7	3.4070168E7	3.2840852E7	
sp|P39524|ATC3_YEAST	P39524	ATC3_YEAST	DRS2	1355	Saccharomyces cerevisiae (strain ATCC 204508 / S288c)	1:Experimental evidence at protein level	Probable phospholipid-transporting ATPase DRS2	0.952	0.9985	1	2	2	2	1	1	0	1	1	0	1	1	0	7.5052552E7	5.3205244E7	0.0	7.5052552E7	5.3205244E7	0.0	
sp|P39540|ELO1_YEAST	P39540	ELO1_YEAST	ELO1	310	Saccharomyces cerevisiae (strain ATCC 204508 / S288c)	1:Experimental evidence at protein level	Elongation of fatty acids protein 1	0.9999	0.998	2	8	8	8	2	3	3	2	3	3	2	3	3	1.3839344E7	1.310433E7	1.2614821E7	8714380.0	8392932.0	7855613.0	
sp|P39551|PRM9_YEAST	P39551	PRM9_YEAST	PRM9	298	Saccharomyces cerevisiae (strain ATCC 204508 / S288c)	1:Experimental evidence at protein level	Pheromone-regulated membrane protein 9	0.9996	0.9962	2	2	0	2	2	0	0	0	0	0	2	0	0	6800880.0	6069391.0	5459499.0	4944693.0	4726561.0	4190307.0	sp|P53174|PRM8_YEAST
sp|P39676|FHP_YEAST	P39676	FHP_YEAST	YHB1	399	Saccharomyces cerevisiae (strain ATCC 204508 / S288c)	1:Experimental evidence at protein level	Flavohemoprotein	1.0	0.999	11	85	85	85	28	27	30	28	27	30	28	27	30	2.08139744E8	1.83756224E8	2.17566128E8	3.8684676E7	4.3175624E7	4.5967168E7	
sp|P39683|NPT1_YEAST	P39683	NPT1_YEAST	NPT1	429	Saccharomyces cerevisiae (strain ATCC 204508 / S288c)	1:Experimental evidence at protein level	Nicotinate phosphoribosyltransferase	1.0	0.999	15	59	59	59	19	20	20	19	20	20	19	20	20	2.36170752E8	2.485888E8	2.43273776E8	2.750468E7	2.7699668E7	2.6941526E7	
sp|P39685|PO152_YEAST	P39685	PO152_YEAST	POM152	1337	Saccharomyces cerevisiae (strain ATCC 204508 / S288c)	1:Experimental evidence at protein level	Nucleoporin POM152	0.8929	0.9964	1	2	2	2	0	1	1	0	1	1	0	1	1	0.0	0.0	0.0	0.0	0.0	0.0	
sp|P39704|ERP2_YEAST	P39704	ERP2_YEAST	ERP2	215	Saccharomyces cerevisiae (strain ATCC 204508 / S288c)	1:Experimental evidence at protein level	Protein ERP2	0.9989	0.999	2	7	7	7	3	2	2	3	2	2	3	2	2	4.6106992E7	4.5837856E7	6.4684968E7	2.6451312E7	2.512731E7	3.71063E7	
sp|P39713|BDH2_YEAST	P39713	BDH2_YEAST	BDH2	417	Saccharomyces cerevisiae (strain ATCC 204508 / S288c)	1:Experimental evidence at protein level	Probable diacetyl reductase [(R)-acetoin forming] 2	1.0	0.999	3	12	12	12	5	3	4	5	3	4	5	3	4	2.430762E7	1.8857144E7	2.2577118E7	6736831.5	5510150.0	6285333.0	
sp|P39714|BDH1_YEAST	P39714	BDH1_YEAST	BDH1	382	Saccharomyces cerevisiae (strain ATCC 204508 / S288c)	1:Experimental evidence at protein level	(R,R)-butanediol dehydrogenase	1.0	0.999	5	19	19	19	8	6	5	8	6	5	8	6	5	6.1276824E7	5.9604912E7	5.31021E7	1.3481353E7	1.2124081E7	1.0500878E7	
sp|P39721|AIM2_YEAST	P39721	AIM2_YEAST	AIM2	246	Saccharomyces cerevisiae (strain ATCC 204508 / S288c)	1:Experimental evidence at protein level	Protein AIM2	0.9998	0.999	2	6	6	6	1	2	3	1	2	3	1	2	3	1.4812719E7	1.4909777E7	1.8535772E7	1.4812719E7	8924063.0	1.1262544E7	
sp|P39726|GCSH_YEAST	P39726	GCSH_YEAST	GCV3	170	Saccharomyces cerevisiae (strain ATCC 204508 / S288c)	1:Experimental evidence at protein level	Glycine cleavage system H protein, mitochondrial	1.0	0.999	4	18	18	18	5	7	6	5	7	6	5	7	6	9.268716E7	1.04559904E8	1.07385688E8	2.8894122E7	3.820824E7	4.1914968E7	
sp|P39727|ERV46_YEAST	P39727	ERV46_YEAST	ERV46	415	Saccharomyces cerevisiae (strain ATCC 204508 / S288c)	1:Experimental evidence at protein level	ER-derived vesicles protein ERV46	1.0	0.999	5	14	14	14	6	4	4	6	4	4	6	4	4	4.701552E7	3.93317E7	4.6355428E7	1.4815618E7	1.2430092E7	1.2645973E7	
sp|P39729|RBG1_YEAST	P39729	RBG1_YEAST	RBG1	369	Saccharomyces cerevisiae (strain ATCC 204508 / S288c)	1:Experimental evidence at protein level	Ribosome-interacting GTPase 1	1.0	0.999	2	3	3	3	1	0	2	1	0	2	1	0	2	8175712.0	1.0754172E7	9975539.0	5984991.0	7221737.0	7178941.0	
sp|P39730|IF2P_YEAST	P39730	IF2P_YEAST	FUN12	1002	Saccharomyces cerevisiae (strain ATCC 204508 / S288c)	1:Experimental evidence at protein level	Eukaryotic translation initiation factor 5B	1.0	0.999	23	87	87	87	24	33	30	24	33	30	24	33	30	2.77204608E8	2.59550944E8	2.60551536E8	3.2466662E7	2.7464048E7	2.7456316E7	
sp|P39742|SEC72_YEAST	P39742	SEC72_YEAST	SEC72	193	Saccharomyces cerevisiae (strain ATCC 204508 / S288c)	1:Experimental evidence at protein level	Translocation protein SEC72	0.9994	0.9982	2	5	5	5	2	2	1	2	2	1	2	2	1	2.6243684E7	1.6900832E7	2.7298702E7	2.1365148E7	1.4431407E7	2.099792E7	
sp|P39743|RV167_YEAST	P39743	RV167_YEAST	RVS167	482	Saccharomyces cerevisiae (strain ATCC 204508 / S288c)	1:Experimental evidence at protein level	Reduced viability upon starvation protein 167	1.0	0.999	9	43	43	43	15	16	12	15	16	12	15	16	12	1.06384952E8	1.15015008E8	1.20779264E8	1.880044E7	2.1841566E7	2.3012214E7	
sp|P39744|NOC2_YEAST	P39744	NOC2_YEAST	NOC2	710	Saccharomyces cerevisiae (strain ATCC 204508 / S288c)	1:Experimental evidence at protein level	Nucleolar complex protein 2	0.9996	0.9983	3	4	4	4	3	0	1	3	0	1	3	0	1	1.3392977E7	1.3928606E7	1.1949625E7	6520165.5	6316989.0	4996048.0	
sp|P39926|SSO2_YEAST	P39926	SSO2_YEAST	SSO2	295	Saccharomyces cerevisiae (strain ATCC 204508 / S288c)	1:Experimental evidence at protein level	Protein SSO2	1.0	0.999	5	14	13	14	4	4	6	4	4	5	4	4	6	4.2904784E7	4.0654668E7	4.8782304E7	1.9051862E7	2.2134934E7	2.5703404E7	
sp|P39929|SNF7_YEAST	P39929	SNF7_YEAST	SNF7	240	Saccharomyces cerevisiae (strain ATCC 204508 / S288c)	1:Experimental evidence at protein level	Vacuolar-sorting protein SNF7	1.0	0.999	3	8	8	8	3	3	2	3	3	2	3	3	2	2.5420936E7	2.5250888E7	2.6813958E7	1.0118296E7	9698280.0	1.0267469E7	
sp|P39931|SS120_YEAST	P39931	SS120_YEAST	SSP120	234	Saccharomyces cerevisiae (strain ATCC 204508 / S288c)	1:Experimental evidence at protein level	Protein SSP120	1.0	0.999	5	16	16	16	6	4	6	6	4	6	6	4	6	3.9682772E7	3.9006288E7	4.5634824E7	1.0413793E7	1.0111802E7	1.1466956E7	
sp|P39935|IF4F1_YEAST	P39935	IF4F1_YEAST	TIF4631	952	Saccharomyces cerevisiae (strain ATCC 204508 / S288c)	1:Experimental evidence at protein level	Eukaryotic initiation factor 4F subunit p150	1.0	0.999	17	47	41	47	16	13	18	14	12	15	16	13	18	4.0582624E8	9.0432672E7	1.07765232E8	3.3373152E7	3.2025074E7	3.7785144E7	
sp|P39936|IF4F2_YEAST	P39936	IF4F2_YEAST	TIF4632	914	Saccharomyces cerevisiae (strain ATCC 204508 / S288c)	1:Experimental evidence at protein level	Eukaryotic initiation factor 4F subunit p130	1.0	0.999	5	6	6	12	4	1	1	4	1	1	6	2	4	1.6595406E7	1.0531334E7	5137739.5	5045687.5	4793187.5	3690622.2	
sp|P39938|RS26A_YEAST	P39938	RS26A_YEAST	RPS26A	119	Saccharomyces cerevisiae (strain ATCC 204508 / S288c)	1:Experimental evidence at protein level	40S ribosomal protein S26-A	1.0	0.9989	3	28	21	28	9	9	10	7	7	7	9	9	10	1.92726176E8	1.93115504E8	1.8012808E8	1.08005664E8	1.07833912E8	1.06410408E8	
sp|P39940|RSP5_YEAST	P39940	RSP5_YEAST	RSP5	809	Saccharomyces cerevisiae (strain ATCC 204508 / S288c)	1:Experimental evidence at protein level	E3 ubiquitin-protein ligase RSP5	1.0	0.999	16	37	37	37	12	13	12	12	13	12	12	13	12	9.62796E7	8.935172E7	9.8584848E7	1.4507263E7	1.2955936E7	1.471983E7	
sp|P39954|SAHH_YEAST	P39954	SAHH_YEAST	SAH1	449	Saccharomyces cerevisiae (strain ATCC 204508 / S288c)	1:Experimental evidence at protein level	Adenosylhomocysteinase	1.0	0.999	15	212	212	212	65	76	71	65	76	71	65	76	71	1.33307162E9	1.27567002E9	1.22422426E9	1.41844224E8	1.3330896E8	1.23747184E8	
sp|P39958|GDI1_YEAST	P39958	GDI1_YEAST	GDI1	451	Saccharomyces cerevisiae (strain ATCC 204508 / S288c)	1:Experimental evidence at protein level	Rab GDP-dissociation inhibitor	1.0	0.999	6	30	30	30	11	10	9	11	10	9	11	10	9	8.523152E7	8.0895336E7	7.3411376E7	2.41593E7	2.4653792E7	2.1337436E7	
sp|P39960|BEM2_YEAST	P39960	BEM2_YEAST	BEM2	2167	Saccharomyces cerevisiae (strain ATCC 204508 / S288c)	1:Experimental evidence at protein level	GTPase-activating protein BEM2/IPL2	0.9681	0.999	1	2	2	2	1	0	1	1	0	1	1	0	1	1303610.6	2181716.5	2206495.2	1303610.6	2181716.5	2206495.2	
sp|P39966|PP2C2_YEAST	P39966	PP2C2_YEAST	PTC2	464	Saccharomyces cerevisiae (strain ATCC 204508 / S288c)	1:Experimental evidence at protein level	Protein phosphatase 2C homolog 2	1.0	0.999	7	28	12	28	10	8	10	4	3	5	10	8	10	6.312682E7	6.0050428E7	6.4287096E7	1.3559375E7	1.3404035E7	1.4406436E7	
sp|P39968|VAC8_YEAST	P39968	VAC8_YEAST	VAC8	578	Saccharomyces cerevisiae (strain ATCC 204508 / S288c)	1:Experimental evidence at protein level	Vacuolar protein 8	1.0	0.999	7	15	15	15	6	4	5	6	4	5	6	4	5	5.227328E7	4.7985156E7	4.7957716E7	1.0713151E7	9544857.0	8975703.0	
sp|P39969|BOI2_YEAST	P39969	BOI2_YEAST	BOI2	1040	Saccharomyces cerevisiae (strain ATCC 204508 / S288c)	1:Experimental evidence at protein level	Protein BOI2	0.9595	0.9987	1	2	2	2	1	0	1	1	0	1	1	0	1	577828.9	519735.8	0.0	577828.9	519735.8	0.0	
sp|P39976|DLD3_YEAST	P39976	DLD3_YEAST	DLD3	496	Saccharomyces cerevisiae (strain ATCC 204508 / S288c)	1:Experimental evidence at protein level	D-2-hydroxyglutarate--pyruvate transhydrogenase DLD3	1.0	0.999	14	154	148	154	49	53	52	47	51	50	49	53	52	4.39512128E8	4.34355936E8	4.96860704E8	6.8073592E7	6.072192E7	7.2143488E7	
sp|P39985|DPO5_YEAST	P39985	DPO5_YEAST	POL5	1022	Saccharomyces cerevisiae (strain ATCC 204508 / S288c)	1:Experimental evidence at protein level	rDNA transcriptional regulator POL5	0.8772	0.9957	1	1	1	1	0	0	1	0	0	1	0	0	1	2397794.5	3056846.0	2377626.5	2397794.5	3056846.0	2377626.5	
sp|P39986|SPF1_YEAST	P39986	SPF1_YEAST	SPF1	1215	Saccharomyces cerevisiae (strain ATCC 204508 / S288c)	1:Experimental evidence at protein level	Endoplasmic reticulum transmembrane helix translocase	1.0	0.999	24	80	80	80	24	27	29	24	27	29	24	27	29	1.95244368E8	2.00896736E8	2.217796E8	2.574186E7	2.5628392E7	2.639613E7	
sp|P39990|SNU13_YEAST	P39990	SNU13_YEAST	SNU13	126	Saccharomyces cerevisiae (strain ATCC 204508 / S288c)	1:Experimental evidence at protein level	13 kDa ribonucleoprotein-associated protein	0.9996	0.999	2	10	10	10	4	4	2	4	4	2	4	4	2	7.9686048E7	7.0095888E7	6.888008E7	4.4910816E7	3.9847124E7	3.854286E7	
sp|P39993|GEA2_YEAST	P39993	GEA2_YEAST	GEA2	1459	Saccharomyces cerevisiae (strain ATCC 204508 / S288c)	1:Experimental evidence at protein level	ARF guanine-nucleotide exchange factor 2	1.0	0.9989	2	4	4	4	2	2	0	2	2	0	2	2	0	8561967.0	6676052.0	2999771.0	4033072.0	3875510.8	5378880.0	
sp|P40005|PFD2_YEAST	P40005	PFD2_YEAST	GIM4	111	Saccharomyces cerevisiae (strain ATCC 204508 / S288c)	1:Experimental evidence at protein level	Prefoldin subunit 2	0.962	0.9988	1	3	3	3	1	1	1	1	1	1	1	1	1	6369959.0	5087571.5	4906057.5	6369959.0	5087571.5	4906057.5	
sp|P40006|IRC22_YEAST	P40006	IRC22_YEAST	IRC22	225	Saccharomyces cerevisiae (strain ATCC 204508 / S288c)	1:Experimental evidence at protein level	Increased recombination centers protein 22	0.9682	0.999	1	3	3	3	1	1	1	1	1	1	1	1	1	1.0967774E7	1.5114033E7	1.7983972E7	1.0967774E7	1.5114033E7	1.7983972E7	
sp|P40008|FMP52_YEAST	P40008	FMP52_YEAST	FMP52	231	Saccharomyces cerevisiae (strain ATCC 204508 / S288c)	1:Experimental evidence at protein level	Protein FMP52, mitochondrial	1.0	0.999	4	12	12	12	5	4	3	5	4	3	5	4	3	3.7402456E7	3.635208E7	3.4978276E7	1.1522878E7	1.0928922E7	1.0870753E7	
sp|P40010|NUG1_YEAST	P40010	NUG1_YEAST	NUG1	520	Saccharomyces cerevisiae (strain ATCC 204508 / S288c)	1:Experimental evidence at protein level	Nuclear GTP-binding protein NUG1	1.0	0.999	6	12	12	12	5	3	4	5	3	4	5	3	4	2.9449008E7	3.0776794E7	2.9955508E7	7651821.5	9331288.0	8517377.0	
sp|P40011|RRAAH_YEAST	P40011	RRAAH_YEAST	YER010C	234	Saccharomyces cerevisiae (strain ATCC 204508 / S288c)	1:Experimental evidence at protein level	4-hydroxy-4-methyl-2-oxoglutarate aldolase	0.9646	0.9989	1	2	2	2	1	1	0	1	1	0	1	1	0	6888615.5	5006354.5	6681325.0	6888615.5	5006354.5	6681325.0	
sp|P40015|ISC1_YEAST	P40015	ISC1_YEAST	ISC1	477	Saccharomyces cerevisiae (strain ATCC 204508 / S288c)	1:Experimental evidence at protein level	Inositol phosphosphingolipids phospholipase C	0.9147	0.9972	1	1	1	1	0	1	0	0	1	0	0	1	0	2470606.2	2915542.8	2310781.5	2470606.2	2915542.8	2310781.5	
sp|P40016|RPN3_YEAST	P40016	RPN3_YEAST	RPN3	523	Saccharomyces cerevisiae (strain ATCC 204508 / S288c)	1:Experimental evidence at protein level	26S proteasome regulatory subunit RPN3	1.0	0.999	7	19	19	19	6	6	7	6	6	7	6	6	7	6.4185344E7	5.4179784E7	6.1894812E7	2.7615048E7	2.3225322E7	2.1209428E7	
sp|P40018|RSMB_YEAST	P40018	RSMB_YEAST	SMB1	196	Saccharomyces cerevisiae (strain ATCC 204508 / S288c)	1:Experimental evidence at protein level	Small nuclear ribonucleoprotein-associated protein B	0.9953	0.9989	2	4	4	4	2	1	1	2	1	1	2	1	1	6409163.5	8141401.5	7065996.5	4851120.0	5757376.0	5261975.5	
sp|P40019|CHZ1_YEAST	P40019	CHZ1_YEAST	CHZ1	153	Saccharomyces cerevisiae (strain ATCC 204508 / S288c)	1:Experimental evidence at protein level	Histone H2A.Z-specific chaperone CHZ1	1.0	0.999	2	6	6	6	2	2	2	2	2	2	2	2	2	1.6375854E7	1.7722736E7	2.0006032E7	9553687.0	1.0432187E7	1.1410933E7	
sp|P40022|YEM4_YEAST	P40022	YEM4_YEAST	YER034W	185	Saccharomyces cerevisiae (strain ATCC 204508 / S288c)	1:Experimental evidence at protein level	Uncharacterized protein YER034W	0.9682	0.999	1	2	2	2	0	1	1	0	1	1	0	1	1	3721524.2	4873492.5	5285839.5	3721524.2	4873492.5	5285839.5	
sp|P40024|ARB1_YEAST	P40024	ARB1_YEAST	ARB1	610	Saccharomyces cerevisiae (strain ATCC 204508 / S288c)	1:Experimental evidence at protein level	ABC transporter ATP-binding protein ARB1	1.0	0.999	13	43	43	43	16	13	14	16	13	14	16	13	14	1.3875656E8	2.12500384E8	1.37571872E8	3.0322236E7	3.2345096E7	3.2260928E7	
sp|P40029|MSRA_YEAST	P40029	MSRA_YEAST	MXR1	184	Saccharomyces cerevisiae (strain ATCC 204508 / S288c)	1:Experimental evidence at protein level	Peptide methionine sulfoxide reductase	1.0	0.999	5	16	16	16	5	6	5	5	6	5	5	6	5	2.5175058E7	2.724793E7	3.3659752E7	9176803.0	8946425.0	1.0261267E7	
sp|P40030|ERG28_YEAST	P40030	ERG28_YEAST	ERG28	148	Saccharomyces cerevisiae (strain ATCC 204508 / S288c)	1:Experimental evidence at protein level	Ergosterol biosynthetic protein 28	0.9666	0.9989	1	5	5	5	2	2	1	2	2	1	2	2	1	3.086909E7	3.9816532E7	4.08021E7	3.086909E7	3.9816532E7	4.08021E7	
sp|P40032|TPA1_YEAST	P40032	TPA1_YEAST	TPA1	644	Saccharomyces cerevisiae (strain ATCC 204508 / S288c)	1:Experimental evidence at protein level	Prolyl 3,4-dihydroxylase TPA1	1.0	0.9989	6	13	13	13	6	3	4	6	3	4	6	3	4	2.4378456E7	1.6897586E7	2.024011E7	5132504.0	6773734.0	6129398.0	
sp|P40037|HMF1_YEAST	P40037	HMF1_YEAST	HMF1	129	Saccharomyces cerevisiae (strain ATCC 204508 / S288c)	1:Experimental evidence at protein level	Protein HMF1	1.0	0.999	5	32	32	32	10	10	12	10	10	12	10	10	12	1.32571104E8	1.44445056E8	1.7665024E8	4.9207324E7	5.9524304E7	6.1983416E7	
sp|P40038|PCL6_YEAST	P40038	PCL6_YEAST	PCL6	420	Saccharomyces cerevisiae (strain ATCC 204508 / S288c)	1:Experimental evidence at protein level	PHO85 cyclin-6	0.7611	0.9905	1	1	1	1	0	1	0	0	1	0	0	1	0	0.0	4274500.0	0.0	0.0	0.0	0.0	
sp|P40040|THO1_YEAST	P40040	THO1_YEAST	THO1	218	Saccharomyces cerevisiae (strain ATCC 204508 / S288c)	1:Experimental evidence at protein level	Protein THO1	1.0	0.999	3	9	9	9	2	5	2	2	5	2	2	5	2	3.2640982E7	2.3703028E7	2.5246704E7	1.4117616E7	8751105.0	1.1013858E7	
sp|P40043|RGI1_YEAST	P40043	RGI1_YEAST	RGI1	161	Saccharomyces cerevisiae (strain ATCC 204508 / S288c)	1:Experimental evidence at protein level	Respiratory growth induced protein 1	1.0	0.999	3	20	20	20	6	7	7	6	7	7	6	7	7	8.1952464E7	1.23212384E8	1.184158E8	3.8273384E7	4.8822E7	4.57308E7	
sp|P40046|VTC1_YEAST	P40046	VTC1_YEAST	VTC1	129	Saccharomyces cerevisiae (strain ATCC 204508 / S288c)	1:Experimental evidence at protein level	Vacuolar transporter chaperone complex subunit 1	0.9995	0.9985	2	10	10	10	3	4	3	3	4	3	3	4	3	5.8225592E7	4.9552552E7	4.914676E7	4.1873508E7	3.8501708E7	3.5627948E7	
sp|P40047|ALDH5_YEAST	P40047	ALDH5_YEAST	ALD5	520	Saccharomyces cerevisiae (strain ATCC 204508 / S288c)	1:Experimental evidence at protein level	Aldehyde dehydrogenase 5, mitochondrial	1.0	0.999	7	13	13	13	4	4	5	4	4	5	4	4	5	2.7538276E7	2.5450772E7	2.8757286E7	6282905.0	7501360.5	6641524.0	
sp|P40053|AIM9_YEAST	P40053	AIM9_YEAST	AIM9	627	Saccharomyces cerevisiae (strain ATCC 204508 / S288c)	1:Experimental evidence at protein level	Altered inheritance of mitochondria protein 9, mitochondrial	1.0	0.999	6	11	11	11	6	2	3	6	2	3	6	2	3	3.6229768E7	3.2450452E7	3.7025672E7	8487975.0	7473949.0	8722601.0	
sp|P40054|SERA_YEAST	P40054	SERA_YEAST	SER3	469	Saccharomyces cerevisiae (strain ATCC 204508 / S288c)	1:Experimental evidence at protein level	D-3-phosphoglycerate dehydrogenase 1	1.0	0.999	12	38	10	38	14	12	12	4	3	3	14	12	12	1.02350544E8	1.06439128E8	1.23002248E8	1.3009427E7	1.4074857E7	1.68397E7	
sp|P40056|GET2_YEAST	P40056	GET2_YEAST	GET2	285	Saccharomyces cerevisiae (strain ATCC 204508 / S288c)	1:Experimental evidence at protein level	Golgi to ER traffic protein 2	1.0	0.9988	2	2	2	2	2	0	0	2	0	0	2	0	0	8801770.0	9190457.0	7829363.0	4830127.0	5037685.0	4195178.0	
sp|P40064|NU157_YEAST	P40064	NU157_YEAST	NUP157	1391	Saccharomyces cerevisiae (strain ATCC 204508 / S288c)	1:Experimental evidence at protein level	Nucleoporin NUP157	0.5157	0.9721	1	1	1	1	0	1	0	0	1	0	0	1	0	0.0	1702804.1	0.0	0.0	0.0	0.0	
sp|P40069|IMB4_YEAST	P40069	IMB4_YEAST	KAP123	1113	Saccharomyces cerevisiae (strain ATCC 204508 / S288c)	1:Experimental evidence at protein level	Importin subunit beta-4	1.0	0.999	25	95	95	95	33	29	33	33	29	33	33	29	33	2.7082416E8	2.39442512E8	2.99160896E8	3.0100794E7	2.8175584E7	3.2841562E7	
sp|P40070|LSM4_YEAST	P40070	LSM4_YEAST	LSM4	187	Saccharomyces cerevisiae (strain ATCC 204508 / S288c)	1:Experimental evidence at protein level	U6 snRNA-associated Sm-like protein LSm4	0.9992	0.996	2	4	4	4	2	1	1	2	1	1	2	1	1	2.3368808E7	1.5165022E7	6501947.0	1.2962295E7	7616727.5	1.062095E7	
sp|P40075|SCS2_YEAST	P40075	SCS2_YEAST	SCS2	244	Saccharomyces cerevisiae (strain ATCC 204508 / S288c)	1:Experimental evidence at protein level	Vesicle-associated membrane protein-associated protein SCS2	1.0	0.999	6	33	33	33	9	13	11	9	13	11	9	13	11	1.81045072E8	1.77306256E8	1.98682832E8	6.412064E7	6.673884E7	6.7880672E7	
sp|P40081|MGDP1_YEAST	P40081	MGDP1_YEAST	YER134C	178	Saccharomyces cerevisiae (strain ATCC 204508 / S288c)	1:Experimental evidence at protein level	Putative magnesium-dependent phosphatase YER134C	0.9682	0.999	1	3	3	3	1	1	1	1	1	1	1	1	1	5143143.0	8717662.0	7410304.5	5143143.0	8717662.0	7410304.5	
sp|P40086|COX15_YEAST	P40086	COX15_YEAST	COX15	486	Saccharomyces cerevisiae (strain ATCC 204508 / S288c)	1:Experimental evidence at protein level	Cytochrome c oxidase assembly protein COX15	0.96	0.9987	1	1	1	1	0	1	0	0	1	0	0	1	0	1400310.1	1553762.2	0.0	1400310.1	1553762.2	0.0	
sp|P40087|DDI1_YEAST	P40087	DDI1_YEAST	DDI1	428	Saccharomyces cerevisiae (strain ATCC 204508 / S288c)	1:Experimental evidence at protein level	DNA damage-inducible protein 1	1.0	0.999	3	9	9	9	3	3	3	3	3	3	3	3	3	1.2354386E7	1.3267E7	1.2524086E7	5072569.5	6247407.5	5208383.5	
sp|P40088|FTR1_YEAST	P40088	FTR1_YEAST	FTR1	404	Saccharomyces cerevisiae (strain ATCC 204508 / S288c)	1:Experimental evidence at protein level	Plasma membrane iron permease	0.9986	0.9955	2	5	5	5	2	2	1	2	2	1	2	2	1	1.309638E7	1.3615067E7	1.9488376E7	1.0024402E7	9358633.0	1.3441649E7	
sp|P40089|LSM5_YEAST	P40089	LSM5_YEAST	LSM5	93	Saccharomyces cerevisiae (strain ATCC 204508 / S288c)	1:Experimental evidence at protein level	U6 snRNA-associated Sm-like protein LSm5	0.9674	0.999	1	1	1	1	0	0	1	0	0	1	0	0	1	4354639.5	6924770.0	8194551.5	4354639.5	6924770.0	8194551.5	
sp|P40093|YEY6_YEAST	P40093	YEY6_YEAST	YER156C	338	Saccharomyces cerevisiae (strain ATCC 204508 / S288c)	1:Experimental evidence at protein level	MYG1 protein YER156C	1.0	0.999	5	8	8	8	5	2	1	5	2	1	5	2	1	2.8418614E7	3.2833116E7	2.0997256E7	7112206.5	9214540.0	7496204.0	
sp|P40096|NCB1_YEAST	P40096	NCB1_YEAST	BUR6	142	Saccharomyces cerevisiae (strain ATCC 204508 / S288c)	1:Experimental evidence at protein level	Negative cofactor 2 complex subunit alpha	1.0	0.999	3	6	6	6	3	2	1	3	2	1	3	2	1	2.0620992E7	2.1977454E7	1.0443142E7	8549464.0	8335425.5	7604748.0	
sp|P40106|GPP2_YEAST	P40106	GPP2_YEAST	GPP2	250	Saccharomyces cerevisiae (strain ATCC 204508 / S288c)	1:Experimental evidence at protein level	Glycerol-1-phosphate phosphohydrolase 2	1.0	0.999	9	28	28	69	9	10	9	9	10	9	22	24	23	1.43367616E8	1.32510976E8	1.456784E8	5.0824968E7	4.756516E7	5.3192792E7	
sp|P40150|SSB2_YEAST	P40150	SSB2_YEAST	SSB2	613	Saccharomyces cerevisiae (strain ATCC 204508 / S288c)	1:Experimental evidence at protein level	Ribosome-associated molecular chaperone SSB2	1.0	0.999	26	401	36	421	134	136	131	11	13	12	141	142	138	4.07113728E9	4.4625004E9	4.8709053E9	3.76462144E8	4.58786304E8	4.95141344E8	
sp|P40157|VID27_YEAST	P40157	VID27_YEAST	VID27	782	Saccharomyces cerevisiae (strain ATCC 204508 / S288c)	1:Experimental evidence at protein level	Vacuolar import and degradation protein 27	0.9995	0.9988	2	4	4	4	2	1	1	2	1	1	2	1	1	1.2877965E7	8778443.0	1.017824E7	1.2877965E7	8778443.0	1.017824E7	
sp|P40159|YNU8_YEAST	P40159	YNU8_YEAST	YNL208W	199	Saccharomyces cerevisiae (strain ATCC 204508 / S288c)	1:Experimental evidence at protein level	Uncharacterized protein YNL208W	1.0	0.999	6	35	35	35	11	11	13	11	11	13	11	11	13	9.4573016E7	1.14179296E8	1.116522E8	1.6379236E7	1.9676848E7	1.9630456E7	
sp|P40165|NNRE_YEAST	P40165	NNRE_YEAST	NNR1	246	Saccharomyces cerevisiae (strain ATCC 204508 / S288c)	1:Experimental evidence at protein level	NAD(P)H-hydrate epimerase	1.0	0.999	2	2	2	2	2	0	0	2	0	0	2	0	0	1.1295697E7	1.2412494E7	1.2241936E7	6349727.5	6836442.0	6850209.5	
sp|P40185|MMF1_YEAST	P40185	MMF1_YEAST	MMF1	145	Saccharomyces cerevisiae (strain ATCC 204508 / S288c)	1:Experimental evidence at protein level	Protein MMF1, mitochondrial	1.0	0.999	6	87	87	87	27	26	34	27	26	34	27	26	34	5.4896358E8	5.05965568E8	5.5718528E8	1.59480096E8	1.47510224E8	1.58620016E8	
sp|P40202|CCS1_YEAST	P40202	CCS1_YEAST	CCS1	249	Saccharomyces cerevisiae (strain ATCC 204508 / S288c)	1:Experimental evidence at protein level	Superoxide dismutase 1 copper chaperone	1.0	0.999	4	20	20	20	5	8	7	5	8	7	5	8	7	5.9522708E7	5.3396776E7	6.0864E7	1.9738794E7	1.7340784E7	1.8945628E7	
sp|P40210|SIP5_YEAST	P40210	SIP5_YEAST	SIP5	489	Saccharomyces cerevisiae (strain ATCC 204508 / S288c)	1:Experimental evidence at protein level	Protein SIP5	0.7958	0.9922	1	1	1	1	0	0	1	0	0	1	0	0	1	3945658.8	5317588.0	4486117.0	3945658.8	5317588.0	4486117.0	
sp|P40212|RL13B_YEAST	P40212	RL13B_YEAST	RPL13B	199	Saccharomyces cerevisiae (strain ATCC 204508 / S288c)	1:Experimental evidence at protein level	60S ribosomal protein L13-B	1.0	0.999	8	134	0	134	42	42	50	0	0	0	42	42	50	1.2504009E9	1.15090675E9	1.21716454E9	3.476848E8	3.0832976E8	3.32503872E8	sp|Q12690|RL13A_YEAST
sp|P40215|NDH1_YEAST	P40215	NDH1_YEAST	NDE1	560	Saccharomyces cerevisiae (strain ATCC 204508 / S288c)	1:Experimental evidence at protein level	External NADH-ubiquinone oxidoreductase 1, mitochondrial	1.0	0.9988	10	29	26	29	9	11	9	8	10	8	9	11	9	6.7693992E7	5.9781688E7	6.0452064E7	1.0205566E7	9599008.0	9913357.0	
sp|P40217|EIF3I_YEAST	P40217	EIF3I_YEAST	TIF34	347	Saccharomyces cerevisiae (strain ATCC 204508 / S288c)	1:Experimental evidence at protein level	Eukaryotic translation initiation factor 3 subunit I	1.0	0.999	11	45	45	45	14	15	16	14	15	16	14	15	16	1.36997616E8	1.27391968E8	1.47616608E8	3.2197772E7	3.3887224E7	3.6103076E7	
sp|P40302|PSA6_YEAST	P40302	PSA6_YEAST	PRE5	234	Saccharomyces cerevisiae (strain ATCC 204508 / S288c)	1:Experimental evidence at protein level	Proteasome subunit alpha type-6	1.0	0.999	11	41	41	41	12	16	13	12	16	13	12	16	13	1.46846912E8	1.53801824E8	1.37178384E8	2.5509098E7	2.5477548E7	2.5656246E7	
sp|P40303|PSA4_YEAST	P40303	PSA4_YEAST	PRE6	254	Saccharomyces cerevisiae (strain ATCC 204508 / S288c)	1:Experimental evidence at protein level	Proteasome subunit alpha type-4	1.0	0.999	5	32	32	32	10	11	11	10	11	11	10	11	11	8.161772E7	8.7896368E7	8.065348E7	3.0103408E7	3.3576828E7	3.0514482E7	
sp|P40312|CYB5_YEAST	P40312	CYB5_YEAST	CYB5	120	Saccharomyces cerevisiae (strain ATCC 204508 / S288c)	1:Experimental evidence at protein level	Cytochrome b5	0.9989	0.9936	2	4	4	4	1	1	2	1	1	2	1	1	2	1.1905921E7	1.4630208E7	3.5216748E7	1.2336444E7	1.5159243E7	1.7273924E7	
sp|P40318|DOA10_YEAST	P40318	DOA10_YEAST	SSM4	1319	Saccharomyces cerevisiae (strain ATCC 204508 / S288c)	1:Experimental evidence at protein level	ERAD-associated E3 ubiquitin-protein ligase DOA10	0.9666	0.9989	1	1	1	1	1	0	0	1	0	0	1	0	0	1910238.2	2453459.8	1805833.8	1910238.2	2453459.8	1805833.8	
sp|P40319|ELO3_YEAST	P40319	ELO3_YEAST	ELO3	345	Saccharomyces cerevisiae (strain ATCC 204508 / S288c)	1:Experimental evidence at protein level	Elongation of fatty acids protein 3	1.0	0.999	3	14	14	14	5	5	4	5	5	4	5	5	4	4.0084488E7	5.2923084E7	5.0267096E7	2.09333E7	2.479516E7	2.323894E7	
sp|P40325|HUA1_YEAST	P40325	HUA1_YEAST	HUA1	198	Saccharomyces cerevisiae (strain ATCC 204508 / S288c)	1:Experimental evidence at protein level	Proline-rich protein HUA1	0.6073	0.9807	1	1	1	1	0	1	0	0	1	0	0	1	0	2274879.2	2357645.5	2082535.5	2274879.2	2357645.5	2082535.5	
sp|P40327|PRS4_YEAST	P40327	PRS4_YEAST	RPT2	437	Saccharomyces cerevisiae (strain ATCC 204508 / S288c)	1:Experimental evidence at protein level	26S proteasome regulatory subunit 4 homolog	1.0	0.999	9	22	22	22	7	7	8	7	7	8	7	7	8	1.0696912E8	9.3428432E7	9.8128504E7	2.465621E7	2.4704936E7	2.4604884E7	
sp|P40335|PEP8_YEAST	P40335	PEP8_YEAST	PEP8	379	Saccharomyces cerevisiae (strain ATCC 204508 / S288c)	1:Experimental evidence at protein level	Carboxypeptidase Y-deficient protein 8	0.9528	0.9985	1	1	1	1	1	0	0	1	0	0	1	0	0	3701344.5	2757121.5	2282751.5	3701344.5	2757121.5	2282751.5	
sp|P40341|YTA12_YEAST	P40341	YTA12_YEAST	YTA12	825	Saccharomyces cerevisiae (strain ATCC 204508 / S288c)	1:Experimental evidence at protein level	Mitochondrial respiratory chain complexes assembly protein YTA12	0.9601	0.9987	1	3	3	3	1	1	1	1	1	1	1	1	1	3478332.5	4165953.8	4232052.0	3478332.5	4165953.8	4232052.0	
sp|P40343|VPS27_YEAST	P40343	VPS27_YEAST	VPS27	622	Saccharomyces cerevisiae (strain ATCC 204508 / S288c)	1:Experimental evidence at protein level	Vacuolar protein sorting-associated protein 27	0.8745	0.9956	1	1	1	1	1	0	0	1	0	0	1	0	0	2350719.8	0.0	0.0	0.0	0.0	0.0	
sp|P40347|PPAL_YEAST	P40347	PPAL_YEAST	LTP1	161	Saccharomyces cerevisiae (strain ATCC 204508 / S288c)	1:Experimental evidence at protein level	Low molecular weight phosphotyrosine protein phosphatase	0.9682	0.999	1	3	3	3	1	1	1	1	1	1	1	1	1	9593220.0	9980283.0	1.1371583E7	9593220.0	9980283.0	1.1371583E7	
sp|P40348|RFC2_YEAST	P40348	RFC2_YEAST	RFC2	353	Saccharomyces cerevisiae (strain ATCC 204508 / S288c)	1:Experimental evidence at protein level	Replication factor C subunit 2	0.8727	0.9956	1	1	1	1	1	0	0	1	0	0	1	0	0	1980497.4	0.0	0.0	0.0	0.0	0.0	
sp|P40350|ALG5_YEAST	P40350	ALG5_YEAST	ALG5	334	Saccharomyces cerevisiae (strain ATCC 204508 / S288c)	1:Experimental evidence at protein level	Dolichyl-phosphate beta-glucosyltransferase	0.7778	0.9914	1	1	1	1	1	0	0	1	0	0	1	0	0	0.0	0.0	0.0	0.0	0.0	0.0	
sp|P40363|SFGH_YEAST	P40363	SFGH_YEAST	YJL068C	299	Saccharomyces cerevisiae (strain ATCC 204508 / S288c)	1:Experimental evidence at protein level	S-formylglutathione hydrolase	0.9841	0.9934	2	4	4	4	1	2	1	1	2	1	1	2	1	8731096.0	1.0018613E7	8749684.0	5965664.0	6750786.0	5370499.5	
sp|P40364|MPM1_YEAST	P40364	MPM1_YEAST	MPM1	252	Saccharomyces cerevisiae (strain ATCC 204508 / S288c)	1:Experimental evidence at protein level	Mitochondrial peculiar membrane protein 1	1.0	0.999	3	5	5	5	2	1	2	2	1	2	2	1	2	2.3930882E7	2.8159614E7	3.153342E7	1.7021576E7	1.5390613E7	1.5433856E7	
sp|P40368|NUP82_YEAST	P40368	NUP82_YEAST	NUP82	713	Saccharomyces cerevisiae (strain ATCC 204508 / S288c)	1:Experimental evidence at protein level	Nucleoporin NUP82	0.6139	0.9812	1	2	2	2	1	0	1	1	0	1	1	0	1	8037674.0	0.0	1.0550628E7	8037674.0	0.0	1.0550628E7	
sp|P40413|TCPE_YEAST	P40413	TCPE_YEAST	CCT5	562	Saccharomyces cerevisiae (strain ATCC 204508 / S288c)	1:Experimental evidence at protein level	T-complex protein 1 subunit epsilon	1.0	0.999	18	50	50	50	17	16	17	17	16	17	17	16	17	1.62146512E8	1.30606872E8	1.64935392E8	1.6436079E7	1.3262062E7	1.4579542E7	
sp|P40414|TPM2_YEAST	P40414	TPM2_YEAST	TPM2	161	Saccharomyces cerevisiae (strain ATCC 204508 / S288c)	1:Experimental evidence at protein level	Tropomyosin-2	1.0	0.999	9	30	30	30	9	11	10	9	11	10	9	11	10	1.04227192E8	1.150066E8	1.02223184E8	1.6647091E7	1.9599452E7	1.6638551E7	
sp|P40422|RPAB4_YEAST	P40422	RPAB4_YEAST	RPC10	70	Saccharomyces cerevisiae (strain ATCC 204508 / S288c)	1:Experimental evidence at protein level	DNA-directed RNA polymerases I, II, and III subunit RPABC4	0.9995	0.999	2	6	6	6	2	2	2	2	2	2	2	2	2	2.2069172E7	1.6497118E7	2.19372E7	1.3785016E7	1.0569055E7	1.4258179E7	
sp|P40442|CSS1_YEAST	P40442	CSS1_YEAST	CSS1	995	Saccharomyces cerevisiae (strain ATCC 204508 / S288c)	2:Experimental evidence at transcript level	Secreted protein CSS1	0.9488	0.9984	1	2	0	2	1	0	1	0	0	0	1	0	1	5134510.0	5403113.0	0.0	5134510.0	5403113.0	0.0	sp|Q05164|HPF1_YEAST
sp|P40459|PANC_YEAST	P40459	PANC_YEAST	PAN6	309	Saccharomyces cerevisiae (strain ATCC 204508 / S288c)	1:Experimental evidence at protein level	Pantoate--beta-alanine ligase	1.0	0.9985	4	5	5	5	1	1	3	1	1	3	1	1	3	5988920.0	8913162.0	8109652.0	4811677.5	4718390.0	4017154.8	
sp|P40462|TM108_YEAST	P40462	TM108_YEAST	TMA108	946	Saccharomyces cerevisiae (strain ATCC 204508 / S288c)	1:Experimental evidence at protein level	Protein TMA108	1.0	0.999	7	13	13	13	4	4	5	4	4	5	4	4	5	1.6636622E7	1.8475936E7	1.8648416E7	6086395.0	7339595.5	7726276.0	
sp|P40471|AYR1_YEAST	P40471	AYR1_YEAST	AYR1	297	Saccharomyces cerevisiae (strain ATCC 204508 / S288c)	1:Experimental evidence at protein level	NADPH-dependent 1-acyldihydroxyacetone phosphate reductase	1.0	0.999	2	4	4	4	2	1	1	2	1	1	2	1	1	1.2426514E7	2.4406358E7	2.3763758E7	1.0169833E7	1.6939014E7	1.5517782E7	
sp|P40477|NU159_YEAST	P40477	NU159_YEAST	NUP159	1460	Saccharomyces cerevisiae (strain ATCC 204508 / S288c)	1:Experimental evidence at protein level	Nucleoporin NUP159	0.9966	0.9887	2	2	2	2	0	1	1	0	1	1	0	1	1	3519959.8	5866480.0	5019204.5	3519959.8	3045192.5	5019204.5	
sp|P40482|SEC24_YEAST	P40482	SEC24_YEAST	SEC24	926	Saccharomyces cerevisiae (strain ATCC 204508 / S288c)	1:Experimental evidence at protein level	Protein transport protein SEC24	1.0	0.999	18	61	61	61	23	19	19	23	19	19	23	19	19	1.54601648E8	1.4508632E8	1.38307648E8	1.6026574E7	1.6911048E7	1.7401412E7	
sp|P40483|YIK8_YEAST	P40483	YIK8_YEAST	YIL108W	696	Saccharomyces cerevisiae (strain ATCC 204508 / S288c)	1:Experimental evidence at protein level	Putative zinc metalloproteinase YIL108W	1.0	0.999	2	4	4	4	1	1	2	1	1	2	1	1	2	5094375.0	8187461.0	8708501.0	2927051.8	4694661.5	5055919.0	
sp|P40495|LYS12_YEAST	P40495	LYS12_YEAST	LYS12	371	Saccharomyces cerevisiae (strain ATCC 204508 / S288c)	1:Experimental evidence at protein level	Homoisocitrate dehydrogenase, mitochondrial	1.0	0.999	12	54	54	54	19	18	17	19	18	17	19	18	17	1.30685392E8	1.94515776E8	1.0904752E8	3.9526092E7	3.4346764E7	3.5043028E7	
sp|P40499|ICE2_YEAST	P40499	ICE2_YEAST	ICE2	491	Saccharomyces cerevisiae (strain ATCC 204508 / S288c)	1:Experimental evidence at protein level	Protein ICE2	0.967	0.999	1	2	2	2	1	1	0	1	1	0	1	1	0	0.0	0.0	0.0	0.0	0.0	0.0	
sp|P40501|AVT7_YEAST	P40501	AVT7_YEAST	AVT7	490	Saccharomyces cerevisiae (strain ATCC 204508 / S288c)	1:Experimental evidence at protein level	Vacuolar amino acid transporter 7	0.9669	0.999	1	3	3	3	1	1	1	1	1	1	1	1	1	4705123.0	6807263.5	5393541.5	4705123.0	6807263.5	5393541.5	
sp|P40505|SDS3_YEAST	P40505	SDS3_YEAST	SDS3	327	Saccharomyces cerevisiae (strain ATCC 204508 / S288c)	1:Experimental evidence at protein level	Transcriptional regulatory protein SDS3	0.9681	0.999	1	2	2	2	0	1	1	0	1	1	0	1	1	1556185.2	1932929.1	2178170.0	1556185.2	1932929.1	2178170.0	
sp|P40506|PPCS_YEAST	P40506	PPCS_YEAST	CAB2	365	Saccharomyces cerevisiae (strain ATCC 204508 / S288c)	1:Experimental evidence at protein level	Phosphopantothenate--cysteine ligase CAB2	0.9976	0.9987	2	3	3	3	1	1	1	1	1	1	1	1	1	5306632.0	6657571.0	5565241.5	5306632.0	0.0	5565241.5	
sp|P40509|COPE_YEAST	P40509	COPE_YEAST	SEC28	296	Saccharomyces cerevisiae (strain ATCC 204508 / S288c)	1:Experimental evidence at protein level	Coatomer subunit epsilon	1.0	0.999	4	19	19	19	6	6	7	6	6	7	6	6	7	4.2441016E7	4.9536996E7	4.0968192E7	1.6062788E7	2.017955E7	1.742719E7	
sp|P40510|SER33_YEAST	P40510	SER33_YEAST	SER33	469	Saccharomyces cerevisiae (strain ATCC 204508 / S288c)	1:Experimental evidence at protein level	D-3-phosphoglycerate dehydrogenase 2	1.0	0.999	11	9	9	37	3	3	3	3	3	3	13	12	12	2.8971514E7	3.0926204E7	3.3443506E7	1.4129464E7	1.4848852E7	1.5743495E7	
sp|P40513|MAM33_YEAST	P40513	MAM33_YEAST	MAM33	266	Saccharomyces cerevisiae (strain ATCC 204508 / S288c)	1:Experimental evidence at protein level	Mitochondrial acidic protein MAM33	1.0	0.999	3	7	7	7	2	2	3	2	2	3	2	2	3	2.1959272E7	2.423966E7	2.7985766E7	1.025266E7	1.3644088E7	1.6068276E7	
sp|P40515|FIS1_YEAST	P40515	FIS1_YEAST	FIS1	155	Saccharomyces cerevisiae (strain ATCC 204508 / S288c)	1:Experimental evidence at protein level	Mitochondrial fission 1 protein	0.5688	0.9774	1	1	1	1	0	1	0	0	1	0	0	1	0	1956961.0	2343973.8	2211297.0	1956961.0	2343973.8	2211297.0	
sp|P40517|YRB2_YEAST	P40517	YRB2_YEAST	YRB2	327	Saccharomyces cerevisiae (strain ATCC 204508 / S288c)	1:Experimental evidence at protein level	Ran-specific GTPase-activating protein 2	0.8163	0.9932	1	1	1	1	1	0	0	1	0	0	1	0	0	5356798.0	4159184.8	4454190.5	5356798.0	4159184.8	4454190.5	
sp|P40518|ARPC5_YEAST	P40518	ARPC5_YEAST	ARC15	154	Saccharomyces cerevisiae (strain ATCC 204508 / S288c)	1:Experimental evidence at protein level	Actin-related protein 2/3 complex subunit 5	1.0	0.999	8	32	32	32	13	9	10	13	9	10	13	9	10	9.2288704E7	1.00243984E8	9.8424952E7	2.3413596E7	2.5775758E7	2.628456E7	
sp|P40525|RL34B_YEAST	P40525	RL34B_YEAST	RPL34B	121	Saccharomyces cerevisiae (strain ATCC 204508 / S288c)	1:Experimental evidence at protein level	60S ribosomal protein L34-B	1.0	0.999	5	48	0	48	17	15	16	0	0	0	17	15	16	7.1216838E8	3.37222912E8	3.54374656E8	2.45813392E8	2.41082144E8	2.45615504E8	sp|P87262|RL34A_YEAST
sp|P40527|ATC7_YEAST	P40527	ATC7_YEAST	NEO1	1151	Saccharomyces cerevisiae (strain ATCC 204508 / S288c)	1:Experimental evidence at protein level	Probable phospholipid-transporting ATPase NEO1	0.5914	0.9794	1	3	3	3	1	1	1	1	1	1	1	1	1	0.0	0.0	0.0	0.0	0.0	0.0	
sp|P40531|GVP36_YEAST	P40531	GVP36_YEAST	GVP36	326	Saccharomyces cerevisiae (strain ATCC 204508 / S288c)	1:Experimental evidence at protein level	Protein GVP36	1.0	0.999	10	49	49	49	16	15	18	16	15	18	16	15	18	2.94873696E8	2.67411728E8	2.57315264E8	5.9011496E7	5.0909136E7	4.9863712E7	
sp|P40533|TED1_YEAST	P40533	TED1_YEAST	TED1	473	Saccharomyces cerevisiae (strain ATCC 204508 / S288c)	1:Experimental evidence at protein level	Protein TED1	0.9571	0.9986	1	3	3	3	1	1	1	1	1	1	1	1	1	9124652.0	5747003.0	8261161.0	9124652.0	5747003.0	8261161.0	
sp|P40540|EMC5_YEAST	P40540	EMC5_YEAST	EMC5	141	Saccharomyces cerevisiae (strain ATCC 204508 / S288c)	1:Experimental evidence at protein level	ER membrane protein complex subunit 5	1.0	0.999	2	6	6	6	2	2	2	2	2	2	2	2	2	2.4551818E7	1.7857672E7	1.9934196E7	1.4872025E7	1.0968143E7	1.235628E7	
sp|P40541|SCC3_YEAST	P40541	SCC3_YEAST	IRR1	1150	Saccharomyces cerevisiae (strain ATCC 204508 / S288c)	1:Experimental evidence at protein level	Cohesin subunit SCC3	0.6194	0.9816	1	1	1	1	1	0	0	1	0	0	1	0	0	1139702.5	839699.2	0.0	1139702.5	839699.2	0.0	
sp|P40548|SNL1_YEAST	P40548	SNL1_YEAST	SNL1	159	Saccharomyces cerevisiae (strain ATCC 204508 / S288c)	1:Experimental evidence at protein level	HSP70 co-chaperone SNL1	0.9682	0.999	1	4	4	4	2	1	1	2	1	1	2	1	1	2456414.0	4142701.0	4277689.0	2456414.0	4142701.0	4277689.0	
sp|P40553|DOT5_YEAST	P40553	DOT5_YEAST	DOT5	215	Saccharomyces cerevisiae (strain ATCC 204508 / S288c)	1:Experimental evidence at protein level	Peroxiredoxin DOT5	1.0	0.999	3	9	9	9	3	3	3	3	3	3	3	3	3	2.4296664E7	2.391763E7	2.293022E7	1.4666749E7	1.2703876E7	1.2968656E7	
sp|P40557|EPS1_YEAST	P40557	EPS1_YEAST	EPS1	701	Saccharomyces cerevisiae (strain ATCC 204508 / S288c)	1:Experimental evidence at protein level	ER-retained PMA1-suppressing protein 1	0.9631	0.9988	1	3	3	3	1	1	1	1	1	1	1	1	1	0.0	0.0	0.0	0.0	0.0	0.0	
sp|P40561|SGN1_YEAST	P40561	SGN1_YEAST	SGN1	250	Saccharomyces cerevisiae (strain ATCC 204508 / S288c)	1:Experimental evidence at protein level	RNA-binding protein SGN1	1.0	0.9989	2	4	4	4	2	0	2	2	0	2	2	0	2	6656161.5	1.0564035E7	1.2980109E7	5972252.5	8072904.0	9821688.0	
sp|P40564|DJP1_YEAST	P40564	DJP1_YEAST	DJP1	432	Saccharomyces cerevisiae (strain ATCC 204508 / S288c)	1:Experimental evidence at protein level	DnaJ-like protein 1	0.999	0.9977	2	4	4	4	1	1	2	1	1	2	1	1	2	4372421.5	6644642.0	6039543.0	2898332.0	4472163.5	4501665.0	
sp|P40580|BZRD_YEAST	P40580	BZRD_YEAST	IRC24	263	Saccharomyces cerevisiae (strain ATCC 204508 / S288c)	1:Experimental evidence at protein level	Benzil reductase ((S)-benzoin forming) IRC24	1.0	0.999	5	16	16	16	6	5	5	6	5	5	6	5	5	3.9491636E7	2.7152532E7	3.481912E7	1.1164167E7	7945732.5	9663904.0	
sp|P40581|GPX3_YEAST	P40581	GPX3_YEAST	HYR1	163	Saccharomyces cerevisiae (strain ATCC 204508 / S288c)	1:Experimental evidence at protein level	Glutathione peroxidase-like peroxiredoxin HYR1	1.0	0.999	6	30	30	41	8	11	11	8	11	11	12	14	15	9.4838824E7	8.7970008E7	8.3262744E7	4.6871272E7	5.0568012E7	5.2624556E7	
sp|P40582|GST1_YEAST	P40582	GST1_YEAST	GTT1	234	Saccharomyces cerevisiae (strain ATCC 204508 / S288c)	1:Experimental evidence at protein level	Glutathione S-transferase 1	1.0	0.999	6	20	20	20	7	7	6	7	7	6	7	7	6	7.5789968E7	8.1885472E7	7.7438016E7	1.976765E7	2.1531048E7	2.1441962E7	
sp|P40825|SYA_YEAST	P40825	SYA_YEAST	ALA1	983	Saccharomyces cerevisiae (strain ATCC 204508 / S288c)	1:Experimental evidence at protein level	Alanine--tRNA ligase, mitochondrial	1.0	0.999	30	133	133	133	43	48	42	43	48	42	43	48	42	4.6333408E8	4.85523648E8	4.63126752E8	3.4906276E7	3.514952E7	3.4493344E7	
sp|P40857|HACD_YEAST	P40857	HACD_YEAST	PHS1	217	Saccharomyces cerevisiae (strain ATCC 204508 / S288c)	1:Experimental evidence at protein level	Very-long-chain (3R)-3-hydroxyacyl-CoA dehydratase PHS1	0.9676	0.999	1	3	3	3	1	1	1	1	1	1	1	1	1	8353499.5	6798376.5	6741376.0	8353499.5	6798376.5	6741376.0	
sp|P40893|REE1_YEAST	P40893	REE1_YEAST	REE1	198	Saccharomyces cerevisiae (strain ATCC 204508 / S288c)	1:Experimental evidence at protein level	Regulation of enolase protein 1	1.0	0.999	7	27	27	27	10	8	9	10	8	9	10	8	9	8.0388312E7	7.7145632E7	7.7132256E7	2.0043646E7	1.837569E7	1.8112552E7	
sp|P40959|MVP1_YEAST	P40959	MVP1_YEAST	MVP1	511	Saccharomyces cerevisiae (strain ATCC 204508 / S288c)	1:Experimental evidence at protein level	Sorting nexin MVP1	0.8285	0.9937	1	2	2	2	1	1	0	1	1	0	1	1	0	2206998.0	2096687.1	1875415.1	2206998.0	2096687.1	1875415.1	
sp|P40961|PHB1_YEAST	P40961	PHB1_YEAST	PHB1	287	Saccharomyces cerevisiae (strain ATCC 204508 / S288c)	1:Experimental evidence at protein level	Prohibitin-1	1.0	0.999	7	24	24	24	7	8	9	7	8	9	7	8	9	5.8486476E7	5.585094E7	5.8925176E7	1.6912504E7	1.6137663E7	1.7199176E7	
sp|P40970|LCB2_YEAST	P40970	LCB2_YEAST	LCB2	561	Saccharomyces cerevisiae (strain ATCC 204508 / S288c)	1:Experimental evidence at protein level	Serine palmitoyltransferase 2	1.0	0.999	7	26	26	26	9	9	8	9	9	8	9	9	8	4.1544396E7	4.3466364E7	5.046594E7	9409563.0	1.0277138E7	1.1323873E7	
sp|P40986|CDC1_YEAST	P40986	CDC1_YEAST	CDC1	491	Saccharomyces cerevisiae (strain ATCC 204508 / S288c)	1:Experimental evidence at protein level	Cell division control protein 1	0.9413	0.9981	1	2	2	2	1	1	0	1	1	0	1	1	0	1921211.5	1709582.6	2046677.4	1921211.5	1709582.6	2046677.4	
sp|P40989|FKS2_YEAST	P40989	FKS2_YEAST	GSC2	1895	Saccharomyces cerevisiae (strain ATCC 204508 / S288c)	1:Experimental evidence at protein level	1,3-beta-glucan synthase component GSC2	1.0	0.999	23	52	23	52	18	16	18	7	7	9	18	16	18	1.44711136E8	2.22535808E8	3.13035936E8	4.9718448E7	5.482108E7	6.339114E7	
sp|P40991|NOP2_YEAST	P40991	NOP2_YEAST	NOP2	618	Saccharomyces cerevisiae (strain ATCC 204508 / S288c)	1:Experimental evidence at protein level	25S rRNA (cytosine(2870)-C(5))-methyltransferase	1.0	0.999	4	8	8	8	3	2	3	3	2	3	3	2	3	2.1675248E7	1.4356713E7	1.7192608E7	6245112.0	5385562.0	6791038.5	
sp|P41057|RS29A_YEAST	P41057	RS29A_YEAST	RPS29A	56	Saccharomyces cerevisiae (strain ATCC 204508 / S288c)	1:Experimental evidence at protein level	40S ribosomal protein S29-A	1.0	0.999	4	37	37	68	12	11	14	12	11	14	22	21	25	3.66398656E8	2.75091712E8	2.530044E8	1.37227312E8	1.02251016E8	9.4813608E7	
sp|P41058|RS29B_YEAST	P41058	RS29B_YEAST	RPS29B	56	Saccharomyces cerevisiae (strain ATCC 204508 / S288c)	1:Experimental evidence at protein level	40S ribosomal protein S29-B	1.0	0.999	4	69	38	69	23	21	25	13	11	14	23	21	25	3.31394176E8	2.49993408E8	2.59976672E8	1.1307404E8	9.0612584E7	9.9146848E7	
sp|P41277|GPP1_YEAST	P41277	GPP1_YEAST	GPP1	250	Saccharomyces cerevisiae (strain ATCC 204508 / S288c)	1:Experimental evidence at protein level	Glycerol-1-phosphate phosphohydrolase 1	1.0	0.999	11	155	114	155	51	49	55	38	35	41	51	49	55	1.70894285E9	1.56002394E9	1.62030925E9	5.4774784E8	4.44602496E8	4.62892192E8	
sp|P41338|ERG10_YEAST	P41338	ERG10_YEAST	ERG10	398	Saccharomyces cerevisiae (strain ATCC 204508 / S288c)	1:Experimental evidence at protein level	Acetyl-CoA acetyltransferase	1.0	0.999	11	64	64	64	21	20	23	21	20	23	21	20	23	2.99108032E8	2.57604096E8	2.9326E8	6.086458E7	5.2367712E7	6.073936E7	
sp|P41543|OST1_YEAST	P41543	OST1_YEAST	OST1	476	Saccharomyces cerevisiae (strain ATCC 204508 / S288c)	1:Experimental evidence at protein level	Dolichyl-diphosphooligosaccharide--protein glycosyltransferase subunit 1	1.0	0.9987	4	9	9	9	2	4	3	2	4	3	2	4	3	2.7012966E7	2.0751996E7	2.2139434E7	1.1345437E7	1.1941224E7	1.2958798E7	
sp|P41805|RL10_YEAST	P41805	RL10_YEAST	RPL10	221	Saccharomyces cerevisiae (strain ATCC 204508 / S288c)	1:Experimental evidence at protein level	60S ribosomal protein L10	1.0	0.999	9	152	152	152	52	47	53	52	47	53	52	47	53	1.16667661E9	1.07735168E9	1.10964454E9	2.25028176E8	2.46853488E8	2.18352864E8	
sp|P41807|VATH_YEAST	P41807	VATH_YEAST	VMA13	478	Saccharomyces cerevisiae (strain ATCC 204508 / S288c)	1:Experimental evidence at protein level	V-type proton ATPase subunit H	1.0	0.999	16	103	103	103	32	36	35	32	36	35	32	36	35	3.47831488E8	3.67320128E8	3.46482176E8	5.6877396E7	6.1871844E7	6.1542588E7	
sp|P41810|COPB_YEAST	P41810	COPB_YEAST	SEC26	973	Saccharomyces cerevisiae (strain ATCC 204508 / S288c)	1:Experimental evidence at protein level	Coatomer subunit beta	1.0	0.999	18	55	55	55	19	20	16	19	20	16	19	20	16	1.78242656E8	2.309048E8	1.9083664E8	3.1303796E7	3.6392624E7	3.5237E7	
sp|P41811|COPB2_YEAST	P41811	COPB2_YEAST	SEC27	889	Saccharomyces cerevisiae (strain ATCC 204508 / S288c)	1:Experimental evidence at protein level	Coatomer subunit beta'	1.0	0.999	26	110	110	110	35	39	36	35	39	36	35	39	36	3.60356992E8	3.63412576E8	3.99594784E8	2.3536978E7	2.2827246E7	2.483247E7	
sp|P41818|GLC8_YEAST	P41818	GLC8_YEAST	GLC8	229	Saccharomyces cerevisiae (strain ATCC 204508 / S288c)	1:Experimental evidence at protein level	Protein GLC8	1.0	0.999	5	14	14	14	5	5	4	5	5	4	5	5	4	3.9171012E7	3.9884672E7	4.4332008E7	1.2768333E7	1.3230408E7	1.4232545E7	
sp|P41895|T2FA_YEAST	P41895	T2FA_YEAST	TFG1	735	Saccharomyces cerevisiae (strain ATCC 204508 / S288c)	1:Experimental evidence at protein level	Transcription initiation factor IIF subunit alpha	1.0	0.999	3	7	7	7	1	3	3	1	3	3	1	3	3	9117808.0	8905379.0	1.0842791E7	5936444.0	6194598.0	6582599.0	
sp|P41896|T2FB_YEAST	P41896	T2FB_YEAST	TFG2	400	Saccharomyces cerevisiae (strain ATCC 204508 / S288c)	1:Experimental evidence at protein level	Transcription initiation factor IIF subunit beta	0.9987	0.999	2	4	4	4	2	1	1	2	1	1	2	1	1	2484725.8	3769004.8	3605456.0	1577668.0	2258725.2	2262884.0	
sp|P41911|GPD2_YEAST	P41911	GPD2_YEAST	GPD2	440	Saccharomyces cerevisiae (strain ATCC 204508 / S288c)	1:Experimental evidence at protein level	Glycerol-3-phosphate dehydrogenase [NAD(+)] 2, mitochondrial	1.0	0.999	7	24	24	31	9	8	7	9	8	7	11	11	9	5.4717256E7	4.1806316E7	4.9402992E7	1.5477747E7	1.3280583E7	1.5322965E7	
sp|P41920|YRB1_YEAST	P41920	YRB1_YEAST	YRB1	201	Saccharomyces cerevisiae (strain ATCC 204508 / S288c)	1:Experimental evidence at protein level	Ran-specific GTPase-activating protein 1	1.0	0.999	4	33	33	33	12	10	11	12	10	11	12	10	11	7.0343776E7	5.928138E7	5.8711268E7	2.2854484E7	1.5911507E7	1.5868932E7	
sp|P41921|GSHR_YEAST	P41921	GSHR_YEAST	GLR1	483	Saccharomyces cerevisiae (strain ATCC 204508 / S288c)	1:Experimental evidence at protein level	Glutathione reductase	1.0	0.999	17	97	97	97	33	33	31	33	33	31	33	33	31	2.31864128E8	2.50583536E8	2.51603728E8	4.340842E7	4.1625424E7	4.2229844E7	
sp|P41940|MPG1_YEAST	P41940	MPG1_YEAST	PSA1	361	Saccharomyces cerevisiae (strain ATCC 204508 / S288c)	1:Experimental evidence at protein level	Mannose-1-phosphate guanyltransferase	1.0	0.999	13	123	123	123	41	37	45	41	37	45	41	37	45	7.3338118E8	8.1887462E8	6.8449926E8	1.07048272E8	1.24779624E8	1.16518336E8	
sp|P42826|XKS1_YEAST	P42826	XKS1_YEAST	XKS1	600	Saccharomyces cerevisiae (strain ATCC 204508 / S288c)	1:Experimental evidence at protein level	Xylulose kinase	0.9507	0.9984	1	1	1	1	1	0	0	1	0	0	1	0	0	2379575.0	1837193.1	1760558.9	2379575.0	1837193.1	1760558.9	
sp|P42838|LEM3_YEAST	P42838	LEM3_YEAST	LEM3	414	Saccharomyces cerevisiae (strain ATCC 204508 / S288c)	1:Experimental evidence at protein level	Alkylphosphocholine resistance protein LEM3	0.9997	0.9979	2	2	2	2	1	0	1	1	0	1	1	0	1	7662641.0	3517957.2	7360739.0	5028669.5	3517957.2	4824414.0	
sp|P42846|KRI1_YEAST	P42846	KRI1_YEAST	KRI1	591	Saccharomyces cerevisiae (strain ATCC 204508 / S288c)	1:Experimental evidence at protein level	Protein KRI1	1.0	0.9989	2	3	3	3	1	0	2	1	0	2	1	0	2	7665447.0	7651801.5	1.0493277E7	4127733.2	4072438.0	5646062.5	
sp|P42934|PMT6_YEAST	P42934	PMT6_YEAST	PMT6	759	Saccharomyces cerevisiae (strain ATCC 204508 / S288c)	1:Experimental evidence at protein level	Dolichyl-phosphate-mannose--protein mannosyltransferase 6	0.7412	0.9895	1	2	2	2	1	1	0	1	1	0	1	1	0	2324351.0	3115036.8	2972139.0	2324351.0	3115036.8	2972139.0	
sp|P42935|ELP2_YEAST	P42935	ELP2_YEAST	ELP2	788	Saccharomyces cerevisiae (strain ATCC 204508 / S288c)	1:Experimental evidence at protein level	Elongator complex protein 2	0.9615	0.9988	1	1	1	1	1	0	0	1	0	0	1	0	0	3612979.2	4955387.5	3409679.0	3612979.2	4955387.5	3409679.0	
sp|P42938|TDA10_YEAST	P42938	TDA10_YEAST	TDA10	290	Saccharomyces cerevisiae (strain ATCC 204508 / S288c)	1:Experimental evidence at protein level	Probable ATP-dependent kinase TDA10	0.9987	0.9943	2	4	4	4	2	1	1	2	1	1	2	1	1	7533316.5	1.01439784E8	8194195.0	9506576.0	3.6415E7	9010001.0	
sp|P42940|ETFB_YEAST	P42940	ETFB_YEAST	CIR1	261	Saccharomyces cerevisiae (strain ATCC 204508 / S288c)	1:Experimental evidence at protein level	Probable electron transfer flavoprotein subunit beta	1.0	0.999	3	10	10	10	4	4	2	4	4	2	4	4	2	2.3826926E7	2.4130544E7	2.4826972E7	8210109.0	7814898.5	7684836.0	
sp|P42941|SERB_YEAST	P42941	SERB_YEAST	SER2	309	Saccharomyces cerevisiae (strain ATCC 204508 / S288c)	1:Experimental evidence at protein level	Phosphoserine phosphatase	1.0	0.999	3	7	7	7	3	2	2	3	2	2	3	2	2	2.3672586E7	1.8785292E7	2.1676614E7	1.2007734E7	9335829.0	1.1233793E7	
sp|P42942|YG4I_YEAST	P42942	YG4I_YEAST	YGR210C	411	Saccharomyces cerevisiae (strain ATCC 204508 / S288c)	1:Experimental evidence at protein level	Uncharacterized GTP-binding protein YGR210C	0.9993	0.9987	2	2	2	2	0	0	2	0	0	2	0	0	2	2453733.8	4489398.0	6064534.0	2453733.8	2679881.8	3520189.8	
sp|P42943|TCPH_YEAST	P42943	TCPH_YEAST	CCT7	550	Saccharomyces cerevisiae (strain ATCC 204508 / S288c)	1:Experimental evidence at protein level	T-complex protein 1 subunit eta	1.0	0.999	11	37	37	37	13	13	11	13	13	11	13	13	11	1.241894E8	1.0042196E8	1.27785048E8	1.7874042E7	1.5009942E7	1.817124E7	
sp|P42945|UTP10_YEAST	P42945	UTP10_YEAST	UTP10	1769	Saccharomyces cerevisiae (strain ATCC 204508 / S288c)	1:Experimental evidence at protein level	U3 small nucleolar RNA-associated protein 10	0.901	0.9967	1	1	1	1	0	1	0	0	1	0	0	1	0	0.0	0.0	0.0	0.0	0.0	0.0	
sp|P43123|UAP1_YEAST	P43123	UAP1_YEAST	QRI1	477	Saccharomyces cerevisiae (strain ATCC 204508 / S288c)	1:Experimental evidence at protein level	UDP-N-acetylglucosamine pyrophosphorylase	1.0	0.999	8	14	14	14	5	5	4	5	5	4	5	5	4	4.3800048E7	4.8625164E7	3.6766792E7	1.5284487E7	1.7696724E7	1.9788392E7	
sp|P43321|SMD3_YEAST	P43321	SMD3_YEAST	SMD3	101	Saccharomyces cerevisiae (strain ATCC 204508 / S288c)	1:Experimental evidence at protein level	Small nuclear ribonucleoprotein Sm D3	0.9998	0.999	2	5	5	5	2	2	1	2	2	1	2	2	1	3463556.2	5935998.0	6691044.0	2673161.2	4613686.0	4660054.0	
sp|P43535|GCN20_YEAST	P43535	GCN20_YEAST	GCN20	752	Saccharomyces cerevisiae (strain ATCC 204508 / S288c)	1:Experimental evidence at protein level	Protein GCN20	1.0	0.999	9	36	36	36	13	10	13	13	10	13	13	10	13	6.7354264E7	5.9767496E7	7.2567728E7	1.0770053E7	9124814.0	9683894.0	
sp|P43555|EMP47_YEAST	P43555	EMP47_YEAST	EMP47	445	Saccharomyces cerevisiae (strain ATCC 204508 / S288c)	1:Experimental evidence at protein level	Protein EMP47	1.0	0.999	5	8	8	8	3	2	3	3	2	3	3	2	3	2.6699394E7	2.6546834E7	2.6744136E7	1.1835712E7	1.4435972E7	1.5295572E7	
sp|P43558|OTU1_YEAST	P43558	OTU1_YEAST	OTU1	301	Saccharomyces cerevisiae (strain ATCC 204508 / S288c)	1:Experimental evidence at protein level	Ubiquitin thioesterase OTU1	0.9043	0.9968	1	3	3	3	2	1	0	2	1	0	2	1	0	2453629.2	3302080.0	2485454.5	2453629.2	3302080.0	2485454.5	
sp|P43577|GNA1_YEAST	P43577	GNA1_YEAST	GNA1	159	Saccharomyces cerevisiae (strain ATCC 204508 / S288c)	1:Experimental evidence at protein level	Glucosamine 6-phosphate N-acetyltransferase	1.0	0.999	3	8	8	8	2	3	3	2	3	3	2	3	3	2.7526344E7	3.0679456E7	2.129074E7	2.2978312E7	1.5877081E7	1.6142202E7	
sp|P43582|WWM1_YEAST	P43582	WWM1_YEAST	WWM1	211	Saccharomyces cerevisiae (strain ATCC 204508 / S288c)	1:Experimental evidence at protein level	WW domain-containing protein WWM1	1.0	0.999	5	26	26	26	7	10	9	7	10	9	7	10	9	1.05694656E8	1.2379024E8	1.22674448E8	2.7322676E7	3.0666384E7	3.4009264E7	
sp|P43583|BLM10_YEAST	P43583	BLM10_YEAST	BLM10	2143	Saccharomyces cerevisiae (strain ATCC 204508 / S288c)	1:Experimental evidence at protein level	Proteasome activator BLM10	0.9997	0.9976	3	5	5	5	1	2	2	1	2	2	1	2	2	1.7894936E7	1.6235401E7	1.3638583E7	1.2333667E7	1.1618813E7	1.2431979E7	
sp|P43585|VTC2_YEAST	P43585	VTC2_YEAST	VTC2	828	Saccharomyces cerevisiae (strain ATCC 204508 / S288c)	1:Experimental evidence at protein level	Vacuolar transporter chaperone complex subunit 2	1.0	0.999	20	49	49	58	15	18	16	15	18	16	18	21	19	1.14709072E8	1.3350348E8	1.165582E8	1.4922496E7	1.4560294E7	1.4589186E7	
sp|P43588|RPN11_YEAST	P43588	RPN11_YEAST	RPN11	306	Saccharomyces cerevisiae (strain ATCC 204508 / S288c)	1:Experimental evidence at protein level	Ubiquitin carboxyl-terminal hydrolase RPN11	1.0	0.999	10	31	31	31	12	12	7	12	12	7	12	12	7	8.9640408E7	8.8360848E7	8.9139136E7	1.71883E7	1.8862732E7	1.8548294E7	
sp|P43590|YFH6_YEAST	P43590	YFH6_YEAST	YFR006W	535	Saccharomyces cerevisiae (strain ATCC 204508 / S288c)	1:Experimental evidence at protein level	Uncharacterized peptidase YFR006W	1.0	0.999	8	21	21	21	7	6	8	7	6	8	7	6	8	3.2884494E7	3.4814024E7	4.0362576E7	7025865.5	8039049.0	9176185.0	
sp|P43593|UBP6_YEAST	P43593	UBP6_YEAST	UBP6	499	Saccharomyces cerevisiae (strain ATCC 204508 / S288c)	1:Experimental evidence at protein level	Ubiquitin carboxyl-terminal hydrolase 6	1.0	0.999	8	24	24	24	8	7	9	8	7	9	8	7	9	8.9295208E7	7.665036E7	9.4454136E7	1.453539E7	1.4754471E7	1.6224546E7	
sp|P43597|YFI6_YEAST	P43597	YFI6_YEAST	YFR016C	1233	Saccharomyces cerevisiae (strain ATCC 204508 / S288c)	1:Experimental evidence at protein level	Uncharacterized protein YFR016C	0.9599	0.9987	1	1	1	1	0	1	0	0	1	0	0	1	0	0.0	0.0	0.0	0.0	0.0	0.0	
sp|P43598|IGD1_YEAST	P43598	IGD1_YEAST	IGD1	195	Saccharomyces cerevisiae (strain ATCC 204508 / S288c)	1:Experimental evidence at protein level	Inhibitor of glycogen debranching 1	1.0	0.999	3	6	6	6	2	1	3	2	1	3	2	1	3	1.2255485E7	1.1511629E7	9870263.0	6333827.0	6167739.0	5110670.5	
sp|P43599|YFI8_YEAST	P43599	YFI8_YEAST	YFR018C	363	Saccharomyces cerevisiae (strain ATCC 204508 / S288c)	1:Experimental evidence at protein level	Uncharacterized protein YFR018C	0.8993	0.9966	1	3	3	3	1	1	1	1	1	1	1	1	1	3195042.0	3567566.2	3933922.0	3195042.0	3567566.2	3933922.0	
sp|P43603|LSB3_YEAST	P43603	LSB3_YEAST	LSB3	459	Saccharomyces cerevisiae (strain ATCC 204508 / S288c)	1:Experimental evidence at protein level	LAS seventeen-binding protein 3	1.0	0.999	12	40	24	40	14	13	13	8	8	8	14	13	13	1.17533792E8	1.09308856E8	1.17612384E8	1.8914896E7	1.7166684E7	1.8569604E7	
sp|P43609|RSC8_YEAST	P43609	RSC8_YEAST	RSC8	557	Saccharomyces cerevisiae (strain ATCC 204508 / S288c)	1:Experimental evidence at protein level	Chromatin structure-remodeling complex protein RSC8	1.0	0.999	7	12	12	12	5	3	4	5	3	4	5	3	4	2.2424024E7	2.655984E7	2.9293134E7	6211573.5	6895041.0	6342938.5	
sp|P43616|DUG1_YEAST	P43616	DUG1_YEAST	DUG1	481	Saccharomyces cerevisiae (strain ATCC 204508 / S288c)	1:Experimental evidence at protein level	Cys-Gly metallodipeptidase DUG1	1.0	0.999	19	148	140	148	48	49	51	46	46	48	48	49	51	5.7600774E8	6.5267936E8	6.3319686E8	9.0655768E7	9.913008E7	9.7529592E7	
sp|P43619|NADC_YEAST	P43619	NADC_YEAST	BNA6	295	Saccharomyces cerevisiae (strain ATCC 204508 / S288c)	1:Experimental evidence at protein level	Nicotinate-nucleotide pyrophosphorylase [carboxylating]	1.0	0.999	7	16	16	16	8	4	4	8	4	4	8	4	4	3.0236744E7	2.5282914E7	2.4778868E7	1.2478138E7	1.2899253E7	1.2522572E7	
sp|P43621|COPD_YEAST	P43621	COPD_YEAST	RET2	546	Saccharomyces cerevisiae (strain ATCC 204508 / S288c)	1:Experimental evidence at protein level	Coatomer subunit delta	1.0	0.999	8	17	17	17	4	6	7	4	6	7	4	6	7	4.199652E7	5.6392608E7	6.1484664E7	1.682345E7	1.5006405E7	1.5210062E7	
sp|P43639|CSK2B_YEAST	P43639	CSK2B_YEAST	CKB1	278	Saccharomyces cerevisiae (strain ATCC 204508 / S288c)	1:Experimental evidence at protein level	Casein kinase II subunit beta	1.0	0.9989	4	6	6	6	4	1	1	4	1	1	4	1	1	1.6378848E7	1.3992073E7	1.3770434E7	6440947.0	5840902.5	4921693.0	
sp|P45978|SCD6_YEAST	P45978	SCD6_YEAST	SCD6	349	Saccharomyces cerevisiae (strain ATCC 204508 / S288c)	1:Experimental evidence at protein level	Protein SCD6	1.0	0.999	3	8	8	8	3	4	1	3	4	1	3	4	1	2.3833568E7	2.292919E7	1.4442785E7	8034023.0	7718337.5	6954540.0	
sp|P46367|ALDH4_YEAST	P46367	ALDH4_YEAST	ALD4	519	Saccharomyces cerevisiae (strain ATCC 204508 / S288c)	1:Experimental evidence at protein level	Potassium-activated aldehyde dehydrogenase, mitochondrial	1.0	0.999	19	149	149	149	48	53	48	48	53	48	48	53	48	5.5620762E8	5.8018886E8	5.22861216E8	8.2776256E7	8.6544352E7	8.3909648E7	
sp|P46654|RSSA2_YEAST	P46654	RSSA2_YEAST	RPS0B	252	Saccharomyces cerevisiae (strain ATCC 204508 / S288c)	1:Experimental evidence at protein level	40S ribosomal protein S0-B	1.0	0.999	10	150	15	150	50	52	48	5	5	5	50	52	48	1.27105446E9	1.25811213E9	1.11287603E9	4.33763584E8	4.296016E8	4.22771488E8	
sp|P46655|SYEC_YEAST	P46655	SYEC_YEAST	GUS1	708	Saccharomyces cerevisiae (strain ATCC 204508 / S288c)	1:Experimental evidence at protein level	Glutamate--tRNA ligase, cytoplasmic	1.0	0.999	32	220	220	220	74	72	74	74	72	74	74	72	74	9.5782707E8	9.9414125E8	1.06284954E9	1.3771688E8	1.27504824E8	1.34539152E8	
sp|P46669|RPA43_YEAST	P46669	RPA43_YEAST	RPA43	326	Saccharomyces cerevisiae (strain ATCC 204508 / S288c)	1:Experimental evidence at protein level	DNA-directed RNA polymerase I subunit RPA43	1.0	0.999	2	2	2	2	2	0	0	2	0	0	2	0	0	1.3348204E7	6768735.5	1.0711312E7	7676459.5	3831624.0	6132093.5	
sp|P46672|ARC1_YEAST	P46672	ARC1_YEAST	ARC1	376	Saccharomyces cerevisiae (strain ATCC 204508 / S288c)	1:Experimental evidence at protein level	tRNA-aminoacylation cofactor ARC1	1.0	0.999	15	98	98	98	30	35	33	30	35	33	30	35	33	3.6574288E8	3.99547968E8	3.74945344E8	5.549614E7	6.0949504E7	5.5806056E7	
sp|P46680|AIP1_YEAST	P46680	AIP1_YEAST	AIP1	615	Saccharomyces cerevisiae (strain ATCC 204508 / S288c)	1:Experimental evidence at protein level	Actin-interacting protein 1	1.0	0.999	12	48	48	48	16	15	17	16	15	17	16	15	17	1.07815264E8	1.11521568E8	1.33550824E8	2.0942342E7	2.5269104E7	2.3869058E7	
sp|P46681|DLD2_YEAST	P46681	DLD2_YEAST	DLD2	530	Saccharomyces cerevisiae (strain ATCC 204508 / S288c)	1:Experimental evidence at protein level	D-2-hydroxyglutarate--pyruvate transhydrogenase DLD2	0.9944	0.9989	2	3	3	9	1	1	1	1	1	1	3	3	3	1719758.0	2571393.2	3136142.0	1719758.0	2571393.2	3136142.0	
sp|P46683|YAR1_YEAST	P46683	YAR1_YEAST	YAR1	200	Saccharomyces cerevisiae (strain ATCC 204508 / S288c)	1:Experimental evidence at protein level	Ankyrin repeat-containing protein YAR1	1.0	0.999	5	11	11	11	5	3	3	5	3	3	5	3	3	2.7380556E7	2.7727704E7	2.5525358E7	7593982.5	7398351.0	7288386.5	
sp|P46784|RS10B_YEAST	P46784	RS10B_YEAST	RPS10B	105	Saccharomyces cerevisiae (strain ATCC 204508 / S288c)	1:Experimental evidence at protein level	40S ribosomal protein S10-B	0.9778	0.9958	5	2	2	76	2	0	0	2	0	0	24	26	26	2.6046514E7	0.0	0.0	0.0	0.0	0.0	
sp|P46956|PHO86_YEAST	P46956	PHO86_YEAST	PHO86	311	Saccharomyces cerevisiae (strain ATCC 204508 / S288c)	1:Experimental evidence at protein level	Inorganic phosphate transporter PHO86	1.0	0.999	4	17	17	17	6	6	5	6	6	5	6	6	5	4.868724E7	5.7368472E7	6.0181296E7	2.0386012E7	2.622185E7	2.6747984E7	
sp|P46957|DPOD2_YEAST	P46957	DPOD2_YEAST	POL31	487	Saccharomyces cerevisiae (strain ATCC 204508 / S288c)	1:Experimental evidence at protein level	DNA polymerase delta small subunit	0.8837	0.996	1	3	3	3	1	1	1	1	1	1	1	1	1	5269419.0	6710163.5	4276925.5	5269419.0	6710163.5	4276925.5	
sp|P46964|OST2_YEAST	P46964	OST2_YEAST	OST2	130	Saccharomyces cerevisiae (strain ATCC 204508 / S288c)	1:Experimental evidence at protein level	Dolichyl-diphosphooligosaccharide--protein glycosyltransferase subunit OST2	0.9984	0.999	2	5	5	5	1	2	2	1	2	2	1	2	2	1607292.9	9682995.0	9465294.0	2972230.5	5037366.0	5035987.0	
sp|P46965|SPC1_YEAST	P46965	SPC1_YEAST	SPC1	94	Saccharomyces cerevisiae (strain ATCC 204508 / S288c)	1:Experimental evidence at protein level	Signal peptidase complex subunit 1	0.9677	0.999	1	5	5	5	1	2	2	1	2	2	1	2	2	6514659.0	1.0331678E7	7717446.0	6514659.0	1.0331678E7	7717446.0	
sp|P46969|RPE_YEAST	P46969	RPE_YEAST	RPE1	238	Saccharomyces cerevisiae (strain ATCC 204508 / S288c)	1:Experimental evidence at protein level	Ribulose-phosphate 3-epimerase	1.0	0.999	4	12	12	12	5	2	5	5	2	5	5	2	5	2.4480768E7	2.133251E7	2.7990738E7	8797770.0	9056802.0	9445141.0	
sp|P46971|PMT4_YEAST	P46971	PMT4_YEAST	PMT4	762	Saccharomyces cerevisiae (strain ATCC 204508 / S288c)	1:Experimental evidence at protein level	Dolichyl-phosphate-mannose--protein mannosyltransferase 4	1.0	0.999	4	5	5	5	1	4	0	1	4	0	1	4	0	1.8223152E7	1.9012268E7	2.171788E7	7039047.5	6699912.0	8631119.0	
sp|P46985|MNN11_YEAST	P46985	MNN11_YEAST	MNN11	422	Saccharomyces cerevisiae (strain ATCC 204508 / S288c)	1:Experimental evidence at protein level	Probable alpha-1,6-mannosyltransferase MNN11	1.0	0.999	3	7	7	7	3	1	3	3	1	3	3	1	3	1.1317534E7	8776819.0	1.1165751E7	5658528.0	7006571.0	4326978.5	
sp|P46988|PFD1_YEAST	P46988	PFD1_YEAST	PFD1	109	Saccharomyces cerevisiae (strain ATCC 204508 / S288c)	1:Experimental evidence at protein level	Prefoldin subunit 1	0.91	0.997	1	1	1	1	1	0	0	1	0	0	1	0	0	4137621.5	3505611.0	4125075.8	4137621.5	3505611.0	4125075.8	
sp|P46989|ATG27_YEAST	P46989	ATG27_YEAST	ATG27	271	Saccharomyces cerevisiae (strain ATCC 204508 / S288c)	1:Experimental evidence at protein level	Autophagy-related protein 27	1.0	0.999	4	7	7	7	3	2	2	3	2	2	3	2	2	2.3015368E7	1.985813E7	1.719131E7	8261345.0	7496793.0	6224708.0	
sp|P46990|RL17B_YEAST	P46990	RL17B_YEAST	RPL17B	184	Saccharomyces cerevisiae (strain ATCC 204508 / S288c)	1:Experimental evidence at protein level	60S ribosomal protein L17-B	0.9993	0.999	7	15	15	102	5	5	5	5	5	5	32	31	39	1.76834784E8	1.58786656E8	1.38399984E8	1.76834784E8	1.58786656E8	1.38399984E8	
sp|P46992|YJR1_YEAST	P46992	YJR1_YEAST	YJL171C	396	Saccharomyces cerevisiae (strain ATCC 204508 / S288c)	1:Experimental evidence at protein level	Cell wall protein YJL171C	1.0	0.999	5	16	16	16	5	5	6	5	5	6	5	5	6	4.46592E7	5.1228308E7	5.2507864E7	1.7013656E7	2.148332E7	2.1422318E7	
sp|P47008|SFH5_YEAST	P47008	SFH5_YEAST	SFH5	294	Saccharomyces cerevisiae (strain ATCC 204508 / S288c)	1:Experimental evidence at protein level	Phosphatidylinositol transfer protein SFH5	1.0	0.999	5	14	14	14	5	5	4	5	5	4	5	5	4	3.6473464E7	3.3084584E7	3.4659892E7	9843917.0	9136630.0	9495718.0	
sp|P47013|DS1P1_YEAST	P47013	DS1P1_YEAST	LCB3	409	Saccharomyces cerevisiae (strain ATCC 204508 / S288c)	1:Experimental evidence at protein level	Dihydrosphingosine 1-phosphate phosphatase LCB3	0.966	0.9989	1	1	1	1	0	0	1	0	0	1	0	0	1	2201024.8	2981221.0	3406460.5	2201024.8	2981221.0	3406460.5	
sp|P47017|LSM1_YEAST	P47017	LSM1_YEAST	LSM1	172	Saccharomyces cerevisiae (strain ATCC 204508 / S288c)	1:Experimental evidence at protein level	Sm-like protein LSm1	1.0	0.999	4	10	10	10	4	2	4	4	2	4	4	2	4	1.0217966E7	1.2938815E7	9961318.0	3310570.0	4707574.0	3954836.0	
sp|P47018|MTC1_YEAST	P47018	MTC1_YEAST	MTC1	478	Saccharomyces cerevisiae (strain ATCC 204508 / S288c)	1:Experimental evidence at protein level	Maintenance of telomere capping protein 1	1.0	0.999	8	23	23	23	9	9	5	9	9	5	9	9	5	7.4963208E7	6.5029528E7	7.1052488E7	1.8659376E7	1.9104622E7	2.3052298E7	
sp|P47031|IML2_YEAST	P47031	IML2_YEAST	IML2	731	Saccharomyces cerevisiae (strain ATCC 204508 / S288c)	1:Experimental evidence at protein level	Inclusion body clearance protein IML2	0.9682	0.999	1	3	3	3	1	1	1	1	1	1	1	1	1	6307307.5	5793577.5	6542846.5	6307307.5	5793577.5	6542846.5	
sp|P47035|NET1_YEAST	P47035	NET1_YEAST	NET1	1189	Saccharomyces cerevisiae (strain ATCC 204508 / S288c)	1:Experimental evidence at protein level	Nucleolar protein NET1	0.8489	0.9946	1	3	3	3	1	1	1	1	1	1	1	1	1	6492860.0	4537420.5	0.0	6492860.0	4537420.5	0.0	
sp|P47039|BNA3_YEAST	P47039	BNA3_YEAST	BNA3	444	Saccharomyces cerevisiae (strain ATCC 204508 / S288c)	1:Experimental evidence at protein level	Probable kynurenine--oxoglutarate transaminase BNA3	1.0	0.999	3	6	6	6	3	2	1	3	2	1	3	2	1	2.5626432E7	2.2563144E7	9995635.0	1.0723144E7	9021261.0	9995635.0	
sp|P47044|YJF5_YEAST	P47044	YJF5_YEAST	YJL055W	245	Saccharomyces cerevisiae (strain ATCC 204508 / S288c)	1:Experimental evidence at protein level	LOG family protein YJL055W	1.0	0.999	3	10	10	10	4	3	3	4	3	3	4	3	3	3.4534936E7	4.1404464E7	3.6865368E7	1.5688778E7	1.6941572E7	1.7804828E7	
sp|P47054|NU192_YEAST	P47054	NU192_YEAST	NUP192	1683	Saccharomyces cerevisiae (strain ATCC 204508 / S288c)	1:Experimental evidence at protein level	Nucleoporin NUP192	0.6538	0.9841	1	1	1	1	1	0	0	1	0	0	1	0	0	1996775.8	1190732.5	1530656.5	1996775.8	1190732.5	1530656.5	
sp|P47057|SNX4_YEAST	P47057	SNX4_YEAST	SNX4	423	Saccharomyces cerevisiae (strain ATCC 204508 / S288c)	1:Experimental evidence at protein level	Sorting nexin-4	0.6467	0.9836	1	1	1	1	0	0	1	0	0	1	0	0	1	0.0	0.0	1615264.8	0.0	0.0	0.0	
sp|P47064|AP3S_YEAST	P47064	AP3S_YEAST	APS3	194	Saccharomyces cerevisiae (strain ATCC 204508 / S288c)	1:Experimental evidence at protein level	AP-3 complex subunit sigma	0.9646	0.9989	1	2	2	2	1	0	1	1	0	1	1	0	1	4368613.5	3051390.8	4324667.0	4368613.5	3051390.8	4324667.0	
sp|P47068|BBC1_YEAST	P47068	BBC1_YEAST	BBC1	1157	Saccharomyces cerevisiae (strain ATCC 204508 / S288c)	1:Experimental evidence at protein level	Myosin tail region-interacting protein MTI1	1.0	0.999	28	78	78	78	24	26	28	24	26	28	24	26	28	2.59435024E8	2.45104256E8	2.78336896E8	2.705279E7	2.4209904E7	2.594491E7	
sp|P47075|VTC4_YEAST	P47075	VTC4_YEAST	VTC4	721	Saccharomyces cerevisiae (strain ATCC 204508 / S288c)	1:Experimental evidence at protein level	Vacuolar transporter chaperone complex subunit 4	1.0	0.999	22	93	93	93	29	33	31	29	33	31	29	33	31	2.7434944E8	2.3649864E8	2.42835984E8	2.6189856E7	2.2960326E7	2.4350182E7	
sp|P47079|TCPQ_YEAST	P47079	TCPQ_YEAST	CCT8	568	Saccharomyces cerevisiae (strain ATCC 204508 / S288c)	1:Experimental evidence at protein level	T-complex protein 1 subunit theta	1.0	0.999	10	44	44	44	14	16	14	14	16	14	14	16	14	1.02151824E8	9.8041216E7	1.0589036E8	2.2192582E7	1.7847412E7	2.1160516E7	
sp|P47089|DENR_YEAST	P47089	DENR_YEAST	TMA22	198	Saccharomyces cerevisiae (strain ATCC 204508 / S288c)	1:Experimental evidence at protein level	Translation machinery-associated protein 22	1.0	0.999	5	16	16	16	5	6	5	5	6	5	5	6	5	4.0994556E7	4.8166624E7	3.5000984E7	1.5959894E7	1.8278868E7	1.41703E7	
sp|P47095|MTNB_YEAST	P47095	MTNB_YEAST	MDE1	244	Saccharomyces cerevisiae (strain ATCC 204508 / S288c)	1:Experimental evidence at protein level	Methylthioribulose-1-phosphate dehydratase	0.9103	0.997	1	5	5	5	2	2	1	2	2	1	2	2	1	3222226.5	4386148.0	4319629.0	3222226.5	4386148.0	4319629.0	
sp|P47096|3HAO_YEAST	P47096	3HAO_YEAST	BNA1	177	Saccharomyces cerevisiae (strain ATCC 204508 / S288c)	1:Experimental evidence at protein level	3-hydroxyanthranilate 3,4-dioxygenase	0.9999	0.999	2	4	4	4	2	1	1	2	1	1	2	1	1	1.3081846E7	9132613.0	8843167.0	1.0968063E7	5986488.5	5826800.5	
sp|P47116|PTK2_YEAST	P47116	PTK2_YEAST	PTK2	818	Saccharomyces cerevisiae (strain ATCC 204508 / S288c)	1:Experimental evidence at protein level	Serine/threonine-protein kinase PTK2/STK2	1.0	0.999	3	4	4	4	2	1	1	2	1	1	2	1	1	1.6678106E7	1.3322695E7	1.3913816E7	8099530.5	6346806.0	6540736.0	
sp|P47117|ARP3_YEAST	P47117	ARP3_YEAST	ARP3	449	Saccharomyces cerevisiae (strain ATCC 204508 / S288c)	1:Experimental evidence at protein level	Actin-related protein 3	1.0	0.999	9	50	50	50	17	15	18	17	15	18	17	15	18	1.05959488E8	1.10085624E8	1.02006544E8	1.6119288E7	1.6004476E7	1.5963289E7	
sp|P47119|ITPA_YEAST	P47119	ITPA_YEAST	HAM1	197	Saccharomyces cerevisiae (strain ATCC 204508 / S288c)	1:Experimental evidence at protein level	Inosine triphosphate pyrophosphatase	0.9999	0.9989	2	5	5	5	2	1	2	2	1	2	2	1	2	2.7015684E7	1.5867003E7	2.022908E7	1.7169966E7	9548317.0	1.2166983E7	
sp|P47120|DOHH_YEAST	P47120	DOHH_YEAST	LIA1	325	Saccharomyces cerevisiae (strain ATCC 204508 / S288c)	1:Experimental evidence at protein level	Deoxyhypusine hydroxylase	1.0	0.999	9	25	25	25	8	8	9	8	8	9	8	8	9	9.338796E7	7.5286072E7	8.4039832E7	3.2964772E7	2.6052326E7	2.6138076E7	
sp|P47122|GPN1_YEAST	P47122	GPN1_YEAST	NPA3	385	Saccharomyces cerevisiae (strain ATCC 204508 / S288c)	1:Experimental evidence at protein level	GPN-loop GTPase 1	1.0	0.999	3	7	7	7	3	2	2	3	2	2	3	2	2	1.8141596E7	1.5939626E7	1.8385898E7	6668690.0	1.1098815E7	7270669.0	
sp|P47124|HOC1_YEAST	P47124	HOC1_YEAST	HOC1	396	Saccharomyces cerevisiae (strain ATCC 204508 / S288c)	1:Experimental evidence at protein level	Putative glycosyltransferase HOC1	0.9983	0.998	2	2	2	2	2	0	0	2	0	0	2	0	0	5592264.5	4430953.0	5386821.0	3350242.8	3153603.5	4004111.0	
sp|P47133|EMC2_YEAST	P47133	EMC2_YEAST	EMC2	292	Saccharomyces cerevisiae (strain ATCC 204508 / S288c)	1:Experimental evidence at protein level	ER membrane protein complex subunit 2	0.9999	0.9988	2	4	4	4	2	1	1	2	1	1	2	1	1	8084413.0	5683115.5	8406320.0	4234310.5	6245378.0	4862597.5	
sp|P47135|JSN1_YEAST	P47135	JSN1_YEAST	JSN1	1091	Saccharomyces cerevisiae (strain ATCC 204508 / S288c)	1:Experimental evidence at protein level	Protein JSN1	0.9999	0.998	3	7	5	7	2	3	2	1	2	2	2	3	2	7060371.0	8518463.0	7222581.5	3536560.8	4027055.2	3243317.0	
sp|P47137|YJ66_YEAST	P47137	YJ66_YEAST	YJR096W	282	Saccharomyces cerevisiae (strain ATCC 204508 / S288c)	1:Experimental evidence at protein level	Uncharacterized oxidoreductase YJR096W	0.7201	0.9883	1	1	1	1	1	0	0	1	0	0	1	0	0	3117285.8	2708846.8	3164278.2	3117285.8	2708846.8	3164278.2	
sp|P47143|ADK_YEAST	P47143	ADK_YEAST	ADO1	340	Saccharomyces cerevisiae (strain ATCC 204508 / S288c)	1:Experimental evidence at protein level	Adenosine kinase	1.0	0.999	9	61	57	61	20	19	22	18	18	21	20	19	22	4.2475216E8	3.63468544E8	3.93143712E8	1.00408216E8	9.1572656E7	9.939852E7	
sp|P47154|STE24_YEAST	P47154	STE24_YEAST	STE24	453	Saccharomyces cerevisiae (strain ATCC 204508 / S288c)	1:Experimental evidence at protein level	CAAX prenyl protease 1	1.0	0.999	9	34	34	34	11	12	11	11	12	11	11	12	11	1.20004096E8	1.05272816E8	1.02300184E8	2.3454584E7	2.1419876E7	2.6158046E7	
sp|P47155|ILM1_YEAST	P47155	ILM1_YEAST	ILM1	203	Saccharomyces cerevisiae (strain ATCC 204508 / S288c)	1:Experimental evidence at protein level	Protein ILM1	0.9682	0.999	1	3	3	3	1	1	1	1	1	1	1	1	1	6894466.0	6085008.0	9641185.0	6894466.0	6085008.0	9641185.0	
sp|P47160|ENT3_YEAST	P47160	ENT3_YEAST	ENT3	408	Saccharomyces cerevisiae (strain ATCC 204508 / S288c)	1:Experimental evidence at protein level	Epsin-3	1.0	0.999	7	16	16	16	4	5	7	4	5	7	4	5	7	3.1033614E7	3.405668E7	4.1543476E7	1.0703765E7	1.3112213E7	1.4403398E7	
sp|P47165|XPT1_YEAST	P47165	XPT1_YEAST	XPT1	209	Saccharomyces cerevisiae (strain ATCC 204508 / S288c)	1:Experimental evidence at protein level	Xanthine phosphoribosyltransferase 1	1.0	0.9988	3	7	7	7	3	2	2	3	2	2	3	2	2	1.5568356E7	1.6750886E7	1.2308634E7	7127720.0	7253264.5	8433325.0	
sp|P47176|BCA2_YEAST	P47176	BCA2_YEAST	BAT2	376	Saccharomyces cerevisiae (strain ATCC 204508 / S288c)	1:Experimental evidence at protein level	Branched-chain-amino-acid aminotransferase, cytosolic	1.0	0.999	10	39	35	39	14	12	13	13	11	11	14	12	13	1.41035456E8	1.2894812E8	1.49838816E8	3.8677036E7	4.105666E7	3.9377836E7	
sp|P47771|ALDH2_YEAST	P47771	ALDH2_YEAST	ALD2	506	Saccharomyces cerevisiae (strain ATCC 204508 / S288c)	1:Experimental evidence at protein level	Aldehyde dehydrogenase [NAD(P)+] 1	1.0	0.999	4	13	0	13	5	3	5	0	0	0	5	3	5	2.632583E7	2.6871352E7	2.9003664E7	7924740.5	7803383.0	8771250.0	sp|P54114|ALDH3_YEAST
sp|P47818|CCC1_YEAST	P47818	CCC1_YEAST	CCC1	322	Saccharomyces cerevisiae (strain ATCC 204508 / S288c)	1:Experimental evidence at protein level	Protein CCC1	0.949	0.9984	1	1	1	1	1	0	0	1	0	0	1	0	0	4497571.0	4000412.5	3014155.5	4497571.0	4000412.5	3014155.5	
sp|P47912|LCF4_YEAST	P47912	LCF4_YEAST	FAA4	694	Saccharomyces cerevisiae (strain ATCC 204508 / S288c)	1:Experimental evidence at protein level	Long-chain-fatty-acid--CoA ligase 4	1.0	0.999	6	14	14	19	5	5	4	5	5	4	7	6	6	4.502794E7	4.522016E7	4.6952896E7	1.482601E7	1.4355501E7	1.6842676E7	
sp|P48015|GCST_YEAST	P48015	GCST_YEAST	GCV1	400	Saccharomyces cerevisiae (strain ATCC 204508 / S288c)	1:Experimental evidence at protein level	Aminomethyltransferase, mitochondrial	1.0	0.999	13	51	51	51	18	17	16	18	17	16	18	17	16	1.23863528E8	1.33268768E8	1.4773664E8	1.8837636E7	2.0594992E7	2.120776E7	
sp|P48164|RS7B_YEAST	P48164	RS7B_YEAST	RPS7B	190	Saccharomyces cerevisiae (strain ATCC 204508 / S288c)	1:Experimental evidence at protein level	40S ribosomal protein S7-B	1.0	0.999	8	18	18	85	6	6	6	6	6	6	25	27	33	1.00292944E8	1.02021952E8	9.8933728E7	6.5497748E7	6.9920904E7	5.881422E7	
sp|P48363|PFD3_YEAST	P48363	PFD3_YEAST	PAC10	199	Saccharomyces cerevisiae (strain ATCC 204508 / S288c)	1:Experimental evidence at protein level	Prefoldin subunit 3	0.9424	0.9981	1	4	4	4	2	0	2	2	0	2	2	0	2	5053567.5	6208279.5	4620749.5	3121680.0	3532911.0	2882777.5	
sp|P48365|GYP7_YEAST	P48365	GYP7_YEAST	GYP7	746	Saccharomyces cerevisiae (strain ATCC 204508 / S288c)	1:Experimental evidence at protein level	GTPase-activating protein GYP7	1.0	0.999	3	4	4	4	3	0	1	3	0	1	3	0	1	8580756.0	6938209.5	1.266193E7	4001152.2	5421409.0	5345028.5	
sp|P48415|SEC16_YEAST	P48415	SEC16_YEAST	SEC16	2195	Saccharomyces cerevisiae (strain ATCC 204508 / S288c)	1:Experimental evidence at protein level	COPII coat assembly protein SEC16	1.0	0.999	6	10	10	10	5	3	2	5	3	2	5	3	2	1.7959828E7	1.3992246E7	1.5930947E7	6642688.0	5985707.5	5847022.0	
sp|P48439|OST3_YEAST	P48439	OST3_YEAST	OST3	350	Saccharomyces cerevisiae (strain ATCC 204508 / S288c)	1:Experimental evidence at protein level	Dolichyl-diphosphooligosaccharide--protein glycosyltransferase subunit 3	0.9999	0.9987	2	4	4	4	2	1	1	2	1	1	2	1	1	5455777.0	6230775.5	5343248.0	3025251.8	3585199.0	3065721.8	
sp|P48510|DSK2_YEAST	P48510	DSK2_YEAST	DSK2	373	Saccharomyces cerevisiae (strain ATCC 204508 / S288c)	1:Experimental evidence at protein level	Ubiquitin domain-containing protein DSK2	1.0	0.999	6	18	18	18	7	5	6	7	5	6	7	5	6	7.5456096E7	8.3835128E7	9.0884336E7	2.2905804E7	2.127861E7	2.3577398E7	
sp|P48563|MON2_YEAST	P48563	MON2_YEAST	MON2	1636	Saccharomyces cerevisiae (strain ATCC 204508 / S288c)	1:Experimental evidence at protein level	Protein MON2	0.9401	0.9652	2	2	2	2	1	1	0	1	1	0	1	1	0	3741372.2	3310458.2	4580732.0	2290054.5	2392773.8	3011453.2	
sp|P48570|HOSC_YEAST	P48570	HOSC_YEAST	LYS20	428	Saccharomyces cerevisiae (strain ATCC 204508 / S288c)	1:Experimental evidence at protein level	Homocitrate synthase, cytosolic isozyme	1.0	0.999	15	4	4	58	2	1	1	2	1	1	19	21	18	1.7529322E7	2.1715916E7	2.5725832E7	1.2244646E7	1.4021591E7	1.7227284E7	
sp|P48589|RS12_YEAST	P48589	RS12_YEAST	RPS12	143	Saccharomyces cerevisiae (strain ATCC 204508 / S288c)	1:Experimental evidence at protein level	40S ribosomal protein S12	1.0	0.999	6	78	78	78	24	27	27	24	27	27	24	27	27	7.9031149E8	7.253623E8	7.1737267E8	2.74412384E8	2.62590528E8	2.58671696E8	
sp|P48606|TBCA_YEAST	P48606	TBCA_YEAST	RBL2	106	Saccharomyces cerevisiae (strain ATCC 204508 / S288c)	1:Experimental evidence at protein level	Tubulin-specific chaperone A	1.0	0.999	4	10	10	10	3	3	4	3	3	4	3	3	4	2.4660528E7	3.488564E7	3.8988032E7	1.3740114E7	1.3780131E7	1.5525823E7	
sp|P48813|GNP1_YEAST	P48813	GNP1_YEAST	GNP1	663	Saccharomyces cerevisiae (strain ATCC 204508 / S288c)	1:Experimental evidence at protein level	High-affinity glutamine permease	1.0	0.999	4	12	12	12	4	5	3	4	5	3	4	5	3	1.3202491E7	1.8288192E7	1.4100017E7	3988290.5	5773873.0	4835302.5	
sp|P48836|VATG_YEAST	P48836	VATG_YEAST	VMA10	114	Saccharomyces cerevisiae (strain ATCC 204508 / S288c)	1:Experimental evidence at protein level	V-type proton ATPase subunit G	1.0	0.999	5	63	63	63	20	20	23	20	20	23	20	20	23	2.29991424E8	2.02929888E8	2.15183088E8	7.6888304E7	7.164616E7	7.434076E7	
sp|P48837|NUP57_YEAST	P48837	NUP57_YEAST	NUP57	541	Saccharomyces cerevisiae (strain ATCC 204508 / S288c)	1:Experimental evidence at protein level	Nucleoporin NUP57	0.9998	0.9986	2	3	3	3	1	1	1	1	1	1	1	1	1	5944788.5	6768626.0	2.2000404E7	9251543.0	5366232.5	1.1336424E7	
sp|P49017|COQ5_YEAST	P49017	COQ5_YEAST	COQ5	307	Saccharomyces cerevisiae (strain ATCC 204508 / S288c)	1:Experimental evidence at protein level	2-methoxy-6-polyprenyl-1,4-benzoquinol methylase, mitochondrial	0.9999	0.999	2	6	6	6	3	2	1	3	2	1	3	2	1	4644143.0	1.1552976E7	4217010.5	5492898.0	5147537.0	4987703.5	
sp|P49089|ASNS1_YEAST	P49089	ASNS1_YEAST	ASN1	572	Saccharomyces cerevisiae (strain ATCC 204508 / S288c)	1:Experimental evidence at protein level	Asparagine synthetase [glutamine-hydrolyzing] 1	1.0	0.999	20	95	95	149	29	33	33	29	33	33	47	51	51	3.43716192E8	3.54146752E8	3.65683904E8	4.8403656E7	5.2068672E7	5.5975416E7	
sp|P49090|ASNS2_YEAST	P49090	ASNS2_YEAST	ASN2	572	Saccharomyces cerevisiae (strain ATCC 204508 / S288c)	1:Experimental evidence at protein level	Asparagine synthetase [glutamine-hydrolyzing] 2	1.0	0.999	18	192	138	192	64	64	64	46	46	46	64	64	64	8.0749933E8	8.1627917E8	9.6067507E8	1.28269696E8	1.1266036E8	1.31201872E8	
sp|P49095|GCSP_YEAST	P49095	GCSP_YEAST	GCV2	1034	Saccharomyces cerevisiae (strain ATCC 204508 / S288c)	1:Experimental evidence at protein level	Glycine dehydrogenase (decarboxylating), mitochondrial	1.0	0.999	15	34	34	34	14	10	10	14	10	10	14	10	10	8.176068E7	7.1970808E7	8.2391208E7	1.2391193E7	1.41635E7	1.5419875E7	
sp|P49166|RL37A_YEAST	P49166	RL37A_YEAST	RPL37A	88	Saccharomyces cerevisiae (strain ATCC 204508 / S288c)	1:Experimental evidence at protein level	60S ribosomal protein L37-A	1.0	0.999	5	55	37	55	17	17	21	12	12	13	17	17	21	2.4766344E8	2.12326944E8	2.45661728E8	1.23035832E8	1.25285592E8	1.13390776E8	
sp|P49167|RL38_YEAST	P49167	RL38_YEAST	RPL38	78	Saccharomyces cerevisiae (strain ATCC 204508 / S288c)	1:Experimental evidence at protein level	60S ribosomal protein L38	1.0	0.9989	3	71	71	71	24	24	23	24	24	23	24	24	23	2.62618912E8	2.0083592E8	1.99015424E8	1.80734208E8	1.9043904E8	2.01311984E8	
sp|P49334|TOM22_YEAST	P49334	TOM22_YEAST	TOM22	152	Saccharomyces cerevisiae (strain ATCC 204508 / S288c)	1:Experimental evidence at protein level	Mitochondrial import receptor subunit TOM22	1.0	0.999	4	13	13	13	5	4	4	5	4	4	5	4	4	5.3927216E7	4.5199676E7	7.6066608E7	3.1146324E7	2.6801896E7	2.5725002E7	
sp|P49435|APT1_YEAST	P49435	APT1_YEAST	APT1	187	Saccharomyces cerevisiae (strain ATCC 204508 / S288c)	1:Experimental evidence at protein level	Adenine phosphoribosyltransferase 1	1.0	0.999	5	16	16	16	6	6	4	6	6	4	6	6	4	4.9242868E7	5.9181048E7	4.0197348E7	1.7648132E7	1.7938824E7	1.8589616E7	
sp|P49573|CTR1_YEAST	P49573	CTR1_YEAST	CTR1	406	Saccharomyces cerevisiae (strain ATCC 204508 / S288c)	1:Experimental evidence at protein level	Copper transport protein CTR1	0.9472	0.9983	1	1	1	1	0	0	1	0	0	1	0	0	1	2864606.0	1925880.8	4141040.2	2864606.0	1925880.8	4141040.2	
sp|P49626|RL4B_YEAST	P49626	RL4B_YEAST	RPL4B	362	Saccharomyces cerevisiae (strain ATCC 204508 / S288c)	1:Experimental evidence at protein level	60S ribosomal protein L4-B	0.9998	0.999	11	8	8	130	2	3	3	2	3	3	42	42	46	4.6441496E7	5.1196236E7	5.7222948E7	4.6441496E7	5.1196236E7	5.7222948E7	
sp|P49723|RIR4_YEAST	P49723	RIR4_YEAST	RNR4	345	Saccharomyces cerevisiae (strain ATCC 204508 / S288c)	1:Experimental evidence at protein level	Ribonucleoside-diphosphate reductase small chain 2	1.0	0.999	12	126	126	126	43	42	41	43	42	41	43	42	41	9.7741472E8	8.5973171E8	9.8782899E8	1.5647312E8	1.42371136E8	1.61024848E8	
sp|P49954|NIT3_YEAST	P49954	NIT3_YEAST	NIT3	291	Saccharomyces cerevisiae (strain ATCC 204508 / S288c)	1:Experimental evidence at protein level	Omega-amidase NIT3	1.0	0.999	4	14	14	14	5	4	5	5	4	5	5	4	5	2.3083766E7	2.3045388E7	2.8913154E7	6954497.0	8331706.0	1.0081877E7	
sp|P50085|PHB2_YEAST	P50085	PHB2_YEAST	PHB2	310	Saccharomyces cerevisiae (strain ATCC 204508 / S288c)	1:Experimental evidence at protein level	Prohibitin-2	1.0	0.999	8	28	28	28	11	10	7	11	10	7	11	10	7	5.1840184E7	6.2006676E7	5.374046E7	1.1472023E7	1.2961514E7	1.4875014E7	
sp|P50086|PSD10_YEAST	P50086	PSD10_YEAST	NAS6	228	Saccharomyces cerevisiae (strain ATCC 204508 / S288c)	1:Experimental evidence at protein level	Probable 26S proteasome regulatory subunit p28	1.0	0.999	3	9	9	9	3	3	3	3	3	3	3	3	3	2.6939604E7	2.9035706E7	2.7610276E7	1.2327963E7	1.1786226E7	1.0414921E7	
sp|P50094|IMDH4_YEAST	P50094	IMDH4_YEAST	IMD4	524	Saccharomyces cerevisiae (strain ATCC 204508 / S288c)	1:Experimental evidence at protein level	Inosine-5'-monophosphate dehydrogenase 4	1.0	0.999	7	5	5	39	2	1	2	2	1	2	13	13	13	1.3889908E7	1.2262586E7	1.288451E7	8468933.0	7245334.0	7792631.0	
sp|P50095|IMDH3_YEAST	P50095	IMDH3_YEAST	IMD3	523	Saccharomyces cerevisiae (strain ATCC 204508 / S288c)	1:Experimental evidence at protein level	Inosine-5'-monophosphate dehydrogenase 3	1.0	0.999	12	60	19	60	18	23	19	4	9	6	18	23	19	2.8503376E8	3.05352576E8	3.16073632E8	4.1295984E7	4.5985116E7	4.5074556E7	
sp|P50101|UBP15_YEAST	P50101	UBP15_YEAST	UBP15	1230	Saccharomyces cerevisiae (strain ATCC 204508 / S288c)	1:Experimental evidence at protein level	Ubiquitin carboxyl-terminal hydrolase 15	1.0	0.999	3	10	10	10	3	4	3	3	4	3	3	4	3	1.1738426E7	1.6013538E7	1.6817892E7	5301107.5	7321022.0	7154504.0	
sp|P50107|LGUL_YEAST	P50107	LGUL_YEAST	GLO1	326	Saccharomyces cerevisiae (strain ATCC 204508 / S288c)	1:Experimental evidence at protein level	Glyoxalase I	1.0	0.999	5	15	15	15	4	6	5	4	6	5	4	6	5	4.6719924E7	4.8133384E7	5.0853144E7	1.4425459E7	1.354876E7	1.5705387E7	
sp|P50108|MNN10_YEAST	P50108	MNN10_YEAST	MNN10	393	Saccharomyces cerevisiae (strain ATCC 204508 / S288c)	1:Experimental evidence at protein level	Probable alpha-1,6-mannosyltransferase MNN10	1.0	0.999	2	9	9	9	3	3	3	3	3	3	3	3	3	6450992.5	7780378.0	6190891.5	3569153.5	4288296.0	3431437.5	
sp|P50109|PSP2_YEAST	P50109	PSP2_YEAST	PSP2	593	Saccharomyces cerevisiae (strain ATCC 204508 / S288c)	1:Experimental evidence at protein level	Protein PSP2	1.0	0.999	4	9	9	9	5	2	2	5	2	2	5	2	2	2.316433E7	1.1613506E7	2.2717382E7	9567060.0	8377622.5	9261415.0	
sp|P50278|SOL1_YEAST	P50278	SOL1_YEAST	SOL1	321	Saccharomyces cerevisiae (strain ATCC 204508 / S288c)	1:Experimental evidence at protein level	6-phosphogluconolactonase-like protein 1	1.0	0.999	2	2	2	2	0	1	1	0	1	1	0	1	1	5950464.5	9051708.0	8492137.0	3373313.5	5130553.0	4638352.5	
sp|P50623|UBC9_YEAST	P50623	UBC9_YEAST	UBC9	157	Saccharomyces cerevisiae (strain ATCC 204508 / S288c)	1:Experimental evidence at protein level	SUMO-conjugating enzyme UBC9	1.0	0.999	3	6	6	6	2	2	2	2	2	2	2	2	2	1.4375127E7	1.8389012E7	1.9135056E7	7134601.5	9129828.0	1.0717994E7	
sp|P50861|RIB4_YEAST	P50861	RIB4_YEAST	RIB4	169	Saccharomyces cerevisiae (strain ATCC 204508 / S288c)	1:Experimental evidence at protein level	6,7-dimethyl-8-ribityllumazine synthase	1.0	0.999	5	29	29	29	10	9	10	10	9	10	10	9	10	1.17694184E8	1.0701796E8	1.0097704E8	5.5611752E7	4.690626E7	4.8054752E7	
sp|P51402|RL37B_YEAST	P51402	RL37B_YEAST	RPL37B	88	Saccharomyces cerevisiae (strain ATCC 204508 / S288c)	1:Experimental evidence at protein level	60S ribosomal protein L37-B	1.0	0.999	5	16	16	34	4	5	7	4	5	7	9	10	15	3.7613388E7	3.928936E7	3.7387244E7	1.9776376E7	1.9786984E7	1.8787862E7	
sp|P51534|SHE4_YEAST	P51534	SHE4_YEAST	SHE4	789	Saccharomyces cerevisiae (strain ATCC 204508 / S288c)	1:Experimental evidence at protein level	SWI5-dependent HO expression protein 4	1.0	0.9989	4	4	4	4	1	3	0	1	3	0	1	3	0	8.0511512E7	2.7034726E7	0.0	4.928526E7	2.7333814E7	0.0	
sp|P51601|GCH1_YEAST	P51601	GCH1_YEAST	FOL2	243	Saccharomyces cerevisiae (strain ATCC 204508 / S288c)	1:Experimental evidence at protein level	GTP cyclohydrolase 1	0.9999	0.9986	2	4	4	4	1	2	1	1	2	1	1	2	1	3427287.8	4845348.5	6763184.0	2179927.8	2937580.8	4095764.2	
sp|P52286|SKP1_YEAST	P52286	SKP1_YEAST	SKP1	194	Saccharomyces cerevisiae (strain ATCC 204508 / S288c)	1:Experimental evidence at protein level	Suppressor of kinetochore protein 1	1.0	0.999	7	17	17	17	5	6	6	5	6	6	5	6	6	5.9011008E7	5.472182E7	4.8035436E7	2.241276E7	1.7505186E7	1.7423326E7	
sp|P52488|UBA2_YEAST	P52488	UBA2_YEAST	UBA2	636	Saccharomyces cerevisiae (strain ATCC 204508 / S288c)	1:Experimental evidence at protein level	Ubiquitin-activating enzyme E1-like	0.963	0.9988	1	1	1	1	1	0	0	1	0	0	1	0	0	2142671.5	3902323.5	2725004.8	2142671.5	3902323.5	2725004.8	
sp|P52489|KPYK2_YEAST	P52489	KPYK2_YEAST	PYK2	506	Saccharomyces cerevisiae (strain ATCC 204508 / S288c)	1:Experimental evidence at protein level	Pyruvate kinase 2	1.0	0.999	7	12	12	147	5	3	4	5	3	4	57	52	38	2.5600916E7	1.8035538E7	2.310839E7	9562283.0	6765525.0	7801103.0	
sp|P52490|UBC13_YEAST	P52490	UBC13_YEAST	UBC13	153	Saccharomyces cerevisiae (strain ATCC 204508 / S288c)	1:Experimental evidence at protein level	Ubiquitin-conjugating enzyme E2 13	1.0	0.9985	2	7	7	7	3	3	1	3	3	1	3	3	1	2.628672E7	1.570289E7	1.651706E7	1.5539227E7	7929191.5	8338531.5	
sp|P52553|PFD6_YEAST	P52553	PFD6_YEAST	YKE2	114	Saccharomyces cerevisiae (strain ATCC 204508 / S288c)	1:Experimental evidence at protein level	Prefoldin subunit 6	1.0	0.999	2	6	6	6	2	2	2	2	2	2	2	2	2	1.68396E7	1.252061E7	1.5191255E7	8461900.0	6291607.0	7632797.5	
sp|P52593|NU188_YEAST	P52593	NU188_YEAST	NUP188	1655	Saccharomyces cerevisiae (strain ATCC 204508 / S288c)	1:Experimental evidence at protein level	Nucleoporin NUP188	0.4967	0.97	1	2	2	2	1	1	0	1	1	0	1	1	0	2453011.5	2438640.5	2162844.8	2453011.5	2438640.5	2162844.8	
sp|P52871|SC6B2_YEAST	P52871	SC6B2_YEAST	SBH2	88	Saccharomyces cerevisiae (strain ATCC 204508 / S288c)	1:Experimental evidence at protein level	Protein transport protein SBH2	0.9682	0.999	1	4	4	4	1	2	1	1	2	1	1	2	1	2.341505E7	2.0608846E7	1.8014624E7	2.341505E7	2.0608846E7	1.8014624E7	
sp|P52891|NUP84_YEAST	P52891	NUP84_YEAST	NUP84	726	Saccharomyces cerevisiae (strain ATCC 204508 / S288c)	1:Experimental evidence at protein level	Nucleoporin NUP84	0.9604	0.9987	1	3	3	3	1	1	1	1	1	1	1	1	1	2238394.5	2105061.0	2234149.2	2238394.5	2105061.0	2234149.2	
sp|P52893|ALAM_YEAST	P52893	ALAM_YEAST	ALT1	592	Saccharomyces cerevisiae (strain ATCC 204508 / S288c)	1:Experimental evidence at protein level	Probable alanine aminotransferase, mitochondrial	1.0	0.999	3	4	4	4	2	1	1	2	1	1	2	1	1	1.1074963E7	1.2800707E7	1.2413111E7	6708274.0	7765124.5	7175448.0	
sp|P52910|ACS2_YEAST	P52910	ACS2_YEAST	ACS2	683	Saccharomyces cerevisiae (strain ATCC 204508 / S288c)	1:Experimental evidence at protein level	Acetyl-coenzyme A synthetase 2	1.0	0.999	24	161	152	161	51	54	56	49	50	53	51	54	56	6.1397382E8	6.2269779E8	6.3389478E8	6.34799E7	6.0291612E7	6.2788252E7	
sp|P52917|VPS4_YEAST	P52917	VPS4_YEAST	VPS4	437	Saccharomyces cerevisiae (strain ATCC 204508 / S288c)	1:Experimental evidence at protein level	Vacuolar protein sorting-associated protein 4	1.0	0.999	3	10	10	10	4	2	4	4	2	4	4	2	4	7083013.0	9006038.0	1.1114356E7	3266839.2	3844496.2	5070001.5	
sp|P53008|CWH41_YEAST	P53008	CWH41_YEAST	CWH41	833	Saccharomyces cerevisiae (strain ATCC 204508 / S288c)	1:Experimental evidence at protein level	Mannosyl-oligosaccharide glucosidase	1.0	0.999	7	16	16	16	6	5	5	6	5	5	6	5	5	3.6293736E7	4.3070504E7	3.5129952E7	7332341.5	7308785.0	6174724.0	
sp|P53011|SEH1_YEAST	P53011	SEH1_YEAST	SEH1	349	Saccharomyces cerevisiae (strain ATCC 204508 / S288c)	1:Experimental evidence at protein level	Nucleoporin SEH1	1.0	0.999	3	4	4	4	2	0	2	2	0	2	2	0	2	1.1471634E7	1.2549301E7	1.4229518E7	6407174.5	6587497.0	7762422.0	
sp|P53039|YIP1_YEAST	P53039	YIP1_YEAST	YIP1	248	Saccharomyces cerevisiae (strain ATCC 204508 / S288c)	1:Experimental evidence at protein level	Protein transport protein YIP1	0.8651	0.9953	1	2	2	2	1	0	1	1	0	1	1	0	1	5801433.5	3860131.2	5357900.0	5801433.5	3860131.2	5357900.0	
sp|P53040|TAF6_YEAST	P53040	TAF6_YEAST	TAF6	516	Saccharomyces cerevisiae (strain ATCC 204508 / S288c)	1:Experimental evidence at protein level	Transcription initiation factor TFIID subunit 6	0.918	0.9836	2	2	2	2	1	1	0	1	1	0	1	1	0	2752230.2	4229766.5	1475530.1	2752230.2	2474692.8	1475530.1	
sp|P53044|UFD1_YEAST	P53044	UFD1_YEAST	UFD1	361	Saccharomyces cerevisiae (strain ATCC 204508 / S288c)	1:Experimental evidence at protein level	Ubiquitin fusion degradation protein 1	1.0	0.999	5	11	11	11	5	4	2	5	4	2	5	4	2	1.725521E7	1.951676E7	1.057625E7	6908743.5	7475555.5	7090812.5	
sp|P53064|RTF1_YEAST	P53064	RTF1_YEAST	RTF1	558	Saccharomyces cerevisiae (strain ATCC 204508 / S288c)	1:Experimental evidence at protein level	RNA polymerase-associated protein RTF1	0.9988	0.9892	3	3	3	3	3	0	0	3	0	0	3	0	0	5726516.5	5154010.5	6350319.5	3375382.0	2977634.0	3723002.0	
sp|P53066|YGZ2_YEAST	P53066	YGZ2_YEAST	YGL242C	181	Saccharomyces cerevisiae (strain ATCC 204508 / S288c)	1:Experimental evidence at protein level	Ankyrin repeat-containing protein YGL242C	1.0	0.999	4	11	11	11	5	3	3	5	3	3	5	3	3	3.717196E7	4.0396912E7	4.2462192E7	1.5387021E7	1.6261009E7	1.7287586E7	
sp|P53075|SHE10_YEAST	P53075	SHE10_YEAST	SHE10	577	Saccharomyces cerevisiae (strain ATCC 204508 / S288c)	1:Experimental evidence at protein level	Outer spore wall assembly protein SHE10	1.0	0.999	11	24	24	24	10	5	9	10	5	9	10	5	9	6.107754E7	5.1568216E7	5.15272E7	1.0111733E7	9236313.0	8454621.0	
sp|P53078|SDT1_YEAST	P53078	SDT1_YEAST	SDT1	280	Saccharomyces cerevisiae (strain ATCC 204508 / S288c)	1:Experimental evidence at protein level	Suppressor of disruption of TFIIS	0.9676	0.999	1	3	3	3	1	1	1	1	1	1	1	1	1	2420998.5	3424421.0	2437598.8	2420998.5	3424421.0	2437598.8	
sp|P53081|NIF3_YEAST	P53081	NIF3_YEAST	NIF3	288	Saccharomyces cerevisiae (strain ATCC 204508 / S288c)	1:Experimental evidence at protein level	NGG1-interacting factor 3	1.0	0.999	5	14	14	14	5	4	5	5	4	5	5	4	5	3.2357834E7	3.4551752E7	3.6682624E7	8771282.0	9878890.0	1.0281067E7	
sp|P53090|ARO8_YEAST	P53090	ARO8_YEAST	ARO8	500	Saccharomyces cerevisiae (strain ATCC 204508 / S288c)	1:Experimental evidence at protein level	Aromatic/aminoadipate aminotransferase 1	1.0	0.999	16	100	100	100	31	34	35	31	34	35	31	34	35	4.34956928E8	4.9796624E8	5.09231936E8	7.0499128E7	7.950808E7	8.3468848E7	
sp|P53107|YRB30_YEAST	P53107	YRB30_YEAST	YRB30	440	Saccharomyces cerevisiae (strain ATCC 204508 / S288c)	1:Experimental evidence at protein level	Ran-specific GTPase-activating protein 30	0.964	0.9989	1	1	1	1	1	0	0	1	0	0	1	0	0	989216.1	0.0	0.0	0.0	0.0	0.0	
sp|P53108|YIP5_YEAST	P53108	YIP5_YEAST	YIP5	310	Saccharomyces cerevisiae (strain ATCC 204508 / S288c)	1:Experimental evidence at protein level	Protein YIP5	0.9663	0.9989	1	1	1	1	1	0	0	1	0	0	1	0	0	2485333.0	1323457.0	3059385.2	2485333.0	1323457.0	3059385.2	
sp|P53110|YGP9_YEAST	P53110	YGP9_YEAST	YGL159W	370	Saccharomyces cerevisiae (strain ATCC 204508 / S288c)	1:Experimental evidence at protein level	Uncharacterized protein YGL159W	0.9682	0.999	1	1	1	1	1	0	0	1	0	0	1	0	0	2408008.8	2522054.5	2624963.5	2408008.8	2522054.5	2624963.5	
sp|P53111|ARI1_YEAST	P53111	ARI1_YEAST	ARI1	347	Saccharomyces cerevisiae (strain ATCC 204508 / S288c)	1:Experimental evidence at protein level	NADPH-dependent aldehyde reductase ARI1	1.0	0.999	5	19	19	19	6	5	8	6	5	8	6	5	8	6.5640236E7	7.1158232E7	6.9387424E7	2.281054E7	2.3836248E7	2.2616298E7	
sp|P53112|PEX14_YEAST	P53112	PEX14_YEAST	PEX14	341	Saccharomyces cerevisiae (strain ATCC 204508 / S288c)	1:Experimental evidence at protein level	Peroxisomal membrane protein PEX14	0.9669	0.999	1	2	2	2	1	0	1	1	0	1	1	0	1	1706955.5	0.0	3524703.0	1706955.5	0.0	3524703.0	
sp|P53128|MTHR2_YEAST	P53128	MTHR2_YEAST	MET13	600	Saccharomyces cerevisiae (strain ATCC 204508 / S288c)	1:Experimental evidence at protein level	Methylenetetrahydrofolate reductase 2	0.9682	0.999	1	4	4	4	2	1	1	2	1	1	2	1	1	3667929.2	5019466.0	7585080.5	3667929.2	5019466.0	7585080.5	
sp|P53131|PRP43_YEAST	P53131	PRP43_YEAST	PRP43	767	Saccharomyces cerevisiae (strain ATCC 204508 / S288c)	1:Experimental evidence at protein level	Pre-mRNA-splicing factor ATP-dependent RNA helicase PRP43	1.0	0.999	4	7	7	7	4	2	1	4	2	1	4	2	1	2.179796E7	2.1307396E7	1.8013884E7	7148691.5	6752742.0	7487823.0	
sp|P53136|NSA1_YEAST	P53136	NSA1_YEAST	NSA1	463	Saccharomyces cerevisiae (strain ATCC 204508 / S288c)	1:Experimental evidence at protein level	Ribosome biogenesis protein NSA1	0.9985	0.9986	3	3	3	3	2	1	0	2	1	0	2	1	0	2815868.8	4449725.0	5473461.5	1677235.9	4449725.0	5473461.5	
sp|P53141|MLC1_YEAST	P53141	MLC1_YEAST	MLC1	149	Saccharomyces cerevisiae (strain ATCC 204508 / S288c)	1:Experimental evidence at protein level	Myosin light chain 1	1.0	0.999	8	47	47	47	17	16	14	17	16	14	17	16	14	1.53042864E8	1.5290464E8	1.68387232E8	4.1247656E7	3.578994E7	3.8971124E7	
sp|P53145|LSG1_YEAST	P53145	LSG1_YEAST	LSG1	640	Saccharomyces cerevisiae (strain ATCC 204508 / S288c)	1:Experimental evidence at protein level	Large subunit GTPase 1	0.9999	0.999	2	6	6	6	2	1	3	2	1	3	2	1	3	5639753.0	8287158.5	8586578.0	3984438.8	5905451.0	6025030.0	
sp|P53152|MMS2_YEAST	P53152	MMS2_YEAST	MMS2	137	Saccharomyces cerevisiae (strain ATCC 204508 / S288c)	1:Experimental evidence at protein level	Ubiquitin-conjugating enzyme variant MMS2	0.9997	0.999	2	9	9	9	3	3	3	3	3	3	3	3	3	2.4373236E7	3.667372E7	3.4762996E7	1.5932702E7	2.3315802E7	2.2943128E7	
sp|P53154|GUP1_YEAST	P53154	GUP1_YEAST	GUP1	560	Saccharomyces cerevisiae (strain ATCC 204508 / S288c)	1:Experimental evidence at protein level	Membrane-bound O-acyltransferase GUP1	0.9999	0.9989	2	4	4	4	1	1	2	1	1	2	1	1	2	1.7954192E7	9696677.0	8181664.0	1.0667386E7	6526786.0	5220406.0	
sp|P53155|YGI2_YEAST	P53155	YGI2_YEAST	YGL082W	381	Saccharomyces cerevisiae (strain ATCC 204508 / S288c)	1:Experimental evidence at protein level	Uncharacterized protein YGL082W	0.9579	0.9987	1	3	3	3	1	1	1	1	1	1	1	1	1	3163216.5	4493113.5	3327403.8	3163216.5	4493113.5	3327403.8	
sp|P53163|MNP1_YEAST	P53163	MNP1_YEAST	MNP1	194	Saccharomyces cerevisiae (strain ATCC 204508 / S288c)	1:Experimental evidence at protein level	54S ribosomal protein L12, mitochondrial	1.0	0.9977	3	10	10	10	3	3	4	3	3	4	3	3	4	2.577108E7	4.412798E7	3.4106744E7	1.5094937E7	1.8420314E7	1.3991774E7	
sp|P53172|SDS23_YEAST	P53172	SDS23_YEAST	SDS23	527	Saccharomyces cerevisiae (strain ATCC 204508 / S288c)	1:Experimental evidence at protein level	Protein SDS23	0.9604	0.9987	1	2	2	2	1	1	0	1	1	0	1	1	0	3298392.5	1120955.2	0.0	3298392.5	1120955.2	0.0	
sp|P53173|ERV14_YEAST	P53173	ERV14_YEAST	ERV14	138	Saccharomyces cerevisiae (strain ATCC 204508 / S288c)	1:Experimental evidence at protein level	ER-derived vesicles protein ERV14	0.9678	0.999	1	7	7	7	3	2	2	3	2	2	3	2	2	2.2507374E7	3.6410988E7	4.3807068E7	2.2507374E7	3.6410988E7	4.3807068E7	
sp|P53178|ALG13_YEAST	P53178	ALG13_YEAST	ALG13	202	Saccharomyces cerevisiae (strain ATCC 204508 / S288c)	1:Experimental evidence at protein level	UDP-N-acetylglucosamine transferase subunit ALG13	0.639	0.9831	1	1	1	1	1	0	0	1	0	0	1	0	0	0.0	0.0	0.0	0.0	0.0	0.0	
sp|P53183|YGD9_YEAST	P53183	YGD9_YEAST	YGL039W	348	Saccharomyces cerevisiae (strain ATCC 204508 / S288c)	1:Experimental evidence at protein level	Putative uncharacterized oxidoreductase YGL039W	1.0	0.999	3	9	9	9	3	3	3	3	3	3	3	3	3	2.1388112E7	2.0046326E7	2.3993112E7	8502059.0	1.154529E7	1.2383638E7	
sp|P53184|PNC1_YEAST	P53184	PNC1_YEAST	PNC1	216	Saccharomyces cerevisiae (strain ATCC 204508 / S288c)	1:Experimental evidence at protein level	Nicotinamidase	1.0	0.999	8	49	49	49	17	16	16	17	16	16	17	16	16	2.02770608E8	2.27987104E8	2.44892624E8	8.1509288E7	8.4053488E7	8.9705664E7	
sp|P53192|GET1_YEAST	P53192	GET1_YEAST	GET1	235	Saccharomyces cerevisiae (strain ATCC 204508 / S288c)	1:Experimental evidence at protein level	Golgi to ER traffic protein 1	0.8296	0.9938	1	3	3	3	1	1	1	1	1	1	1	1	1	7796273.0	8512761.0	7302775.0	7796273.0	8512761.0	7302775.0	
sp|P53193|JAC1_YEAST	P53193	JAC1_YEAST	JAC1	184	Saccharomyces cerevisiae (strain ATCC 204508 / S288c)	1:Experimental evidence at protein level	J-type co-chaperone JAC1, mitochondrial	0.7726	0.9911	1	1	1	1	0	1	0	0	1	0	0	1	0	1821959.0	2705582.2	2293496.0	1821959.0	2705582.2	2293496.0	
sp|P53199|ERG26_YEAST	P53199	ERG26_YEAST	ERG26	349	Saccharomyces cerevisiae (strain ATCC 204508 / S288c)	1:Experimental evidence at protein level	Sterol-4-alpha-carboxylate 3-dehydrogenase ERG26, decarboxylating	1.0	0.9987	6	25	25	25	7	10	8	7	10	8	7	10	8	7.847288E7	6.9710856E7	7.852224E7	2.0088962E7	1.7468848E7	1.9675348E7	
sp|P53200|EFM5_YEAST	P53200	EFM5_YEAST	EFM5	248	Saccharomyces cerevisiae (strain ATCC 204508 / S288c)	1:Experimental evidence at protein level	Protein-lysine N-methyltransferase EFM5	1.0	0.999	3	9	9	9	2	3	4	2	3	4	2	3	4	1.4577234E7	1.6041784E7	1.5882493E7	6279989.5	1.084248E7	1.0654729E7	
sp|P53221|RL26B_YEAST	P53221	RL26B_YEAST	RPL26B	127	Saccharomyces cerevisiae (strain ATCC 204508 / S288c)	1:Experimental evidence at protein level	60S ribosomal protein L26-B	0.9998	0.9989	9	12	12	130	4	3	5	4	3	5	44	41	45	1.03919144E8	3.2603328E7	1.0960012E8	1.03919144E8	3.2603328E7	1.0960012E8	
sp|P53228|TAL2_YEAST	P53228	TAL2_YEAST	NQM1	333	Saccharomyces cerevisiae (strain ATCC 204508 / S288c)	1:Experimental evidence at protein level	Transaldolase NQM1	1.0	0.999	3	3	3	6	1	1	1	1	1	1	2	2	2	1.3073315E7	1.0290201E7	5709751.5	7490573.0	5972591.5	5709751.5	
sp|P53235|EIF2A_YEAST	P53235	EIF2A_YEAST	YGR054W	642	Saccharomyces cerevisiae (strain ATCC 204508 / S288c)	1:Experimental evidence at protein level	Eukaryotic translation initiation factor 2A	1.0	0.999	6	15	15	15	5	5	5	5	5	5	5	5	5	7.0446472E7	8.1031112E7	8.3159968E7	2.8036942E7	2.525063E7	2.4094304E7	
sp|P53250|TWF1_YEAST	P53250	TWF1_YEAST	TWF1	332	Saccharomyces cerevisiae (strain ATCC 204508 / S288c)	1:Experimental evidence at protein level	Twinfilin-1	0.9996	0.999	2	4	4	4	2	1	1	2	1	1	2	1	1	1.5651776E7	1.7550612E7	1.2954088E7	1.1899463E7	1.3880287E7	9525657.0	
sp|P53252|PIL1_YEAST	P53252	PIL1_YEAST	PIL1	339	Saccharomyces cerevisiae (strain ATCC 204508 / S288c)	1:Experimental evidence at protein level	Sphingolipid long chain base-responsive protein PIL1	1.0	0.999	14	147	135	147	49	48	50	45	44	46	49	48	50	6.1455066E8	8.0848454E8	8.1138413E8	1.68589024E8	2.08002624E8	2.05683424E8	
sp|P53254|UTP22_YEAST	P53254	UTP22_YEAST	UTP22	1237	Saccharomyces cerevisiae (strain ATCC 204508 / S288c)	1:Experimental evidence at protein level	U3 small nucleolar RNA-associated protein 22	1.0	0.999	3	10	10	10	4	2	4	4	2	4	4	2	4	9798315.0	1.2578462E7	1.3786966E7	5398424.5	7136695.0	7705787.5	
sp|P53261|PESC_YEAST	P53261	PESC_YEAST	NOP7	605	Saccharomyces cerevisiae (strain ATCC 204508 / S288c)	1:Experimental evidence at protein level	Pescadillo homolog	1.0	0.999	8	14	14	14	6	5	3	6	5	3	6	5	3	3.2390272E7	3.3141974E7	2.9601496E7	6366465.0	6524925.5	5876928.5	
sp|P53265|YG2W_YEAST	P53265	YG2W_YEAST	YGR111W	400	Saccharomyces cerevisiae (strain ATCC 204508 / S288c)	1:Experimental evidence at protein level	Uncharacterized protein YGR111W	0.9977	0.9966	2	2	2	2	1	0	1	1	0	1	1	0	1	1238436.9	1473912.5	1688968.0	1238436.9	1473912.5	1688968.0	
sp|P53276|UTP8_YEAST	P53276	UTP8_YEAST	UTP8	713	Saccharomyces cerevisiae (strain ATCC 204508 / S288c)	1:Experimental evidence at protein level	U3 small nucleolar RNA-associated protein 8	0.9465	0.9983	1	3	3	3	1	1	1	1	1	1	1	1	1	1876854.1	2160529.5	2537102.5	1876854.1	2160529.5	2537102.5	
sp|P53278|YG3A_YEAST	P53278	YG3A_YEAST	YGR130C	816	Saccharomyces cerevisiae (strain ATCC 204508 / S288c)	1:Experimental evidence at protein level	Uncharacterized protein YGR130C	1.0	0.999	8	14	14	14	7	4	3	7	4	3	7	4	3	3.9664136E7	3.8311248E7	3.845284E7	1.2307102E7	1.2749313E7	1.1073152E7	
sp|P53281|LSB1_YEAST	P53281	LSB1_YEAST	LSB1	241	Saccharomyces cerevisiae (strain ATCC 204508 / S288c)	1:Experimental evidence at protein level	LAS seventeen-binding protein 1	1.0	0.999	4	11	11	11	3	4	4	3	4	4	3	4	4	3.4872128E7	3.3426386E7	3.4400312E7	1.5541076E7	1.4042046E7	1.6988678E7	
sp|P53295|RBG2_YEAST	P53295	RBG2_YEAST	RBG2	368	Saccharomyces cerevisiae (strain ATCC 204508 / S288c)	1:Experimental evidence at protein level	Ribosome-interacting GTPase 2	1.0	0.999	4	4	4	4	3	1	0	3	1	0	3	1	0	1.3936418E7	1.3657403E7	1.3011684E7	4783047.5	4767736.5	4139068.5	
sp|P53297|PBP1_YEAST	P53297	PBP1_YEAST	PBP1	722	Saccharomyces cerevisiae (strain ATCC 204508 / S288c)	1:Experimental evidence at protein level	PAB1-binding protein 1	0.9682	0.999	1	2	2	2	0	1	1	0	1	1	0	1	1	2324218.8	4793109.0	4763040.5	2324218.8	4793109.0	4763040.5	
sp|P53299|TIM13_YEAST	P53299	TIM13_YEAST	TIM13	105	Saccharomyces cerevisiae (strain ATCC 204508 / S288c)	1:Experimental evidence at protein level	Mitochondrial import inner membrane translocase subunit TIM13	1.0	0.9989	3	7	7	7	2	3	2	2	3	2	2	3	2	2.3274404E7	2.477504E7	2.551775E7	9324883.0	9719052.0	1.0099428E7	
sp|P53301|CRH1_YEAST	P53301	CRH1_YEAST	CRH1	507	Saccharomyces cerevisiae (strain ATCC 204508 / S288c)	1:Experimental evidence at protein level	Probable glycosidase CRH1	1.0	0.999	7	21	21	21	5	8	8	5	8	8	5	8	8	8.6569448E7	8.4621888E7	7.9881928E7	2.5569774E7	2.3765854E7	2.3684994E7	
sp|P53303|ZPR1_YEAST	P53303	ZPR1_YEAST	ZPR1	486	Saccharomyces cerevisiae (strain ATCC 204508 / S288c)	1:Experimental evidence at protein level	Zinc finger chaperone ZPR1	1.0	0.9989	2	5	5	5	2	1	2	2	1	2	2	1	2	2.0856544E7	4438104.0	1.886114E7	9807342.0	8337542.0	1.0916771E7	
sp|P53312|SUCB_YEAST	P53312	SUCB_YEAST	LSC2	427	Saccharomyces cerevisiae (strain ATCC 204508 / S288c)	1:Experimental evidence at protein level	Succinate--CoA ligase [ADP-forming] subunit beta, mitochondrial	1.0	0.999	8	25	25	25	9	9	7	9	9	7	9	9	7	5.9728824E7	6.0802024E7	6.6525692E7	1.0608914E7	1.1344589E7	1.2060641E7	
sp|P53315|SOL4_YEAST	P53315	SOL4_YEAST	SOL4	255	Saccharomyces cerevisiae (strain ATCC 204508 / S288c)	1:Experimental evidence at protein level	6-phosphogluconolactonase 4	1.0	0.9979	3	6	6	6	3	2	1	3	2	1	3	2	1	1.7185082E7	1.0441112E7	7337925.5	7752578.5	6213227.5	7337925.5	
sp|P53319|6PGD2_YEAST	P53319	6PGD2_YEAST	GND2	492	Saccharomyces cerevisiae (strain ATCC 204508 / S288c)	1:Experimental evidence at protein level	6-phosphogluconate dehydrogenase, decarboxylating 2	0.9879	0.9827	7	3	3	79	0	1	2	0	1	2	26	25	28	0.0	0.0	0.0	0.0	0.0	0.0	
sp|P53330|RT102_YEAST	P53330	RT102_YEAST	RTT102	157	Saccharomyces cerevisiae (strain ATCC 204508 / S288c)	1:Experimental evidence at protein level	Regulator of Ty1 transposition protein 102	0.5359	0.9743	1	1	1	1	0	1	0	0	1	0	0	1	0	0.0	0.0	0.0	0.0	0.0	0.0	
sp|P53332|COAD_YEAST	P53332	COAD_YEAST	CAB4	305	Saccharomyces cerevisiae (strain ATCC 204508 / S288c)	1:Experimental evidence at protein level	Phosphopantetheine adenylyltransferase	0.9677	0.999	1	2	2	2	1	1	0	1	1	0	1	1	0	2284076.0	2784466.5	2306776.2	2284076.0	2784466.5	2306776.2	
sp|P53334|SCW4_YEAST	P53334	SCW4_YEAST	SCW4	386	Saccharomyces cerevisiae (strain ATCC 204508 / S288c)	1:Experimental evidence at protein level	Probable family 17 glucosidase SCW4	0.9189	0.9973	1	3	3	3	1	1	1	1	1	1	1	1	1	5535277.5	7351673.0	5837772.5	5535277.5	7351673.0	5837772.5	
sp|P53337|ERV29_YEAST	P53337	ERV29_YEAST	ERV29	310	Saccharomyces cerevisiae (strain ATCC 204508 / S288c)	1:Experimental evidence at protein level	ER-derived vesicles protein ERV29	1.0	0.999	4	11	11	11	3	3	5	3	3	5	3	3	5	6.5978824E7	4.9322804E7	6.2678624E7	2.6945162E7	2.4794756E7	2.8457188E7	
sp|P53549|PRS10_YEAST	P53549	PRS10_YEAST	RPT4	437	Saccharomyces cerevisiae (strain ATCC 204508 / S288c)	1:Experimental evidence at protein level	26S proteasome subunit RPT4	1.0	0.999	10	22	22	31	6	10	6	6	10	6	9	13	9	4.3338936E7	4.98612E7	4.0276212E7	1.3842712E7	9954121.0	1.3005568E7	
sp|P53550|DCP2_YEAST	P53550	DCP2_YEAST	DCP2	970	Saccharomyces cerevisiae (strain ATCC 204508 / S288c)	1:Experimental evidence at protein level	m7GpppN-mRNA hydrolase	1.0	0.999	6	14	14	14	4	4	6	4	4	6	4	4	6	1.2286624E7	1.5981225E7	1.8543296E7	4500303.0	5158737.0	5646697.0	
sp|P53551|H1_YEAST	P53551	H1_YEAST	HHO1	258	Saccharomyces cerevisiae (strain ATCC 204508 / S288c)	1:Experimental evidence at protein level	Histone H1	1.0	0.999	5	12	12	12	4	4	4	4	4	4	4	4	4	3.0096834E7	3.0299596E7	2.826765E7	1.0346908E7	1.1305809E7	9419356.0	
sp|P53598|SUCA_YEAST	P53598	SUCA_YEAST	LSC1	329	Saccharomyces cerevisiae (strain ATCC 204508 / S288c)	1:Experimental evidence at protein level	Succinate--CoA ligase [ADP-forming] subunit alpha, mitochondrial	1.0	0.999	5	17	17	17	6	6	5	6	6	5	6	6	5	6.8794192E7	5.3071048E7	6.2424552E7	1.713968E7	1.3174972E7	1.6345251E7	
sp|P53600|COPZ_YEAST	P53600	COPZ_YEAST	RET3	189	Saccharomyces cerevisiae (strain ATCC 204508 / S288c)	1:Experimental evidence at protein level	Coatomer subunit zeta	0.9682	0.999	1	1	1	1	1	0	0	1	0	0	1	0	0	6526687.5	0.0	586176.56	6526687.5	0.0	586176.56	
sp|P53617|NRD1_YEAST	P53617	NRD1_YEAST	NRD1	575	Saccharomyces cerevisiae (strain ATCC 204508 / S288c)	1:Experimental evidence at protein level	Protein NRD1	0.8509	0.9947	1	1	1	1	1	0	0	1	0	0	1	0	0	2927555.0	1549472.6	1987148.4	2927555.0	1549472.6	1987148.4	
sp|P53622|COPA_YEAST	P53622	COPA_YEAST	COP1	1201	Saccharomyces cerevisiae (strain ATCC 204508 / S288c)	1:Experimental evidence at protein level	Coatomer subunit alpha	1.0	0.999	26	101	101	101	34	32	35	34	32	35	34	32	35	2.20407584E8	2.25359616E8	2.34164096E8	1.811244E7	1.9120772E7	1.9937918E7	
sp|P53629|ARE2_YEAST	P53629	ARE2_YEAST	ARE2	642	Saccharomyces cerevisiae (strain ATCC 204508 / S288c)	1:Experimental evidence at protein level	Sterol O-acyltransferase 2	1.0	0.999	6	14	14	14	4	7	3	4	7	3	4	7	3	4.1365108E7	2.8583568E7	3.3333024E7	1.1463504E7	9978320.0	1.3106135E7	
sp|P53633|PRA1_YEAST	P53633	PRA1_YEAST	YIP3	176	Saccharomyces cerevisiae (strain ATCC 204508 / S288c)	1:Experimental evidence at protein level	Prenylated Rab acceptor 1	1.0	0.999	3	13	13	13	5	5	3	5	5	3	5	5	3	5.8633472E7	5.1780496E7	5.5553744E7	2.5762446E7	2.0951884E7	2.2606376E7	
sp|P53691|PPID_YEAST	P53691	PPID_YEAST	CPR6	371	Saccharomyces cerevisiae (strain ATCC 204508 / S288c)	1:Experimental evidence at protein level	Peptidyl-prolyl cis-trans isomerase CPR6	1.0	0.999	12	72	72	72	23	25	24	23	25	24	23	25	24	2.71791904E8	2.76351072E8	2.5398144E8	7.7524816E7	7.387324E7	7.8805688E7	
sp|P53723|YN8B_YEAST	P53723	YN8B_YEAST	YNR021W	404	Saccharomyces cerevisiae (strain ATCC 204508 / S288c)	1:Experimental evidence at protein level	UPF0674 endoplasmic reticulum membrane protein YNR021W	1.0	0.999	8	22	22	22	8	6	8	8	6	8	8	6	8	5.9242368E7	5.3286128E7	4.9565616E7	2.2088392E7	1.9983762E7	1.9284042E7	
sp|P53730|ALG12_YEAST	P53730	ALG12_YEAST	ALG12	551	Saccharomyces cerevisiae (strain ATCC 204508 / S288c)	1:Experimental evidence at protein level	Dol-P-Man:Man(7)GlcNAc(2)-PP-Dol alpha-1,6-mannosyltransferase	1.0	0.9982	5	11	11	11	4	3	4	4	3	4	4	3	4	1.9980114E7	1.4147473E7	1.628327E7	7474215.0	5144800.5	5722356.5	
sp|P53731|ARPC2_YEAST	P53731	ARPC2_YEAST	ARC35	342	Saccharomyces cerevisiae (strain ATCC 204508 / S288c)	1:Experimental evidence at protein level	Actin-related protein 2/3 complex subunit 2	1.0	0.999	7	28	28	28	10	9	9	10	9	9	10	9	9	8.6469664E7	8.8391032E7	9.5089984E7	2.941394E7	2.8878632E7	2.9663708E7	
sp|P53738|TR112_YEAST	P53738	TR112_YEAST	TRM112	135	Saccharomyces cerevisiae (strain ATCC 204508 / S288c)	1:Experimental evidence at protein level	Multifunctional methyltransferase subunit TRM112	0.941	0.9981	1	2	2	2	1	1	0	1	1	0	1	1	0	5091607.0	5082696.0	5612281.5	5091607.0	5082696.0	5612281.5	
sp|P53741|BRE5_YEAST	P53741	BRE5_YEAST	BRE5	515	Saccharomyces cerevisiae (strain ATCC 204508 / S288c)	1:Experimental evidence at protein level	UBP3-associated protein BRE5	0.9682	0.999	1	2	2	2	0	1	1	0	1	1	0	1	1	6457605.5	1.4287444E7	1.0038453E7	6457605.5	1.4287444E7	1.0038453E7	
sp|P53753|ENG1_YEAST	P53753	ENG1_YEAST	DSE4	1117	Saccharomyces cerevisiae (strain ATCC 204508 / S288c)	1:Experimental evidence at protein level	Glucan endo-1,3-beta-D-glucosidase 1	0.8582	0.995	1	3	3	3	1	1	1	1	1	1	1	1	1	2911777.5	4341412.0	3338830.2	2911777.5	4341412.0	3338830.2	
sp|P53829|CAF40_YEAST	P53829	CAF40_YEAST	CAF40	373	Saccharomyces cerevisiae (strain ATCC 204508 / S288c)	1:Experimental evidence at protein level	Protein CAF40	0.8618	0.9951	1	1	1	1	0	1	0	0	1	0	0	1	0	0.0	0.0	0.0	0.0	0.0	0.0	
sp|P53834|HCH1_YEAST	P53834	HCH1_YEAST	HCH1	153	Saccharomyces cerevisiae (strain ATCC 204508 / S288c)	1:Experimental evidence at protein level	Hsp90 co-chaperone HCH1	1.0	0.999	6	21	21	21	7	7	7	7	7	7	7	7	7	8.7219296E7	8.2803704E7	9.246224E7	2.198572E7	2.0561448E7	2.3888018E7	
sp|P53839|GOR1_YEAST	P53839	GOR1_YEAST	GOR1	350	Saccharomyces cerevisiae (strain ATCC 204508 / S288c)	1:Experimental evidence at protein level	Glyoxylate reductase 1	1.0	0.999	4	9	9	9	4	2	3	4	2	3	4	2	3	2.0282156E7	2.1209978E7	2.1312436E7	5548667.0	5891280.0	6033981.0	
sp|P53845|YIF1_YEAST	P53845	YIF1_YEAST	YIF1	314	Saccharomyces cerevisiae (strain ATCC 204508 / S288c)	1:Experimental evidence at protein level	Protein transport protein YIF1	0.9999	0.999	2	4	4	4	2	1	1	2	1	1	2	1	1	6029821.0	7841612.5	1.113369E7	4265761.5	4864642.0	8350695.0	
sp|P53849|GIS2_YEAST	P53849	GIS2_YEAST	GIS2	153	Saccharomyces cerevisiae (strain ATCC 204508 / S288c)	1:Experimental evidence at protein level	Zinc finger protein GIS2	1.0	0.999	10	44	44	44	15	15	14	15	15	14	15	15	14	2.20450464E8	2.61036416E8	2.32814896E8	4.8360172E7	5.0288096E7	5.412174E7	
sp|P53852|SYC_YEAST	P53852	SYC_YEAST	YNL247W	767	Saccharomyces cerevisiae (strain ATCC 204508 / S288c)	1:Experimental evidence at protein level	Cysteine--tRNA ligase	1.0	0.999	14	39	39	39	13	12	14	13	12	14	13	12	14	1.15388264E8	1.13909624E8	1.25696144E8	1.7577714E7	1.9518552E7	2.0429648E7	
sp|P53853|VPS75_YEAST	P53853	VPS75_YEAST	VPS75	264	Saccharomyces cerevisiae (strain ATCC 204508 / S288c)	1:Experimental evidence at protein level	Vacuolar protein sorting-associated protein 75	0.9339	0.9978	1	3	3	3	1	1	1	1	1	1	1	1	1	983538.06	1587547.1	1580664.9	983538.06	1587547.1	1580664.9	
sp|P53858|BNI4_YEAST	P53858	BNI4_YEAST	BNI4	892	Saccharomyces cerevisiae (strain ATCC 204508 / S288c)	1:Experimental evidence at protein level	Protein BNI4	0.5315	0.9738	1	4	4	4	2	1	1	2	1	1	2	1	1	2.033542E7	1.0047156E7	1.644657E7	2.033542E7	1.0047156E7	1.644657E7	
sp|P53860|PDR16_YEAST	P53860	PDR16_YEAST	PDR16	351	Saccharomyces cerevisiae (strain ATCC 204508 / S288c)	1:Experimental evidence at protein level	Phosphatidylinositol transfer protein PDR16	1.0	0.999	11	42	42	42	14	14	14	14	14	14	14	14	14	8.192976E7	8.4659152E7	9.3143616E7	1.3598112E7	1.1856215E7	1.1933426E7	
sp|P53868|ALG9_YEAST	P53868	ALG9_YEAST	ALG9	555	Saccharomyces cerevisiae (strain ATCC 204508 / S288c)	1:Experimental evidence at protein level	Alpha-1,2-mannosyltransferase ALG9	0.968	0.999	1	3	3	3	1	1	1	1	1	1	1	1	1	3194647.8	5201043.0	7518323.0	3194647.8	5201043.0	7518323.0	
sp|P53885|MDG1_YEAST	P53885	MDG1_YEAST	MDG1	366	Saccharomyces cerevisiae (strain ATCC 204508 / S288c)	1:Experimental evidence at protein level	Signal transduction protein MDG1	0.9696	0.9919	2	3	3	3	1	1	1	1	1	1	1	1	1	4017882.2	6158266.0	4420846.0	4017882.2	6158266.0	4420846.0	
sp|P53889|FMP41_YEAST	P53889	FMP41_YEAST	FMP41	259	Saccharomyces cerevisiae (strain ATCC 204508 / S288c)	1:Experimental evidence at protein level	Uncharacterized mitochondrial hydrolase FMP41	0.8527	0.9948	1	4	4	4	1	2	1	1	2	1	1	2	1	6157528.5	4920135.5	4787999.5	6157528.5	4920135.5	4787999.5	
sp|P53893|RIA1_YEAST	P53893	RIA1_YEAST	RIA1	1110	Saccharomyces cerevisiae (strain ATCC 204508 / S288c)	1:Experimental evidence at protein level	Ribosome assembly protein 1	0.9974	0.9989	2	3	3	3	2	0	1	2	0	1	2	0	1	3652222.2	0.0	2050962.2	1808363.1	0.0	2359243.5	
sp|P53897|IGO1_YEAST	P53897	IGO1_YEAST	IGO1	168	Saccharomyces cerevisiae (strain ATCC 204508 / S288c)	1:Experimental evidence at protein level	mRNA stability protein IGO1	0.9998	0.9983	2	4	4	4	1	2	1	1	2	1	1	2	1	9787144.0	9626282.0	8797973.0	5645668.0	5582041.5	4882367.0	
sp|P53898|NSG2_YEAST	P53898	NSG2_YEAST	NSG2	299	Saccharomyces cerevisiae (strain ATCC 204508 / S288c)	1:Experimental evidence at protein level	Protein NSG2	0.9833	0.9954	2	3	3	3	1	1	1	1	1	1	1	1	1	6164984.0	6867216.0	6558214.5	3756151.8	4125140.8	4090907.0	
sp|P53900|PFD4_YEAST	P53900	PFD4_YEAST	GIM3	129	Saccharomyces cerevisiae (strain ATCC 204508 / S288c)	1:Experimental evidence at protein level	Prefoldin subunit 4	1.0	0.9986	4	5	5	5	3	2	0	3	2	0	3	2	0	2.178652E7	1.9345422E7	1.2234225E7	7075322.0	7314342.0	6214027.5	
sp|P53903|PGA2_YEAST	P53903	PGA2_YEAST	PGA2	129	Saccharomyces cerevisiae (strain ATCC 204508 / S288c)	1:Experimental evidence at protein level	Processing of GAS1 and ALP protein 2	0.9056	0.9968	1	3	3	3	1	1	1	1	1	1	1	1	1	8952559.0	1.0427089E7	1.0230574E7	8952559.0	1.0427089E7	1.0230574E7	
sp|P53905|LSM7_YEAST	P53905	LSM7_YEAST	LSM7	115	Saccharomyces cerevisiae (strain ATCC 204508 / S288c)	1:Experimental evidence at protein level	U6 snRNA-associated Sm-like protein LSm7	0.9979	0.9928	2	7	7	7	3	2	2	3	2	2	3	2	2	2.056382E7	1.7533502E7	1.922818E7	1.0996432E7	9540399.0	1.044552E7	
sp|P53912|YNN4_YEAST	P53912	YNN4_YEAST	YNL134C	376	Saccharomyces cerevisiae (strain ATCC 204508 / S288c)	1:Experimental evidence at protein level	Uncharacterized protein YNL134C	1.0	0.999	10	92	92	92	31	31	30	31	31	30	31	31	30	3.6690944E8	4.33851776E8	4.32642464E8	8.062764E7	9.8089536E7	8.135952E7	
sp|P53914|NAT10_YEAST	P53914	NAT10_YEAST	KRE33	1056	Saccharomyces cerevisiae (strain ATCC 204508 / S288c)	1:Experimental evidence at protein level	RNA cytidine acetyltransferase	1.0	0.999	2	3	3	3	2	0	1	2	0	1	2	0	1	6059292.0	6456603.5	6408808.0	3352906.8	4328513.0	4256888.5	
sp|P53920|NM111_YEAST	P53920	NM111_YEAST	NMA111	997	Saccharomyces cerevisiae (strain ATCC 204508 / S288c)	1:Experimental evidence at protein level	Pro-apoptotic serine protease NMA111	1.0	0.9974	3	5	5	5	3	2	0	3	2	0	3	2	0	1.444678E7	1.261787E7	1.2436281E7	6513831.5	5250630.0	5008018.0	
sp|P53925|YNL5_YEAST	P53925	YNL5_YEAST	YNL115C	644	Saccharomyces cerevisiae (strain ATCC 204508 / S288c)	1:Experimental evidence at protein level	Uncharacterized vacuolar membrane protein YNL115C	1.0	0.999	3	5	5	5	2	1	2	2	1	2	2	1	2	1.3854926E7	1.3111585E7	1.4908393E7	7298105.5	6678144.0	7429876.5	
sp|P53929|YNK8_YEAST	P53929	YNK8_YEAST	YNL108C	270	Saccharomyces cerevisiae (strain ATCC 204508 / S288c)	1:Experimental evidence at protein level	Uncharacterized protein YNL108C	0.9997	0.999	2	8	8	8	3	2	3	3	2	3	3	2	3	7558353.0	1.0761262E7	1.2026801E7	5252391.5	7439531.0	8313942.0	
sp|P53946|ARP5_YEAST	P53946	ARP5_YEAST	ARP5	755	Saccharomyces cerevisiae (strain ATCC 204508 / S288c)	1:Experimental evidence at protein level	Actin-related protein 5	0.9986	0.9987	2	3	3	3	2	1	0	2	1	0	2	1	0	0.0	8737837.0	0.0	0.0	0.0	0.0	
sp|P53953|SFB2_YEAST	P53953	SFB2_YEAST	SFB2	876	Saccharomyces cerevisiae (strain ATCC 204508 / S288c)	1:Experimental evidence at protein level	SED5-binding protein 2	0.997	0.9988	2	4	4	4	1	2	1	1	2	1	1	2	1	1148073.9	3099394.8	2447004.2	1148073.9	1728609.1	1363172.1	
sp|P53960|YNE0_YEAST	P53960	YNE0_YEAST	YNL040W	456	Saccharomyces cerevisiae (strain ATCC 204508 / S288c)	1:Experimental evidence at protein level	Putative alanyl-tRNA editing protein alaX	0.9999	0.9989	2	2	2	2	1	1	0	1	1	0	1	1	0	2288293.2	3211956.5	3709462.5	1240999.0	1764494.4	2036149.0	
sp|P53981|PYP1_YEAST	P53981	PYP1_YEAST	PYP1	241	Saccharomyces cerevisiae (strain ATCC 204508 / S288c)	1:Experimental evidence at protein level	Polyol phosphate phosphatase PYP1	1.0	0.999	9	39	39	39	13	13	13	13	13	13	13	13	13	1.63564736E8	1.3637832E8	1.41344144E8	5.0719272E7	4.1843036E7	4.2407564E7	
sp|P54000|SUB1_YEAST	P54000	SUB1_YEAST	SUB1	292	Saccharomyces cerevisiae (strain ATCC 204508 / S288c)	1:Experimental evidence at protein level	RNA polymerase II transcriptional coactivator SUB1	1.0	0.9984	3	8	8	8	3	3	2	3	3	2	3	3	2	2.2731808E7	1.3934338E7	1.6733198E7	1.1650998E7	8636836.0	1.0154309E7	
sp|P54003|SUR7_YEAST	P54003	SUR7_YEAST	SUR7	302	Saccharomyces cerevisiae (strain ATCC 204508 / S288c)	1:Experimental evidence at protein level	Protein SUR7	0.9599	0.9987	1	1	1	1	0	1	0	0	1	0	0	1	0	2455764.2	5990151.5	6732101.0	2455764.2	5990151.5	6732101.0	
sp|P54113|PUR91_YEAST	P54113	PUR91_YEAST	ADE16	591	Saccharomyces cerevisiae (strain ATCC 204508 / S288c)	1:Experimental evidence at protein level	Bifunctional purine biosynthesis protein ADE16	1.0	0.999	19	52	52	125	17	18	17	17	18	17	39	45	41	1.29330688E8	1.34348448E8	1.38006896E8	1.9680926E7	2.0325788E7	2.0152208E7	
sp|P54115|ALDH6_YEAST	P54115	ALDH6_YEAST	ALD6	500	Saccharomyces cerevisiae (strain ATCC 204508 / S288c)	1:Experimental evidence at protein level	Magnesium-activated aldehyde dehydrogenase, cytosolic	1.0	0.999	22	303	303	303	96	102	105	96	102	105	96	102	105	2.1513943E9	2.20154982E9	2.09783475E9	2.40232416E8	2.12071648E8	2.23314256E8	
sp|P54730|UBX4_YEAST	P54730	UBX4_YEAST	UBX4	416	Saccharomyces cerevisiae (strain ATCC 204508 / S288c)	1:Experimental evidence at protein level	UBX domain-containing protein 4	0.9647	0.9989	1	3	3	3	1	1	1	1	1	1	1	1	1	3658377.5	5782134.5	5449318.5	3658377.5	5782134.5	5449318.5	
sp|P54781|ERG5_YEAST	P54781	ERG5_YEAST	ERG5	538	Saccharomyces cerevisiae (strain ATCC 204508 / S288c)	1:Experimental evidence at protein level	C-22 sterol desaturase ERG5	0.5899	0.9792	1	2	2	2	1	0	1	1	0	1	1	0	1	1970371.9	0.0	2536450.2	1970371.9	0.0	2536450.2	
sp|P54783|ALO_YEAST	P54783	ALO_YEAST	ALO1	526	Saccharomyces cerevisiae (strain ATCC 204508 / S288c)	1:Experimental evidence at protein level	D-arabinono-1,4-lactone oxidase	1.0	0.999	8	22	22	22	7	8	7	7	8	7	7	8	7	7.8861016E7	7.0988024E7	6.992104E7	1.7664884E7	1.4933203E7	1.6379924E7	
sp|P54837|TMEDA_YEAST	P54837	TMEDA_YEAST	ERV25	211	Saccharomyces cerevisiae (strain ATCC 204508 / S288c)	1:Experimental evidence at protein level	Endoplasmic reticulum vesicle protein 25	1.0	0.9989	4	14	14	14	5	5	4	5	5	4	5	5	4	4.027492E7	2.6465852E7	2.729252E7	1.5978614E7	1.5214028E7	1.3514166E7	
sp|P54838|DAK1_YEAST	P54838	DAK1_YEAST	DAK1	584	Saccharomyces cerevisiae (strain ATCC 204508 / S288c)	1:Experimental evidence at protein level	Dihydroxyacetone kinase 1	1.0	0.999	15	86	86	86	26	30	30	26	30	30	26	30	30	4.17183392E8	2.71209632E8	3.87785088E8	9.1954896E7	8.4219344E7	8.80642E7	
sp|P54839|ERG13_YEAST	P54839	ERG13_YEAST	ERG13	491	Saccharomyces cerevisiae (strain ATCC 204508 / S288c)	1:Experimental evidence at protein level	Hydroxymethylglutaryl-CoA synthase	1.0	0.999	13	95	95	95	28	32	35	28	32	35	28	32	35	3.40092224E8	2.90741728E8	3.39487232E8	5.4287808E7	4.9330628E7	5.3818968E7	
sp|P54858|DOS2_YEAST	P54858	DOS2_YEAST	DOS2	310	Saccharomyces cerevisiae (strain ATCC 204508 / S288c)	1:Experimental evidence at protein level	Protein DOS2	1.0	0.999	3	4	4	4	3	0	1	3	0	1	3	0	1	1.0074498E7	4086431.0	8730431.0	3922629.0	3175591.0	3999465.8	
sp|P54860|UFD2_YEAST	P54860	UFD2_YEAST	UFD2	961	Saccharomyces cerevisiae (strain ATCC 204508 / S288c)	1:Experimental evidence at protein level	E4 ubiquitin-protein ligase UFD2	1.0	0.999	10	20	19	20	6	8	6	6	8	5	6	8	6	3.3052648E7	6.2979452E7	4.062672E7	1.4404271E7	1.6098159E7	1.8107864E7	
sp|P54861|DNM1_YEAST	P54861	DNM1_YEAST	DNM1	757	Saccharomyces cerevisiae (strain ATCC 204508 / S288c)	1:Experimental evidence at protein level	Dynamin-related protein DNM1	1.0	0.999	5	6	6	6	5	0	1	5	0	1	5	0	1	1.6724114E7	1.5323162E7	1.4569862E7	4378075.5	4108689.0	4142658.0	
sp|P54885|PROA_YEAST	P54885	PROA_YEAST	PRO2	456	Saccharomyces cerevisiae (strain ATCC 204508 / S288c)	1:Experimental evidence at protein level	Gamma-glutamyl phosphate reductase	1.0	0.999	13	69	69	69	21	25	23	21	25	23	21	25	23	2.29697504E8	2.18897312E8	2.04778256E8	3.045096E7	2.8734588E7	3.0457338E7	
sp|P54964|ORN_YEAST	P54964	ORN_YEAST	REX2	269	Saccharomyces cerevisiae (strain ATCC 204508 / S288c)	1:Experimental evidence at protein level	Oligoribonuclease, mitochondrial	0.9993	0.9989	2	2	2	2	0	0	2	0	0	2	0	0	2	8497012.0	9938687.0	6707728.0	5960294.0	7207700.0	5306601.5	
sp|P57743|LSM3_YEAST	P57743	LSM3_YEAST	LSM3	89	Saccharomyces cerevisiae (strain ATCC 204508 / S288c)	1:Experimental evidence at protein level	U6 snRNA-associated Sm-like protein LSm3	0.6869	0.9863	1	3	3	3	1	1	1	1	1	1	1	1	1	7019850.0	5523339.0	5402655.5	7019850.0	5523339.0	5402655.5	
sp|P57744|TIM8_YEAST	P57744	TIM8_YEAST	TIM8	87	Saccharomyces cerevisiae (strain ATCC 204508 / S288c)	1:Experimental evidence at protein level	Mitochondrial import inner membrane translocase subunit TIM8	0.9998	0.9989	2	5	5	5	2	1	2	2	1	2	2	1	2	1.6508934E7	1.2737773E7	1.3972028E7	8907645.0	6975706.0	7655911.0	
sp|P60010|ACT_YEAST	P60010	ACT_YEAST	ACT1	375	Saccharomyces cerevisiae (strain ATCC 204508 / S288c)	1:Experimental evidence at protein level	Actin	1.0	0.999	16	374	374	374	120	125	129	120	125	129	120	125	129	3.98003302E9	4.27296512E9	4.3953029E9	8.6554854E8	9.4014464E8	9.3377555E8	
sp|P61830|H3_YEAST	P61830	H3_YEAST	HHT1	136	Saccharomyces cerevisiae (strain ATCC 204508 / S288c)	1:Experimental evidence at protein level	Histone H3	0.9955	0.9975	2	4	4	4	1	1	2	1	1	2	1	1	2	1.5383522E7	1.8677612E7	1.3518885E7	1.5383522E7	1.8677612E7	1.3518885E7	
sp|P69771|DID2_YEAST	P69771	DID2_YEAST	DID2	204	Saccharomyces cerevisiae (strain ATCC 204508 / S288c)	1:Experimental evidence at protein level	Vacuolar protein-sorting-associated protein 46	1.0	0.9989	3	6	6	6	3	1	2	3	1	2	3	1	2	1.6887522E7	1.6647557E7	1.717305E7	7237525.0	6616411.0	6927819.0	
sp|P80210|PURA_YEAST	P80210	PURA_YEAST	ADE12	433	Saccharomyces cerevisiae (strain ATCC 204508 / S288c)	1:Experimental evidence at protein level	Adenylosuccinate synthetase	1.0	0.999	12	103	103	103	36	35	32	36	35	32	36	35	32	3.01369856E8	3.08413344E8	3.10173376E8	5.447988E7	5.4714464E7	5.4589148E7	
sp|P80967|TOM5_YEAST	P80967	TOM5_YEAST	TOM5	50	Saccharomyces cerevisiae (strain ATCC 204508 / S288c)	1:Experimental evidence at protein level	Mitochondrial import receptor subunit TOM5	1.0	0.999	2	5	5	5	2	2	1	2	2	1	2	2	1	1.0319575E7	1.1097906E7	7714101.0	8501986.0	8282213.5	7714101.0	
sp|P87108|TIM10_YEAST	P87108	TIM10_YEAST	TIM10	93	Saccharomyces cerevisiae (strain ATCC 204508 / S288c)	1:Experimental evidence at protein level	Mitochondrial import inner membrane translocase subunit TIM10	1.0	0.999	3	11	11	11	3	4	4	3	4	4	3	4	4	3.7864852E7	2.9493726E7	3.527876E7	2.0003468E7	1.4866366E7	2.0418302E7	
sp|P89105|CTR9_YEAST	P89105	CTR9_YEAST	CTR9	1077	Saccharomyces cerevisiae (strain ATCC 204508 / S288c)	1:Experimental evidence at protein level	RNA polymerase-associated protein CTR9	1.0	0.999	4	8	8	8	4	1	3	4	1	3	4	1	3	4726238.0	5323980.5	6027064.5	1699603.8	2107652.8	2274595.0	
sp|P89886|TMA20_YEAST	P89886	TMA20_YEAST	TMA20	181	Saccharomyces cerevisiae (strain ATCC 204508 / S288c)	1:Experimental evidence at protein level	Translation machinery-associated protein 20	1.0	0.999	4	20	20	20	8	6	6	8	6	6	8	6	6	4.6489564E7	4.6385488E7	4.9496592E7	1.738774E7	2.0925996E7	2.2543898E7	
sp|Q00055|GPD1_YEAST	Q00055	GPD1_YEAST	GPD1	391	Saccharomyces cerevisiae (strain ATCC 204508 / S288c)	1:Experimental evidence at protein level	Glycerol-3-phosphate dehydrogenase [NAD(+)] 1	1.0	0.999	13	94	87	94	31	32	31	29	29	29	31	32	31	6.1867226E8	5.5067315E8	5.7943341E8	1.22074832E8	1.18278976E8	1.11670824E8	
sp|Q00245|RHO3_YEAST	Q00245	RHO3_YEAST	RHO3	231	Saccharomyces cerevisiae (strain ATCC 204508 / S288c)	1:Experimental evidence at protein level	GTP-binding protein RHO3	1.0	0.999	6	22	19	22	6	7	9	5	6	8	6	7	9	2.9961572E7	4.7607264E7	5.4445656E7	1.4280106E7	1.2577706E7	1.5889115E7	
sp|Q00362|2ABA_YEAST	Q00362	2ABA_YEAST	CDC55	526	Saccharomyces cerevisiae (strain ATCC 204508 / S288c)	1:Experimental evidence at protein level	Protein phosphatase PP2A regulatory subunit B	0.8761	0.9743	1	3	3	3	1	1	1	1	1	1	1	1	1	2065854.1	2129554.2	2206854.5	2065854.1	2129554.2	2206854.5	
sp|Q00402|NUM1_YEAST	Q00402	NUM1_YEAST	NUM1	2748	Saccharomyces cerevisiae (strain ATCC 204508 / S288c)	1:Experimental evidence at protein level	Nuclear migration protein NUM1	1.0	0.999	3	8	8	8	2	2	4	2	2	4	2	2	4	2.6124784E7	2.9925204E7	3.1296894E7	1.0924009E7	1.2839693E7	1.3131732E7	
sp|Q00684|CDC14_YEAST	Q00684	CDC14_YEAST	CDC14	551	Saccharomyces cerevisiae (strain ATCC 204508 / S288c)	1:Experimental evidence at protein level	Tyrosine-protein phosphatase CDC14	0.9474	0.9983	1	1	1	1	0	1	0	0	1	0	0	1	0	0.0	0.0	0.0	0.0	0.0	0.0	
sp|Q00711|SDHA_YEAST	Q00711	SDHA_YEAST	SDH1	640	Saccharomyces cerevisiae (strain ATCC 204508 / S288c)	1:Experimental evidence at protein level	Succinate dehydrogenase [ubiquinone] flavoprotein subunit, mitochondrial	0.9998	0.999	2	2	2	2	1	0	1	1	0	1	1	0	1	7332303.5	5698964.5	7546994.0	4891492.0	3968047.8	5441523.5	
sp|Q00764|TPS1_YEAST	Q00764	TPS1_YEAST	TPS1	495	Saccharomyces cerevisiae (strain ATCC 204508 / S288c)	1:Experimental evidence at protein level	Alpha,alpha-trehalose-phosphate synthase [UDP-forming] 56 kDa subunit	1.0	0.999	11	102	102	102	33	34	35	33	34	35	33	34	35	4.05848832E8	3.49120832E8	4.01427648E8	7.970588E7	7.5507448E7	8.1302008E7	
sp|Q00772|SLT2_YEAST	Q00772	SLT2_YEAST	SLT2	484	Saccharomyces cerevisiae (strain ATCC 204508 / S288c)	1:Experimental evidence at protein level	Mitogen-activated protein kinase SLT2/MPK1	0.9999	0.9989	3	5	5	8	2	0	3	2	0	3	2	1	5	6421841.0	6477419.0	7820368.0	3836162.5	3886523.5	4687947.0	
sp|Q00816|REG1_YEAST	Q00816	REG1_YEAST	REG1	1014	Saccharomyces cerevisiae (strain ATCC 204508 / S288c)	1:Experimental evidence at protein level	Resistance to glucose repression protein 1	0.9662	0.9989	1	1	1	1	1	0	0	1	0	0	1	0	0	3239134.5	2169218.8	1863807.8	3239134.5	2169218.8	1863807.8	
sp|Q00873|CYT2_YEAST	Q00873	CYT2_YEAST	CYT2	224	Saccharomyces cerevisiae (strain ATCC 204508 / S288c)	1:Experimental evidence at protein level	Holocytochrome-c1 synthase	0.9944	0.9989	1	1	1	1	1	0	0	1	0	0	1	0	0	2535371.0	0.0	0.0	0.0	0.0	0.0	
sp|Q00955|ACAC_YEAST	Q00955	ACAC_YEAST	ACC1	2233	Saccharomyces cerevisiae (strain ATCC 204508 / S288c)	1:Experimental evidence at protein level	Acetyl-CoA carboxylase	1.0	0.999	72	364	350	364	124	121	119	120	116	114	124	121	119	1.17660058E9	1.23860826E9	1.2709641E9	7.5624736E7	7.5106064E7	8.2640864E7	
sp|Q01080|RPA49_YEAST	Q01080	RPA49_YEAST	RPA49	415	Saccharomyces cerevisiae (strain ATCC 204508 / S288c)	1:Experimental evidence at protein level	DNA-directed RNA polymerase I subunit RPA49	0.9999	0.999	2	4	4	4	2	1	1	2	1	1	2	1	1	1.0153569E7	6616483.0	6972701.0	5927851.0	3769615.2	4019533.8	
sp|Q01454|CTF4_YEAST	Q01454	CTF4_YEAST	CTF4	927	Saccharomyces cerevisiae (strain ATCC 204508 / S288c)	1:Experimental evidence at protein level	DNA polymerase alpha-binding protein	0.9367	0.9979	1	1	1	1	1	0	0	1	0	0	1	0	0	1624314.9	1908488.8	1836706.5	1624314.9	1908488.8	1836706.5	
sp|Q01476|UBP2_YEAST	Q01476	UBP2_YEAST	UBP2	1272	Saccharomyces cerevisiae (strain ATCC 204508 / S288c)	1:Experimental evidence at protein level	Ubiquitin carboxyl-terminal hydrolase 2	1.0	0.999	2	7	7	7	2	3	2	2	3	2	2	3	2	8181336.0	9145402.0	8553217.0	4812539.0	5113774.5	4988002.5	
sp|Q01477|UBP3_YEAST	Q01477	UBP3_YEAST	UBP3	912	Saccharomyces cerevisiae (strain ATCC 204508 / S288c)	1:Experimental evidence at protein level	Ubiquitin carboxyl-terminal hydrolase 3	1.0	0.9989	2	6	6	6	2	2	2	2	2	2	2	2	2	8482832.0	1.015653E7	1.0409269E7	4664901.0	5752483.0	5885065.0	
sp|Q01532|BLH1_YEAST	Q01532	BLH1_YEAST	LAP3	483	Saccharomyces cerevisiae (strain ATCC 204508 / S288c)	1:Experimental evidence at protein level	Cysteine proteinase 1, mitochondrial	1.0	0.999	4	12	12	12	4	4	4	4	4	4	4	4	4	3.3384864E7	3.0950488E7	3.9037508E7	1.3547775E7	1.3288085E7	1.49659E7	
sp|Q01560|NOP3_YEAST	Q01560	NOP3_YEAST	NPL3	414	Saccharomyces cerevisiae (strain ATCC 204508 / S288c)	1:Experimental evidence at protein level	Serine/arginine (SR)-type shuttling mRNA binding protein NPL3	1.0	0.999	8	53	53	53	17	18	18	17	18	18	17	18	18	2.02821888E8	1.90690816E8	1.76097424E8	4.5756928E7	4.5060324E7	4.1608072E7	
sp|Q01574|ACS1_YEAST	Q01574	ACS1_YEAST	ACS1	713	Saccharomyces cerevisiae (strain ATCC 204508 / S288c)	1:Experimental evidence at protein level	Acetyl-coenzyme A synthetase 1	0.9946	0.999	2	1	1	10	1	0	0	1	0	0	3	4	3	5618475.5	4721135.0	4160272.8	5618475.5	4721135.0	4160272.8	
sp|Q01662|MAP1_YEAST	Q01662	MAP1_YEAST	MAP1	387	Saccharomyces cerevisiae (strain ATCC 204508 / S288c)	1:Experimental evidence at protein level	Methionine aminopeptidase 1	1.0	0.999	5	29	29	29	9	13	7	9	13	7	9	13	7	8.3799544E7	9.0226776E7	8.876196E7	2.55654E7	2.5010376E7	2.8342504E7	
sp|Q01852|TIM44_YEAST	Q01852	TIM44_YEAST	TIM44	431	Saccharomyces cerevisiae (strain ATCC 204508 / S288c)	1:Experimental evidence at protein level	Mitochondrial import inner membrane translocase subunit TIM44	1.0	0.999	8	19	19	19	10	6	3	10	6	3	10	6	3	5.4534116E7	5.0817836E7	5.0372424E7	1.4501682E7	1.5011734E7	1.5382164E7	
sp|Q01855|RS15_YEAST	Q01855	RS15_YEAST	RPS15	142	Saccharomyces cerevisiae (strain ATCC 204508 / S288c)	1:Experimental evidence at protein level	40S ribosomal protein S15	1.0	0.999	4	39	39	39	11	13	15	11	13	15	11	13	15	1.14849485E9	1.24320038E9	1.015048E9	7.5618995E8	8.1645837E8	7.4459629E8	
sp|Q01939|PRS8_YEAST	Q01939	PRS8_YEAST	RPT6	405	Saccharomyces cerevisiae (strain ATCC 204508 / S288c)	1:Experimental evidence at protein level	26S proteasome regulatory subunit 8 homolog	1.0	0.999	11	47	38	47	16	14	17	13	11	14	16	14	17	8.5786248E7	1.0333064E8	9.48546E7	2.4511258E7	2.628766E7	2.2059278E7	
sp|Q01976|ADPP_YEAST	Q01976	ADPP_YEAST	YSA1	231	Saccharomyces cerevisiae (strain ATCC 204508 / S288c)	1:Experimental evidence at protein level	ADP-ribose pyrophosphatase	1.0	0.999	4	10	10	10	4	3	3	4	3	3	4	3	3	3.9801428E7	2.148246E7	2.834647E7	1.3981914E7	9636680.0	1.1729347E7	
sp|Q02046|MTD1_YEAST	Q02046	MTD1_YEAST	MTD1	320	Saccharomyces cerevisiae (strain ATCC 204508 / S288c)	1:Experimental evidence at protein level	Methylenetetrahydrofolate dehydrogenase [NAD(+)]	1.0	0.999	7	30	30	30	10	12	8	10	12	8	10	12	8	4.8407472E7	5.9462E7	6.1323076E7	1.5418922E7	1.4721984E7	1.763215E7	
sp|Q02196|KAPS_YEAST	Q02196	KAPS_YEAST	MET14	202	Saccharomyces cerevisiae (strain ATCC 204508 / S288c)	1:Experimental evidence at protein level	Adenylyl-sulfate kinase	0.9982	0.999	2	4	4	4	2	1	1	2	1	1	2	1	1	1.264571E7	9558290.0	1.081512E7	9786067.0	7522094.0	8108660.5	
sp|Q02199|NUP49_YEAST	Q02199	NUP49_YEAST	NUP49	472	Saccharomyces cerevisiae (strain ATCC 204508 / S288c)	1:Experimental evidence at protein level	Nucleoporin NUP49/NSP49	0.7046	0.9874	1	1	1	1	0	0	1	0	0	1	0	0	1	3454004.8	2897738.0	2737255.5	3454004.8	2897738.0	2737255.5	
sp|Q02201|OSH6_YEAST	Q02201	OSH6_YEAST	OSH6	448	Saccharomyces cerevisiae (strain ATCC 204508 / S288c)	1:Experimental evidence at protein level	Oxysterol-binding protein homolog 6	0.9895	0.9974	3	2	2	7	1	0	1	1	0	1	3	2	2	6974534.0	3490684.2	6724193.0	3752481.0	3490684.2	3730330.2	
sp|Q02206|RSC4_YEAST	Q02206	RSC4_YEAST	RSC4	625	Saccharomyces cerevisiae (strain ATCC 204508 / S288c)	1:Experimental evidence at protein level	Chromatin structure-remodeling complex subunit RSC4	0.8618	0.9951	1	1	1	1	1	0	0	1	0	0	1	0	0	394200.56	3474422.8	2847806.5	394200.56	3474422.8	2847806.5	
sp|Q02256|PVH1_YEAST	Q02256	PVH1_YEAST	YVH1	364	Saccharomyces cerevisiae (strain ATCC 204508 / S288c)	1:Experimental evidence at protein level	Tyrosine-protein phosphatase YVH1	0.761	0.9905	1	1	1	1	0	0	1	0	0	1	0	0	1	0.0	0.0	2733133.5	0.0	0.0	0.0	
sp|Q02326|RL6A_YEAST	Q02326	RL6A_YEAST	RPL6A	176	Saccharomyces cerevisiae (strain ATCC 204508 / S288c)	1:Experimental evidence at protein level	60S ribosomal protein L6-A	1.0	0.999	11	160	85	160	51	47	62	28	25	32	51	47	62	9.6491155E8	1.03729562E9	8.2807315E8	2.813752E8	3.03584352E8	2.55659136E8	
sp|Q02455|MLP1_YEAST	Q02455	MLP1_YEAST	MLP1	1875	Saccharomyces cerevisiae (strain ATCC 204508 / S288c)	1:Experimental evidence at protein level	Protein MLP1	0.992	0.998	2	2	2	2	0	2	0	0	2	0	0	2	0	2565238.2	4788213.5	4967496.5	2565238.2	4788213.5	4967496.5	
sp|Q02486|ABF2_YEAST	Q02486	ABF2_YEAST	ABF2	183	Saccharomyces cerevisiae (strain ATCC 204508 / S288c)	1:Experimental evidence at protein level	ARS-binding factor 2, mitochondrial	1.0	0.999	7	22	22	22	7	7	8	7	7	8	7	7	8	7.0991328E7	8.6190648E7	8.1797848E7	2.3235056E7	2.413553E7	2.1118954E7	
sp|Q02642|NACB1_YEAST	Q02642	NACB1_YEAST	EGD1	157	Saccharomyces cerevisiae (strain ATCC 204508 / S288c)	1:Experimental evidence at protein level	Nascent polypeptide-associated complex subunit beta-1	0.6407	0.9832	1	7	7	7	2	2	3	2	2	3	2	2	3	1.05811848E8	1.04106744E8	7.9449288E7	1.05811848E8	1.04106744E8	7.9449288E7	
sp|Q02647|DYL1_YEAST	Q02647	DYL1_YEAST	DYN2	92	Saccharomyces cerevisiae (strain ATCC 204508 / S288c)	1:Experimental evidence at protein level	Dynein light chain 1, cytoplasmic	0.7122	0.9878	1	2	2	2	1	1	0	1	1	0	1	1	0	7891707.0	6217697.5	8226280.5	7891707.0	6217697.5	8226280.5	
sp|Q02725|VTC3_YEAST	Q02725	VTC3_YEAST	VTC3	835	Saccharomyces cerevisiae (strain ATCC 204508 / S288c)	1:Experimental evidence at protein level	Vacuolar transporter chaperone 3 complex subunit 3	1.0	0.999	20	62	53	62	22	19	21	19	16	18	22	19	21	1.76325536E8	1.73224272E8	1.88483472E8	3.0453208E7	2.9709988E7	2.9169136E7	
sp|Q02753|RL21A_YEAST	Q02753	RL21A_YEAST	RPL21A	160	Saccharomyces cerevisiae (strain ATCC 204508 / S288c)	1:Experimental evidence at protein level	60S ribosomal protein L21-A	0.9993	0.999	8	29	29	121	8	10	11	8	10	11	36	40	45	2.0454726E7	1.6441829E7	1.5566336E7	2.0454726E7	1.6441829E7	1.5566336E7	
sp|Q02774|SHR3_YEAST	Q02774	SHR3_YEAST	SHR3	210	Saccharomyces cerevisiae (strain ATCC 204508 / S288c)	1:Experimental evidence at protein level	Secretory component protein SHR3	0.8901	0.9962	1	3	3	3	1	1	1	1	1	1	1	1	1	8619692.0	9025506.0	1.0011513E7	8619692.0	9025506.0	1.0011513E7	
sp|Q02776|TIM50_YEAST	Q02776	TIM50_YEAST	TIM50	476	Saccharomyces cerevisiae (strain ATCC 204508 / S288c)	1:Experimental evidence at protein level	Mitochondrial import inner membrane translocase subunit TIM50	1.0	0.999	7	29	29	29	9	11	9	9	11	9	9	11	9	5.5193368E7	7.0026992E7	6.3796864E7	1.4135525E7	1.895761E7	1.688375E7	
sp|Q02793|SKI8_YEAST	Q02793	SKI8_YEAST	SKI8	397	Saccharomyces cerevisiae (strain ATCC 204508 / S288c)	1:Experimental evidence at protein level	Antiviral protein SKI8	0.8912	0.9963	1	1	1	1	0	0	1	0	0	1	0	0	1	0.0	0.0	0.0	0.0	0.0	0.0	
sp|Q02795|OSTD_YEAST	Q02795	OSTD_YEAST	SWP1	286	Saccharomyces cerevisiae (strain ATCC 204508 / S288c)	1:Experimental evidence at protein level	Dolichyl-diphosphooligosaccharide--protein glycosyltransferase subunit SWP1	0.9999	0.9987	2	4	4	4	2	1	1	2	1	1	2	1	1	2.3984562E7	2.5603544E7	2.800044E7	1.6365065E7	1.7958534E7	1.942245E7	
sp|Q02821|IMA1_YEAST	Q02821	IMA1_YEAST	SRP1	542	Saccharomyces cerevisiae (strain ATCC 204508 / S288c)	1:Experimental evidence at protein level	Importin subunit alpha	1.0	0.999	9	33	33	33	11	12	10	11	12	10	11	12	10	9.5724608E7	9.5802752E7	7.1265488E7	1.7181568E7	1.6981974E7	1.4379727E7	
sp|Q02889|MGR2_YEAST	Q02889	MGR2_YEAST	MGR2	113	Saccharomyces cerevisiae (strain ATCC 204508 / S288c)	1:Experimental evidence at protein level	Protein MGR2	0.9682	0.999	1	2	2	2	0	1	1	0	1	1	0	1	1	3351534.8	3596515.0	5377821.0	3351534.8	3596515.0	5377821.0	
sp|Q02892|NOG1_YEAST	Q02892	NOG1_YEAST	NOG1	647	Saccharomyces cerevisiae (strain ATCC 204508 / S288c)	1:Experimental evidence at protein level	Nucleolar GTP-binding protein 1	0.9999	0.9988	2	3	3	3	1	2	0	1	2	0	1	2	0	4701641.5	4290516.0	5924640.0	2952021.5	2630251.5	3963766.2	
sp|Q02931|UTP17_YEAST	Q02931	UTP17_YEAST	NAN1	896	Saccharomyces cerevisiae (strain ATCC 204508 / S288c)	1:Experimental evidence at protein level	NET1-associated nuclear protein 1	0.9428	0.9982	1	2	2	2	1	0	1	1	0	1	1	0	1	1662191.2	2074354.5	1961730.8	1662191.2	2074354.5	1961730.8	
sp|Q02933|RNY1_YEAST	Q02933	RNY1_YEAST	RNY1	434	Saccharomyces cerevisiae (strain ATCC 204508 / S288c)	1:Experimental evidence at protein level	Ribonuclease T2-like	0.8849	0.996	1	1	1	1	0	0	1	0	0	1	0	0	1	1062666.0	919888.0	1449865.4	1062666.0	919888.0	1449865.4	
sp|Q02948|BECN1_YEAST	Q02948	BECN1_YEAST	VPS30	557	Saccharomyces cerevisiae (strain ATCC 204508 / S288c)	1:Experimental evidence at protein level	Vacuolar protein sorting-associated protein 30	0.927	0.9745	2	16	16	16	6	6	4	6	6	4	6	6	4	6.3354216E7	5.3909032E7	5.420714E7	6.3354216E7	5.375808E7	5.420714E7	
sp|Q02961|YP113_YEAST	Q02961	YP113_YEAST	YPL113C	396	Saccharomyces cerevisiae (strain ATCC 204508 / S288c)	2:Experimental evidence at transcript level	Putative 2-hydroxyacid dehydrogenase YPL113C	0.7172	0.9881	1	2	2	2	0	1	1	0	1	1	0	1	1	0.0	0.0	0.0	0.0	0.0	0.0	
sp|Q03034|FDC1_YEAST	Q03034	FDC1_YEAST	FDC1	503	Saccharomyces cerevisiae (strain ATCC 204508 / S288c)	1:Experimental evidence at protein level	Ferulic acid decarboxylase 1	0.9993	0.999	3	6	6	6	2	2	2	2	2	2	2	2	2	5576692.0	6241674.0	6862593.0	3250492.8	3694869.8	3889724.8	
sp|Q03048|COFI_YEAST	Q03048	COFI_YEAST	COF1	143	Saccharomyces cerevisiae (strain ATCC 204508 / S288c)	1:Experimental evidence at protein level	Cofilin	1.0	0.999	5	78	78	78	25	27	26	25	27	26	25	27	26	6.2063898E8	7.2084685E8	8.5437613E8	2.52443216E8	3.11031552E8	2.9840848E8	
sp|Q03088|SVL3_YEAST	Q03088	SVL3_YEAST	SVL3	825	Saccharomyces cerevisiae (strain ATCC 204508 / S288c)	1:Experimental evidence at protein level	Styryl dye vacuolar localization protein 3	0.9612	0.9988	1	2	2	2	1	1	0	1	1	0	1	1	0	7605280.0	5934354.0	0.0	7605280.0	5934354.0	0.0	
sp|Q03102|YMN1_YEAST	Q03102	YMN1_YEAST	YML131W	365	Saccharomyces cerevisiae (strain ATCC 204508 / S288c)	1:Experimental evidence at protein level	Uncharacterized membrane protein YML131W	1.0	0.999	5	11	11	11	5	2	4	5	2	4	5	2	4	1.8637126E7	1.4320614E7	1.8883392E7	6893415.0	6250625.5	7023893.5	
sp|Q03103|ERO1_YEAST	Q03103	ERO1_YEAST	ERO1	563	Saccharomyces cerevisiae (strain ATCC 204508 / S288c)	1:Experimental evidence at protein level	Endoplasmic oxidoreductin-1	1.0	0.999	6	14	14	14	5	5	4	5	5	4	5	5	4	1.7069186E7	1.9207456E7	1.6523101E7	5095591.5	6086243.5	5064550.5	
sp|Q03104|MSC1_YEAST	Q03104	MSC1_YEAST	MSC1	513	Saccharomyces cerevisiae (strain ATCC 204508 / S288c)	1:Experimental evidence at protein level	Meiotic sister chromatid recombination protein 1	1.0	0.999	10	37	37	37	12	13	12	12	13	12	12	13	12	1.07139472E8	1.00375968E8	1.15632088E8	2.2304182E7	1.942348E7	2.2191258E7	
sp|Q03124|RSC9_YEAST	Q03124	RSC9_YEAST	RSC9	581	Saccharomyces cerevisiae (strain ATCC 204508 / S288c)	1:Experimental evidence at protein level	Chromatin structure-remodeling complex subunit RSC9	0.9998	0.9987	2	6	6	6	2	2	2	2	2	2	2	2	2	4549707.0	5924027.0	7997810.0	2867569.5	3744508.8	4746266.0	
sp|Q03148|SNZ1_YEAST	Q03148	SNZ1_YEAST	SNZ1	297	Saccharomyces cerevisiae (strain ATCC 204508 / S288c)	1:Experimental evidence at protein level	Pyridoxal 5'-phosphate synthase subunit SNZ1	1.0	0.999	7	25	15	25	9	7	9	5	5	5	9	7	9	7.6726128E7	6.9180224E7	6.0091172E7	1.8939944E7	1.6447581E7	1.5961681E7	
sp|Q03161|YMY9_YEAST	Q03161	YMY9_YEAST	YMR099C	297	Saccharomyces cerevisiae (strain ATCC 204508 / S288c)	1:Experimental evidence at protein level	Glucose-6-phosphate 1-epimerase	1.0	0.999	14	59	59	59	17	21	21	17	21	21	17	21	21	2.21626528E8	2.22342096E8	2.33836704E8	3.7292976E7	3.5249496E7	3.5975168E7	
sp|Q03195|RLI1_YEAST	Q03195	RLI1_YEAST	RLI1	608	Saccharomyces cerevisiae (strain ATCC 204508 / S288c)	1:Experimental evidence at protein level	Translation initiation factor RLI1	1.0	0.999	16	43	43	43	18	14	11	18	14	11	18	14	11	1.24859928E8	1.06864408E8	9.8946384E7	1.5148594E7	1.3764581E7	1.5041503E7	
sp|Q03214|ECM5_YEAST	Q03214	ECM5_YEAST	ECM5	1411	Saccharomyces cerevisiae (strain ATCC 204508 / S288c)	1:Experimental evidence at protein level	Protein ECM5	0.983	0.9959	1	2	2	2	1	0	1	1	0	1	1	0	1	0.0	0.0	0.0	0.0	0.0	0.0	
sp|Q03219|YM44_YEAST	Q03219	YM44_YEAST	YMR178W	274	Saccharomyces cerevisiae (strain ATCC 204508 / S288c)	1:Experimental evidence at protein level	Uncharacterized protein YMR178W	1.0	0.999	2	6	6	6	2	2	2	2	2	2	2	2	2	1.3141732E7	1.0900586E7	1.082856E7	7387032.0	6331309.5	6212778.5	
sp|Q03254|FCP1_YEAST	Q03254	FCP1_YEAST	FCP1	732	Saccharomyces cerevisiae (strain ATCC 204508 / S288c)	1:Experimental evidence at protein level	RNA polymerase II subunit A C-terminal domain phosphatase	0.9987	0.9988	2	3	3	3	2	1	0	2	1	0	2	1	0	5557805.0	6248964.0	5896759.5	5557805.0	6248964.0	5896759.5	
sp|Q03262|PGM3_YEAST	Q03262	PGM3_YEAST	PRM15	622	Saccharomyces cerevisiae (strain ATCC 204508 / S288c)	1:Experimental evidence at protein level	Phosphoribomutase	1.0	0.999	2	7	7	7	3	2	2	3	2	2	3	2	2	8784760.0	9442440.0	1.0125888E7	5371924.5	6286525.5	6419477.5	
sp|Q03280|TOM1_YEAST	Q03280	TOM1_YEAST	TOM1	3268	Saccharomyces cerevisiae (strain ATCC 204508 / S288c)	1:Experimental evidence at protein level	E3 ubiquitin-protein ligase TOM1	0.9997	0.9984	2	4	4	4	1	3	0	1	3	0	1	3	0	4458847.0	9818937.0	8641794.0	4965802.5	5751032.0	4530385.5	
sp|Q03337|TRS31_YEAST	Q03337	TRS31_YEAST	TRS31	283	Saccharomyces cerevisiae (strain ATCC 204508 / S288c)	1:Experimental evidence at protein level	Trafficking protein particle complex subunit 31	0.8876	0.9962	1	2	2	2	1	1	0	1	1	0	1	1	0	720516.94	1250806.5	1100199.0	720516.94	1250806.5	1100199.0	
sp|Q03362|YD476_YEAST	Q03362	YD476_YEAST	YDR476C	224	Saccharomyces cerevisiae (strain ATCC 204508 / S288c)	1:Experimental evidence at protein level	Uncharacterized protein YDR476C	0.9999	0.999	2	9	9	9	3	3	3	3	3	3	3	3	3	1.7412882E7	1.9073286E7	1.8957024E7	1.21796E7	1.5295275E7	1.6055723E7	
sp|Q03516|RSN1_YEAST	Q03516	RSN1_YEAST	RSN1	953	Saccharomyces cerevisiae (strain ATCC 204508 / S288c)	1:Experimental evidence at protein level	Uncharacterized protein RSN1	0.9567	0.9986	1	2	2	2	1	0	1	1	0	1	1	0	1	2545491.5	2945342.2	3420288.5	2545491.5	2945342.2	3420288.5	
sp|Q03529|SCS7_YEAST	Q03529	SCS7_YEAST	SCS7	384	Saccharomyces cerevisiae (strain ATCC 204508 / S288c)	1:Experimental evidence at protein level	Ceramide very long chain fatty acid hydroxylase SCS7	1.0	0.999	5	12	12	12	4	4	4	4	4	4	4	4	4	5.6479416E7	4.7504748E7	4.5005968E7	1.6070332E7	1.45165E7	1.4338556E7	
sp|Q03532|HAS1_YEAST	Q03532	HAS1_YEAST	HAS1	505	Saccharomyces cerevisiae (strain ATCC 204508 / S288c)	1:Experimental evidence at protein level	ATP-dependent RNA helicase HAS1	1.0	0.9989	5	10	10	10	3	5	2	3	5	2	3	5	2	2.715534E7	2.706938E7	2.5829528E7	7765534.0	7759374.0	6832509.5	
sp|Q03533|TDA1_YEAST	Q03533	TDA1_YEAST	TDA1	586	Saccharomyces cerevisiae (strain ATCC 204508 / S288c)	1:Experimental evidence at protein level	Serine/threonine-protein kinase TDA1	0.5924	0.9794	1	1	1	1	0	0	1	0	0	1	0	0	1	3267450.5	2995873.2	3686344.8	3267450.5	2995873.2	3686344.8	
sp|Q03558|OYE2_YEAST	Q03558	OYE2_YEAST	OYE2	400	Saccharomyces cerevisiae (strain ATCC 204508 / S288c)	1:Experimental evidence at protein level	NADPH dehydrogenase 2	1.0	0.999	18	212	186	212	70	70	72	62	62	62	70	70	72	1.02599072E9	1.07371091E9	1.06438784E9	1.82139344E8	1.82515728E8	1.92346864E8	
sp|Q03559|YM8V_YEAST	Q03559	YM8V_YEAST	YMR295C	197	Saccharomyces cerevisiae (strain ATCC 204508 / S288c)	1:Experimental evidence at protein level	Uncharacterized protein YMR295C	1.0	0.999	2	6	6	6	2	2	2	2	2	2	2	2	2	6368945.0	1.2060628E7	1.3241702E7	4102030.2	7275503.0	8626632.0	
sp|Q03579|LIP1_YEAST	Q03579	LIP1_YEAST	LIP1	150	Saccharomyces cerevisiae (strain ATCC 204508 / S288c)	1:Experimental evidence at protein level	Ceramide synthase subunit LIP1	0.9995	0.9979	1	2	2	2	0	0	2	0	0	2	0	0	2	7575190.0	1.0308574E7	8551994.0	4645045.0	5926487.5	5180962.5	
sp|Q03629|YMH9_YEAST	Q03629	YMH9_YEAST	YML079W	201	Saccharomyces cerevisiae (strain ATCC 204508 / S288c)	1:Experimental evidence at protein level	Uncharacterized protein YML079W	1.0	0.999	2	5	5	5	2	1	2	2	1	2	2	1	2	9019397.0	9162242.0	1.3291656E7	5099876.5	6251544.0	9201588.0	
sp|Q03640|TCB3_YEAST	Q03640	TCB3_YEAST	TCB3	1545	Saccharomyces cerevisiae (strain ATCC 204508 / S288c)	1:Experimental evidence at protein level	Tricalbin-3	1.0	0.999	18	50	50	50	18	16	16	18	16	16	18	16	16	1.41725408E8	1.15798768E8	1.23403456E8	1.4128575E7	1.2275824E7	1.2794305E7	
sp|Q03655|GAS3_YEAST	Q03655	GAS3_YEAST	GAS3	524	Saccharomyces cerevisiae (strain ATCC 204508 / S288c)	1:Experimental evidence at protein level	Probable 1,3-beta-glucanosyltransferase GAS3	1.0	0.999	3	6	6	6	2	1	3	2	1	3	2	1	3	7285526.0	1.551395E7	2.2870208E7	5836810.0	8992182.0	1.5596217E7	
sp|Q03667|MIX17_YEAST	Q03667	MIX17_YEAST	MIX17	156	Saccharomyces cerevisiae (strain ATCC 204508 / S288c)	1:Experimental evidence at protein level	Mitochondrial intermembrane space cysteine motif-containing protein MIX17	1.0	0.999	3	9	9	9	2	2	5	2	2	5	2	2	5	2.1280814E7	2.9679556E7	3.3783764E7	8372578.5	1.2208241E7	1.2560667E7	
sp|Q03690|CLU_YEAST	Q03690	CLU_YEAST	CLU1	1277	Saccharomyces cerevisiae (strain ATCC 204508 / S288c)	1:Experimental evidence at protein level	Clustered mitochondria protein 1	1.0	0.999	28	109	109	109	36	36	37	36	36	37	36	36	37	3.48611776E8	3.20222304E8	3.19332448E8	3.7105776E7	3.2240644E7	3.708378E7	
sp|Q03768|GIR2_YEAST	Q03768	GIR2_YEAST	GIR2	265	Saccharomyces cerevisiae (strain ATCC 204508 / S288c)	1:Experimental evidence at protein level	Protein GIR2	0.8826	0.996	1	1	1	1	0	1	0	0	1	0	0	1	0	785727.3	1420191.2	1439605.9	785727.3	1420191.2	1439605.9	
sp|Q03769|ENT5_YEAST	Q03769	ENT5_YEAST	ENT5	411	Saccharomyces cerevisiae (strain ATCC 204508 / S288c)	1:Experimental evidence at protein level	Epsin-5	0.9675	0.999	1	1	1	1	0	0	1	0	0	1	0	0	1	3158663.0	5030762.0	5637951.5	3158663.0	5030762.0	5637951.5	
sp|Q03774|TRM82_YEAST	Q03774	TRM82_YEAST	TRM82	444	Saccharomyces cerevisiae (strain ATCC 204508 / S288c)	1:Experimental evidence at protein level	tRNA (guanine-N(7)-)-methyltransferase non-catalytic subunit TRM82	0.9995	0.9982	2	4	4	4	2	1	1	2	1	1	2	1	1	2292292.0	1810475.0	1877375.1	1341160.5	1810475.0	1877375.1	
sp|Q03778|RIFK_YEAST	Q03778	RIFK_YEAST	FMN1	218	Saccharomyces cerevisiae (strain ATCC 204508 / S288c)	1:Experimental evidence at protein level	Riboflavin kinase	0.9502	0.9984	1	1	1	1	1	0	0	1	0	0	1	0	0	5966593.5	4030743.5	3112246.0	5966593.5	4030743.5	3112246.0	
sp|Q03786|GNTK_YEAST	Q03786	GNTK_YEAST	YDR248C	193	Saccharomyces cerevisiae (strain ATCC 204508 / S288c)	1:Experimental evidence at protein level	Probable gluconokinase	0.8474	0.9945	1	1	1	1	1	0	0	1	0	0	1	0	0	6182676.5	6622773.5	6072020.5	6182676.5	6622773.5	6072020.5	
sp|Q03834|MSH6_YEAST	Q03834	MSH6_YEAST	MSH6	1242	Saccharomyces cerevisiae (strain ATCC 204508 / S288c)	1:Experimental evidence at protein level	DNA mismatch repair protein MSH6	0.9958	0.9986	2	4	4	4	2	1	1	2	1	1	2	1	1	757002.0	860388.7	1018762.6	757002.0	860388.7	1018762.6	
sp|Q03862|ARX1_YEAST	Q03862	ARX1_YEAST	ARX1	593	Saccharomyces cerevisiae (strain ATCC 204508 / S288c)	1:Experimental evidence at protein level	Probable metalloprotease ARX1	1.0	0.999	4	8	8	8	3	2	3	3	2	3	3	2	3	2.384445E7	1.7086756E7	1.9033548E7	1.1469923E7	9701428.0	8414875.0	
sp|Q03940|RUVB1_YEAST	Q03940	RUVB1_YEAST	RVB1	463	Saccharomyces cerevisiae (strain ATCC 204508 / S288c)	1:Experimental evidence at protein level	RuvB-like protein 1	1.0	0.999	10	32	32	32	11	11	10	11	11	10	11	11	10	8.1249776E7	9.0392512E7	8.0264496E7	1.4673877E7	1.5104195E7	1.5914485E7	
sp|Q03973|HMO1_YEAST	Q03973	HMO1_YEAST	HMO1	246	Saccharomyces cerevisiae (strain ATCC 204508 / S288c)	1:Experimental evidence at protein level	High mobility group protein 1	1.0	0.999	5	18	18	18	6	5	7	6	5	7	6	5	7	8.3257536E7	7.2175776E7	7.126504E7	2.8187506E7	2.9522464E7	3.2353646E7	
sp|Q04062|RPN9_YEAST	Q04062	RPN9_YEAST	RPN9	393	Saccharomyces cerevisiae (strain ATCC 204508 / S288c)	1:Experimental evidence at protein level	26S proteasome regulatory subunit RPN9	1.0	0.999	13	52	52	52	18	18	16	18	18	16	18	18	16	1.58164688E8	1.61026112E8	1.6482424E8	2.1686648E7	2.2875556E7	2.399363E7	
sp|Q04067|EIF3G_YEAST	Q04067	EIF3G_YEAST	TIF35	274	Saccharomyces cerevisiae (strain ATCC 204508 / S288c)	1:Experimental evidence at protein level	Eukaryotic translation initiation factor 3 subunit G	1.0	0.999	6	18	18	18	7	6	5	7	6	5	7	6	5	6.0927276E7	6.9442256E7	6.248016E7	2.0664012E7	2.6731942E7	2.4459926E7	
sp|Q04119|PPN1_YEAST	Q04119	PPN1_YEAST	PPN1	674	Saccharomyces cerevisiae (strain ATCC 204508 / S288c)	1:Experimental evidence at protein level	Endopolyphosphatase	0.9515	0.9984	1	1	1	1	1	0	0	1	0	0	1	0	0	2235376.0	4161995.2	3430083.2	2235376.0	4161995.2	3430083.2	
sp|Q04170|YD391_YEAST	Q04170	YD391_YEAST	YDR391C	232	Saccharomyces cerevisiae (strain ATCC 204508 / S288c)	1:Experimental evidence at protein level	Uncharacterized protein YDR391C	1.0	0.999	4	11	11	11	4	4	3	4	4	3	4	4	3	1.5304711E7	2.1736946E7	2.5504512E7	6078293.0	7529405.5	9334539.0	
sp|Q04175|SXM1_YEAST	Q04175	SXM1_YEAST	SXM1	944	Saccharomyces cerevisiae (strain ATCC 204508 / S288c)	1:Experimental evidence at protein level	Importin beta SMX1	1.0	0.999	4	7	7	7	3	2	2	3	2	2	3	2	2	2.0041506E7	1.3325148E7	1.5501956E7	8432594.0	7353413.5	8693120.0	
sp|Q04178|HPRT_YEAST	Q04178	HPRT_YEAST	HPT1	221	Saccharomyces cerevisiae (strain ATCC 204508 / S288c)	1:Experimental evidence at protein level	Hypoxanthine-guanine phosphoribosyltransferase	1.0	0.999	5	13	13	13	5	3	5	5	3	5	5	3	5	7.2016928E7	6.9325272E7	7.1707464E7	3.8339696E7	3.1652944E7	3.692408E7	
sp|Q04182|PDR15_YEAST	Q04182	PDR15_YEAST	PDR15	1529	Saccharomyces cerevisiae (strain ATCC 204508 / S288c)	1:Experimental evidence at protein level	ATP-dependent permease PDR15	0.9998	0.9986	10	2	2	31	0	1	1	0	1	1	7	12	12	0.0	4413928.5	2951436.0	0.0	4413928.5	2951436.0	
sp|Q04225|RRB1_YEAST	Q04225	RRB1_YEAST	RRB1	511	Saccharomyces cerevisiae (strain ATCC 204508 / S288c)	1:Experimental evidence at protein level	Ribosome assembly protein RRB1	1.0	0.999	5	8	8	8	3	2	3	3	2	3	3	2	3	2.58362E7	2.6203386E7	3.2793216E7	8199921.5	1.0160725E7	1.3810563E7	
sp|Q04228|UBX2_YEAST	Q04228	UBX2_YEAST	UBX2	584	Saccharomyces cerevisiae (strain ATCC 204508 / S288c)	1:Experimental evidence at protein level	UBX domain-containing protein 2	0.6917	0.9866	1	1	1	1	0	1	0	0	1	0	0	1	0	4225463.0	5347983.0	6933221.0	4225463.0	5347983.0	6933221.0	
sp|Q04304|YMY0_YEAST	Q04304	YMY0_YEAST	YMR090W	227	Saccharomyces cerevisiae (strain ATCC 204508 / S288c)	1:Experimental evidence at protein level	UPF0659 protein YMR090W	0.9998	0.999	2	2	2	2	2	0	0	2	0	0	2	0	0	1.1854786E7	1.0605533E7	1.1034488E7	6602343.5	5858534.5	6102659.5	
sp|Q04336|YM54_YEAST	Q04336	YM54_YEAST	YMR196W	1088	Saccharomyces cerevisiae (strain ATCC 204508 / S288c)	1:Experimental evidence at protein level	Uncharacterized protein YMR196W	1.0	0.999	8	21	21	21	8	6	7	8	6	7	8	6	7	3.9691308E7	4.676716E7	3.8843172E7	1.1495439E7	1.2657592E7	1.1348084E7	
sp|Q04344|HNT1_YEAST	Q04344	HNT1_YEAST	HNT1	158	Saccharomyces cerevisiae (strain ATCC 204508 / S288c)	1:Experimental evidence at protein level	Adenosine 5'-monophosphoramidase HNT1	1.0	0.999	3	23	23	23	7	9	7	7	9	7	7	9	7	6.1770744E7	7.9971568E7	7.4099184E7	2.6987288E7	3.5579744E7	3.266532E7	
sp|Q04371|ARMT1_YEAST	Q04371	ARMT1_YEAST	YMR027W	470	Saccharomyces cerevisiae (strain ATCC 204508 / S288c)	1:Experimental evidence at protein level	Damage-control phosphatase YMR027W	1.0	0.999	7	24	24	24	8	9	7	8	9	7	8	9	7	5.1777456E7	5.2252368E7	5.2226988E7	1.0192599E7	1.0169938E7	9811104.0	
sp|Q04373|PUF6_YEAST	Q04373	PUF6_YEAST	PUF6	656	Saccharomyces cerevisiae (strain ATCC 204508 / S288c)	1:Experimental evidence at protein level	Pumilio homology domain family member 6	0.9997	0.9978	2	5	5	5	2	1	2	2	1	2	2	1	2	7896979.0	6831476.0	7943578.5	4982515.5	4231293.0	4603039.5	
sp|Q04409|EMI2_YEAST	Q04409	EMI2_YEAST	EMI2	500	Saccharomyces cerevisiae (strain ATCC 204508 / S288c)	1:Experimental evidence at protein level	Putative glucokinase-2	1.0	0.999	15	54	54	54	19	19	16	19	19	16	19	19	16	1.92668592E8	1.63868016E8	1.72055536E8	2.557834E7	2.1892906E7	2.3305192E7	
sp|Q04410|GRH1_YEAST	Q04410	GRH1_YEAST	GRH1	372	Saccharomyces cerevisiae (strain ATCC 204508 / S288c)	1:Experimental evidence at protein level	GRASP65 homolog protein 1	1.0	0.999	4	7	7	7	3	1	3	3	1	3	3	1	3	1.2643124E7	1.2349971E7	1.4541322E7	5361407.5	5396873.5	5712540.0	
sp|Q04438|SPG4_YEAST	Q04438	SPG4_YEAST	SPG4	115	Saccharomyces cerevisiae (strain ATCC 204508 / S288c)	1:Experimental evidence at protein level	Stationary phase protein 4	1.0	0.999	3	8	8	8	4	2	2	4	2	2	4	2	2	2.6585008E7	2.6559024E7	3.2063324E7	9351402.0	8650100.0	1.0659407E7	
sp|Q04439|MYO5_YEAST	Q04439	MYO5_YEAST	MYO5	1219	Saccharomyces cerevisiae (strain ATCC 204508 / S288c)	1:Experimental evidence at protein level	Myosin-5	1.0	0.999	5	7	5	7	3	3	1	3	2	0	3	3	1	2.3175644E7	1.43321904E8	1.5787135E7	1.9552822E7	2.1559314E7	1.8546696E7	
sp|Q04458|HFD1_YEAST	Q04458	HFD1_YEAST	HFD1	532	Saccharomyces cerevisiae (strain ATCC 204508 / S288c)	1:Experimental evidence at protein level	Fatty aldehyde dehydrogenase HFD1	1.0	0.999	8	16	16	16	8	5	3	8	5	3	8	5	3	3.2585014E7	3.4197056E7	3.4670412E7	7405259.5	7836612.5	8639362.0	
sp|Q04491|SEC13_YEAST	Q04491	SEC13_YEAST	SEC13	297	Saccharomyces cerevisiae (strain ATCC 204508 / S288c)	1:Experimental evidence at protein level	Protein transport protein SEC13	1.0	0.999	13	80	80	80	26	25	29	26	25	29	26	25	29	2.03441376E8	2.01514352E8	2.35933568E8	3.9176512E7	3.7954524E7	4.056928E7	
sp|Q04493|PFD5_YEAST	Q04493	PFD5_YEAST	GIM5	163	Saccharomyces cerevisiae (strain ATCC 204508 / S288c)	1:Experimental evidence at protein level	Prefoldin subunit 5	1.0	0.9989	2	2	2	2	1	0	1	1	0	1	1	0	1	1.2452947E7	9061290.0	1.0033329E7	8178159.5	6121818.5	6884067.5	
sp|Q04636|POB3_YEAST	Q04636	POB3_YEAST	POB3	552	Saccharomyces cerevisiae (strain ATCC 204508 / S288c)	1:Experimental evidence at protein level	FACT complex subunit POB3	1.0	0.999	7	15	15	15	6	5	4	6	5	4	6	5	4	4.7355144E7	3.4511284E7	4.5176924E7	9183236.0	7732163.5	8516119.0	
sp|Q04651|ERV41_YEAST	Q04651	ERV41_YEAST	ERV41	352	Saccharomyces cerevisiae (strain ATCC 204508 / S288c)	1:Experimental evidence at protein level	ER-derived vesicles protein ERV41	0.9996	0.9978	2	3	3	3	2	1	0	2	1	0	2	1	0	4528834.5	4269690.5	0.0	4528834.5	4269690.5	0.0	
sp|Q04660|ERB1_YEAST	Q04660	ERB1_YEAST	ERB1	807	Saccharomyces cerevisiae (strain ATCC 204508 / S288c)	1:Experimental evidence at protein level	Ribosome biogenesis protein ERB1	0.9382	0.998	1	2	2	2	0	1	1	0	1	1	0	1	1	2774804.0	2775407.8	3618715.5	2774804.0	2775407.8	3618715.5	
sp|Q04693|RSE1_YEAST	Q04693	RSE1_YEAST	RSE1	1361	Saccharomyces cerevisiae (strain ATCC 204508 / S288c)	1:Experimental evidence at protein level	Pre-mRNA-splicing factor RSE1	0.8077	0.9928	1	2	2	2	1	0	1	1	0	1	1	0	1	1.8695608E7	1.3170073E7	622067.6	1.8695608E7	1.3170073E7	622067.6	
sp|Q04697|GSF2_YEAST	Q04697	GSF2_YEAST	GSF2	403	Saccharomyces cerevisiae (strain ATCC 204508 / S288c)	1:Experimental evidence at protein level	Glucose-signaling factor 2	1.0	0.999	10	47	47	47	14	15	18	14	15	18	14	15	18	1.21516256E8	9.9985896E7	1.19947904E8	2.514036E7	2.2540336E7	2.34571E7	
sp|Q04728|ARGJ_YEAST	Q04728	ARGJ_YEAST	ARG7	441	Saccharomyces cerevisiae (strain ATCC 204508 / S288c)	1:Experimental evidence at protein level	Arginine biosynthesis bifunctional protein ArgJ, mitochondrial	0.9991	0.9986	2	2	2	2	2	0	0	2	0	0	2	0	0	6568719.0	3147035.0	2309851.8	3251242.5	3208760.5	2355157.0	
sp|Q04767|TVP18_YEAST	Q04767	TVP18_YEAST	TVP18	167	Saccharomyces cerevisiae (strain ATCC 204508 / S288c)	1:Experimental evidence at protein level	Golgi apparatus membrane protein TVP18	1.0	0.999	2	5	5	5	2	2	1	2	2	1	2	2	1	3.295744E7	3.1722062E7	3.386054E7	3.076341E7	2.566333E7	2.6847482E7	
sp|Q04773|YMW4_YEAST	Q04773	YMW4_YEAST	YMR074C	145	Saccharomyces cerevisiae (strain ATCC 204508 / S288c)	1:Experimental evidence at protein level	Uncharacterized protein YMR074C	0.9998	0.9975	2	6	6	6	2	2	2	2	2	2	2	2	2	1.5100563E7	1.5904325E7	1.6814656E7	8607724.0	9255472.0	9771245.0	
sp|Q04792|DCE_YEAST	Q04792	DCE_YEAST	GAD1	585	Saccharomyces cerevisiae (strain ATCC 204508 / S288c)	1:Experimental evidence at protein level	Glutamate decarboxylase	1.0	0.9989	4	6	6	6	2	1	3	2	1	3	2	1	3	1.3719601E7	1.7609532E7	1.7663972E7	7271314.5	8007693.5	7778234.5	
sp|Q04869|YM94_YEAST	Q04869	YM94_YEAST	YMR315W	349	Saccharomyces cerevisiae (strain ATCC 204508 / S288c)	1:Experimental evidence at protein level	Uncharacterized protein YMR315W	1.0	0.999	13	46	46	46	15	17	14	15	17	14	15	17	14	1.6081824E8	1.69214496E8	1.80466208E8	3.0245144E7	3.067534E7	3.0110118E7	
sp|Q04894|ADH6_YEAST	Q04894	ADH6_YEAST	ADH6	360	Saccharomyces cerevisiae (strain ATCC 204508 / S288c)	1:Experimental evidence at protein level	NADP-dependent alcohol dehydrogenase 6	1.0	0.999	9	62	62	62	21	21	20	21	21	20	21	21	20	1.77194384E8	1.91816736E8	1.7251976E8	4.4048984E7	3.8910304E7	3.9942372E7	
sp|Q04947|RTN1_YEAST	Q04947	RTN1_YEAST	RTN1	295	Saccharomyces cerevisiae (strain ATCC 204508 / S288c)	1:Experimental evidence at protein level	Reticulon-like protein 1	1.0	0.999	12	63	63	63	24	19	20	24	19	20	24	19	20	3.57307072E8	3.32365824E8	3.66476512E8	9.821844E7	9.7017184E7	1.04513752E8	
sp|Q04964|SML1_YEAST	Q04964	SML1_YEAST	SML1	104	Saccharomyces cerevisiae (strain ATCC 204508 / S288c)	1:Experimental evidence at protein level	Ribonucleotide reductase inhibitor protein SML1	0.9998	0.9988	2	4	4	4	1	1	2	1	1	2	1	1	2	7221684.5	8821113.0	8745276.0	4588645.5	5629077.5	5670212.5	
sp|Q04969|SPC2_YEAST	Q04969	SPC2_YEAST	SPC2	178	Saccharomyces cerevisiae (strain ATCC 204508 / S288c)	1:Experimental evidence at protein level	Signal peptidase complex subunit 2	0.9999	0.9988	2	4	4	4	2	1	1	2	1	1	2	1	1	9936147.0	1.4542893E7	1.4312992E7	6226144.0	9351226.0	9008675.0	
sp|Q05016|YM71_YEAST	Q05016	YM71_YEAST	YMR226C	267	Saccharomyces cerevisiae (strain ATCC 204508 / S288c)	1:Experimental evidence at protein level	NADP-dependent 3-hydroxy acid dehydrogenase	1.0	0.999	8	31	31	31	11	9	11	11	9	11	11	9	11	1.20904448E8	1.17292264E8	1.27453144E8	3.8345524E7	3.9450244E7	4.4287524E7	
sp|Q05022|RRP5_YEAST	Q05022	RRP5_YEAST	RRP5	1729	Saccharomyces cerevisiae (strain ATCC 204508 / S288c)	1:Experimental evidence at protein level	rRNA biogenesis protein RRP5	1.0	0.999	25	52	52	52	21	16	15	21	16	15	21	16	15	1.61963456E8	1.24614856E8	1.27100344E8	1.4638476E7	1.2940467E7	1.2787458E7	
sp|Q05024|TRI1_YEAST	Q05024	TRI1_YEAST	TRI1	226	Saccharomyces cerevisiae (strain ATCC 204508 / S288c)	1:Experimental evidence at protein level	Protein TRI1	0.8655	0.9953	1	3	3	3	1	1	1	1	1	1	1	1	1	0.0	0.0	479436.03	0.0	0.0	0.0	
sp|Q05029|BCH1_YEAST	Q05029	BCH1_YEAST	BCH1	724	Saccharomyces cerevisiae (strain ATCC 204508 / S288c)	1:Experimental evidence at protein level	Protein BCH1	0.7873	0.9918	1	1	1	1	1	0	0	1	0	0	1	0	0	2774428.2	2497233.5	3315010.5	2774428.2	2497233.5	3315010.5	
sp|Q05031|DFG5_YEAST	Q05031	DFG5_YEAST	DFG5	458	Saccharomyces cerevisiae (strain ATCC 204508 / S288c)	1:Experimental evidence at protein level	Mannan endo-1,6-alpha-mannosidase DFG5	0.5778	0.9782	1	3	3	3	1	1	1	1	1	1	1	1	1	3419349.5	3245212.2	3251148.0	3419349.5	3245212.2	3251148.0	
sp|Q05040|FAR8_YEAST	Q05040	FAR8_YEAST	FAR8	523	Saccharomyces cerevisiae (strain ATCC 204508 / S288c)	1:Experimental evidence at protein level	Factor arrest protein 8	0.6036	0.9804	1	3	3	3	1	1	1	1	1	1	1	1	1	3372754.5	2092819.4	2973062.2	3372754.5	2092819.4	2973062.2	
sp|Q05050|EIS1_YEAST	Q05050	EIS1_YEAST	EIS1	843	Saccharomyces cerevisiae (strain ATCC 204508 / S288c)	1:Experimental evidence at protein level	Eisosome protein 1	1.0	0.999	23	58	58	58	20	19	19	20	19	19	20	19	19	2.0062688E8	1.36768512E8	1.60530352E8	4.4983936E7	3.9511848E7	4.035606E7	
sp|Q05359|ERP1_YEAST	Q05359	ERP1_YEAST	ERP1	219	Saccharomyces cerevisiae (strain ATCC 204508 / S288c)	1:Experimental evidence at protein level	Protein ERP1	1.0	0.999	5	11	11	11	4	3	4	4	3	4	4	3	4	3.525728E7	3.9065064E7	3.7377656E7	1.4855803E7	1.3211609E7	1.5353013E7	
sp|Q05506|SYRC_YEAST	Q05506	SYRC_YEAST	YDR341C	607	Saccharomyces cerevisiae (strain ATCC 204508 / S288c)	1:Experimental evidence at protein level	Arginine--tRNA ligase, cytoplasmic	1.0	0.999	28	154	151	154	47	56	51	46	55	50	47	56	51	3.86522816E8	4.80556832E8	4.29454912E8	3.5928624E7	3.753908E7	3.852378E7	
sp|Q05515|SVF1_YEAST	Q05515	SVF1_YEAST	SVF1	481	Saccharomyces cerevisiae (strain ATCC 204508 / S288c)	1:Experimental evidence at protein level	Survival factor 1	1.0	0.999	6	12	12	12	5	3	4	5	3	4	5	3	4	3.5295296E7	2.720036E7	3.5334192E7	9804894.0	1.3469991E7	1.5512622E7	
sp|Q05521|DPP1_YEAST	Q05521	DPP1_YEAST	DPP1	289	Saccharomyces cerevisiae (strain ATCC 204508 / S288c)	1:Experimental evidence at protein level	Diacylglycerol pyrophosphate phosphatase 1	0.9484	0.9983	1	2	2	2	1	0	1	1	0	1	1	0	1	3407547.2	3270365.0	4174639.8	3407547.2	3270365.0	4174639.8	
sp|Q05543|RT103_YEAST	Q05543	RT103_YEAST	RTT103	409	Saccharomyces cerevisiae (strain ATCC 204508 / S288c)	1:Experimental evidence at protein level	Regulator of Ty1 transposition protein 103	0.8104	0.9929	1	1	1	1	1	0	0	1	0	0	1	0	0	2003869.2	0.0	2382822.5	2003869.2	0.0	2382822.5	
sp|Q05567|SGPL_YEAST	Q05567	SGPL_YEAST	DPL1	589	Saccharomyces cerevisiae (strain ATCC 204508 / S288c)	1:Experimental evidence at protein level	Sphingosine-1-phosphate lyase	1.0	0.999	6	14	14	14	4	5	5	4	5	5	4	5	5	2.441339E7	2.2794568E7	3.9521008E7	7283573.5	7480750.0	1.0994268E7	
sp|Q05584|GLO2_YEAST	Q05584	GLO2_YEAST	GLO2	274	Saccharomyces cerevisiae (strain ATCC 204508 / S288c)	1:Experimental evidence at protein level	Hydroxyacylglutathione hydrolase, cytoplasmic isozyme	1.0	0.999	3	8	8	8	3	3	2	3	3	2	3	3	2	2.300658E7	2.5196806E7	2.2651876E7	9927805.0	1.0878593E7	9813062.0	
sp|Q05636|RRP45_YEAST	Q05636	RRP45_YEAST	RRP45	305	Saccharomyces cerevisiae (strain ATCC 204508 / S288c)	1:Experimental evidence at protein level	Exosome complex component RRP45	0.8713	0.9955	1	4	4	4	1	2	1	1	2	1	1	2	1	2798181.0	2585523.0	3083975.0	2798181.0	2585523.0	3083975.0	
sp|Q05775|EIF3J_YEAST	Q05775	EIF3J_YEAST	HCR1	265	Saccharomyces cerevisiae (strain ATCC 204508 / S288c)	1:Experimental evidence at protein level	Eukaryotic translation initiation factor 3 subunit J	1.0	0.999	5	24	24	24	9	8	7	9	8	7	9	8	7	9.9176512E7	5.28178464E8	7.2651968E7	7.8218664E7	7.0185368E7	6.5602092E7	
sp|Q05785|ENT2_YEAST	Q05785	ENT2_YEAST	ENT2	613	Saccharomyces cerevisiae (strain ATCC 204508 / S288c)	1:Experimental evidence at protein level	Epsin-2	1.0	0.9989	3	6	6	6	3	1	2	3	1	2	3	1	2	8681312.0	7884105.0	1.0319698E7	3757107.0	3297800.8	4343039.5	
sp|Q05788|PNPH_YEAST	Q05788	PNPH_YEAST	PNP1	311	Saccharomyces cerevisiae (strain ATCC 204508 / S288c)	1:Experimental evidence at protein level	Purine nucleoside phosphorylase	0.9654	0.9989	1	6	6	6	2	2	2	2	2	2	2	2	2	1.3416311E7	1.4455039E7	1.6116916E7	1.3416311E7	1.4455039E7	1.6116916E7	
sp|Q05874|EFM7_YEAST	Q05874	EFM7_YEAST	NNT1	261	Saccharomyces cerevisiae (strain ATCC 204508 / S288c)	1:Experimental evidence at protein level	Protein N-terminal and lysine N-methyltransferase EFM7	0.9661	0.9989	1	4	4	4	1	2	1	1	2	1	1	2	1	2820339.0	3595108.8	5021792.5	2820339.0	3595108.8	5021792.5	
sp|Q05905|HRI1_YEAST	Q05905	HRI1_YEAST	HRI1	244	Saccharomyces cerevisiae (strain ATCC 204508 / S288c)	1:Experimental evidence at protein level	Protein HRI1	1.0	0.999	9	44	44	44	14	16	14	14	16	14	14	16	14	1.58990048E8	1.63749184E8	1.68433808E8	3.4600372E7	3.6855276E7	4.1476152E7	
sp|Q05911|PUR8_YEAST	Q05911	PUR8_YEAST	ADE13	482	Saccharomyces cerevisiae (strain ATCC 204508 / S288c)	1:Experimental evidence at protein level	Adenylosuccinate lyase	1.0	0.999	18	109	109	109	38	34	37	38	34	37	38	34	37	6.444697E8	4.99691648E8	7.7747341E8	1.0735068E8	8.9719528E7	9.723504E7	
sp|Q05933|ARPC3_YEAST	Q05933	ARPC3_YEAST	ARC18	178	Saccharomyces cerevisiae (strain ATCC 204508 / S288c)	1:Experimental evidence at protein level	Actin-related protein 2/3 complex subunit 3	1.0	0.999	4	12	12	12	4	5	3	4	5	3	4	5	3	5.049298E7	5.4153064E7	5.5449724E7	1.8150588E7	1.8692296E7	1.9766018E7	
sp|Q05948|YL225_YEAST	Q05948	YL225_YEAST	YLR225C	407	Saccharomyces cerevisiae (strain ATCC 204508 / S288c)	1:Experimental evidence at protein level	Uncharacterized SVF1-like protein YLR225C	0.9455	0.9982	1	3	3	3	1	1	1	1	1	1	1	1	1	4661536.0	4735615.5	4714566.0	4661536.0	4735615.5	4714566.0	
sp|Q06010|STE23_YEAST	Q06010	STE23_YEAST	STE23	1027	Saccharomyces cerevisiae (strain ATCC 204508 / S288c)	1:Experimental evidence at protein level	A-factor-processing enzyme	1.0	0.9987	5	8	8	8	6	1	1	6	1	1	6	1	1	1.6960596E7	1.3013542E7	1.0236941E7	5140860.5	5532723.0	4523728.0	
sp|Q06089|YP098_YEAST	Q06089	YP098_YEAST	YPR098C	161	Saccharomyces cerevisiae (strain ATCC 204508 / S288c)	1:Experimental evidence at protein level	Uncharacterized mitochondrial outer membrane protein YPR098C	0.9647	0.9989	1	3	3	3	1	1	1	1	1	1	1	1	1	9490557.0	6059117.5	7946735.5	9490557.0	6059117.5	7946735.5	
sp|Q06103|RPN7_YEAST	Q06103	RPN7_YEAST	RPN7	429	Saccharomyces cerevisiae (strain ATCC 204508 / S288c)	1:Experimental evidence at protein level	26S proteasome regulatory subunit RPN7	1.0	0.999	10	32	32	32	11	12	9	11	12	9	11	12	9	1.40622896E8	1.33748616E8	1.23419864E8	2.3711418E7	2.1295656E7	2.1988628E7	
sp|Q06142|IMB1_YEAST	Q06142	IMB1_YEAST	KAP95	861	Saccharomyces cerevisiae (strain ATCC 204508 / S288c)	1:Experimental evidence at protein level	Importin subunit beta-1	1.0	0.9988	3	7	7	7	3	1	3	3	1	3	3	1	3	1.0702274E7	1.0695265E7	1.5447469E7	8802764.0	8697618.0	9882082.0	
sp|Q06143|DIC1_YEAST	Q06143	DIC1_YEAST	DIC1	298	Saccharomyces cerevisiae (strain ATCC 204508 / S288c)	1:Experimental evidence at protein level	Mitochondrial dicarboxylate transporter	0.9195	0.9973	1	3	3	3	1	1	1	1	1	1	1	1	1	2112304.0	2471528.2	2779842.5	2112304.0	2471528.2	2779842.5	
sp|Q06144|ORM2_YEAST	Q06144	ORM2_YEAST	ORM2	216	Saccharomyces cerevisiae (strain ATCC 204508 / S288c)	1:Experimental evidence at protein level	Protein ORM2	1.0	0.999	3	18	9	18	6	5	7	3	3	3	6	5	7	2.9296666E7	3.4847148E7	3.7622272E7	1.1682471E7	1.4213683E7	1.4422568E7	
sp|Q06146|YL257_YEAST	Q06146	YL257_YEAST	YLR257W	321	Saccharomyces cerevisiae (strain ATCC 204508 / S288c)	1:Experimental evidence at protein level	Uncharacterized protein YLR257W	1.0	0.999	6	14	14	14	5	4	5	5	4	5	5	4	5	4.3985228E7	4.2612E7	3.5048492E7	1.1750638E7	1.2758743E7	1.1840375E7	
sp|Q06151|DCPS_YEAST	Q06151	DCPS_YEAST	DCS1	350	Saccharomyces cerevisiae (strain ATCC 204508 / S288c)	1:Experimental evidence at protein level	m7GpppX diphosphatase	1.0	0.999	13	50	49	50	18	18	14	17	18	14	18	18	14	2.89982176E8	1.41179152E8	1.13305616E8	4.261442E7	4.3208096E7	4.4363528E7	
sp|Q06156|CND1_YEAST	Q06156	CND1_YEAST	YCS4	1176	Saccharomyces cerevisiae (strain ATCC 204508 / S288c)	1:Experimental evidence at protein level	Condensin complex subunit 1	0.564	0.977	1	6	6	6	3	2	1	3	2	1	3	2	1	3.5765252E7	1.8160064E7	3.3502462E7	2.3285046E7	1.2488701E7	2.0546466E7	
sp|Q06168|SFH1_YEAST	Q06168	SFH1_YEAST	SFH1	426	Saccharomyces cerevisiae (strain ATCC 204508 / S288c)	1:Experimental evidence at protein level	Chromatin structure-remodeling complex subunit SFH1	0.9681	0.999	1	1	1	1	0	0	1	0	0	1	0	0	1	1418007.4	1722345.4	2029258.8	1418007.4	1722345.4	2029258.8	
sp|Q06169|PEX30_YEAST	Q06169	PEX30_YEAST	PEX30	523	Saccharomyces cerevisiae (strain ATCC 204508 / S288c)	1:Experimental evidence at protein level	Peroxisomal membrane protein PEX30	0.9649	0.9989	1	1	1	1	1	0	0	1	0	0	1	0	0	2953678.5	3584231.2	2423685.2	2953678.5	3584231.2	2423685.2	
sp|Q06177|TMA10_YEAST	Q06177	TMA10_YEAST	TMA10	86	Saccharomyces cerevisiae (strain ATCC 204508 / S288c)	1:Experimental evidence at protein level	Translation machinery-associated protein 10	1.0	0.999	3	32	32	32	10	11	11	10	11	11	10	11	11	1.52790304E8	1.37150208E8	1.26396264E8	8.7062256E7	7.6435008E7	6.585748E7	
sp|Q06178|NMA1_YEAST	Q06178	NMA1_YEAST	NMA1	401	Saccharomyces cerevisiae (strain ATCC 204508 / S288c)	1:Experimental evidence at protein level	Nicotinamide/nicotinic acid mononucleotide adenylyltransferase 1	0.9677	0.999	1	3	3	3	2	1	0	2	1	0	2	1	0	2417559.0	2892298.0	4167117.2	2417559.0	2892298.0	4167117.2	
sp|Q06205|FKBP4_YEAST	Q06205	FKBP4_YEAST	FPR4	392	Saccharomyces cerevisiae (strain ATCC 204508 / S288c)	1:Experimental evidence at protein level	FK506-binding protein 4	1.0	0.999	4	6	6	6	2	1	3	2	1	3	2	1	3	1.5223351E7	1.789054E7	3.0448998E7	7635140.5	9341305.0	1.259431E7	
sp|Q06217|SMD2_YEAST	Q06217	SMD2_YEAST	SMD2	110	Saccharomyces cerevisiae (strain ATCC 204508 / S288c)	1:Experimental evidence at protein level	Small nuclear ribonucleoprotein Sm D2	0.9612	0.9988	1	3	3	3	1	1	1	1	1	1	1	1	1	2386360.0	2207645.8	2853794.5	2386360.0	2207645.8	2853794.5	
sp|Q06252|YL179_YEAST	Q06252	YL179_YEAST	YLR179C	201	Saccharomyces cerevisiae (strain ATCC 204508 / S288c)	1:Experimental evidence at protein level	Uncharacterized protein YLR179C	1.0	0.999	7	51	51	51	16	17	18	16	17	18	16	17	18	1.27357344E8	1.49539408E8	1.48876272E8	3.9871344E7	5.0432112E7	4.898264E7	
sp|Q06287|NEP1_YEAST	Q06287	NEP1_YEAST	EMG1	252	Saccharomyces cerevisiae (strain ATCC 204508 / S288c)	1:Experimental evidence at protein level	Ribosomal RNA small subunit methyltransferase NEP1	0.9999	0.999	2	4	4	4	1	2	1	1	2	1	1	2	1	4591230.0	5034885.0	5715379.0	2580158.8	2837647.2	3210677.8	
sp|Q06336|GGA1_YEAST	Q06336	GGA1_YEAST	GGA1	557	Saccharomyces cerevisiae (strain ATCC 204508 / S288c)	1:Experimental evidence at protein level	ADP-ribosylation factor-binding protein GGA1	1.0	0.999	4	9	9	9	5	2	2	5	2	2	5	2	2	1.5670472E7	8510981.0	8721362.0	5259241.0	4522120.0	4830949.0	
sp|Q06344|ESF1_YEAST	Q06344	ESF1_YEAST	ESF1	628	Saccharomyces cerevisiae (strain ATCC 204508 / S288c)	1:Experimental evidence at protein level	Pre-rRNA-processing protein ESF1	0.9945	0.9985	2	3	3	3	3	0	0	3	0	0	3	0	0	4049163.0	0.0	2096209.6	2658844.2	0.0	2096209.6	
sp|Q06385|VPS74_YEAST	Q06385	VPS74_YEAST	VPS74	345	Saccharomyces cerevisiae (strain ATCC 204508 / S288c)	1:Experimental evidence at protein level	Vacuolar protein sorting-associated protein 74	0.9999	0.9984	3	8	8	8	3	2	3	3	2	3	3	2	3	1.7324414E7	1.6798876E7	1.4862322E7	1.4571906E7	1.3808059E7	9938457.0	
sp|Q06406|LSM6_YEAST	Q06406	LSM6_YEAST	LSM6	86	Saccharomyces cerevisiae (strain ATCC 204508 / S288c)	1:Experimental evidence at protein level	U6 snRNA-associated Sm-like protein LSm6	1.0	0.999	2	9	9	9	3	3	3	3	3	3	3	3	3	2.3600342E7	2.2609846E7	2.33876E7	1.2784453E7	1.2259361E7	1.2735214E7	
sp|Q06440|CORO_YEAST	Q06440	CORO_YEAST	CRN1	651	Saccharomyces cerevisiae (strain ATCC 204508 / S288c)	1:Experimental evidence at protein level	Coronin-like protein	1.0	0.999	8	17	17	17	6	7	4	6	7	4	6	7	4	5.2099324E7	5.9859612E7	5.5994124E7	1.128348E7	1.3426062E7	1.2657415E7	
sp|Q06449|PIN3_YEAST	Q06449	PIN3_YEAST	PIN3	215	Saccharomyces cerevisiae (strain ATCC 204508 / S288c)	1:Experimental evidence at protein level	[PSI+] inducibility protein 3	1.0	0.9989	3	13	13	13	4	4	5	4	4	5	4	4	5	5.8846212E7	4.9730696E7	5.2928048E7	2.4748552E7	2.4187926E7	2.4377398E7	
sp|Q06485|ATG33_YEAST	Q06485	ATG33_YEAST	ATG33	197	Saccharomyces cerevisiae (strain ATCC 204508 / S288c)	1:Experimental evidence at protein level	Autophagy-related protein 33	0.9682	0.999	1	3	3	3	1	1	1	1	1	1	1	1	1	1.3945155E7	1.5926451E7	2.315299E7	1.3945155E7	1.5926451E7	2.315299E7	
sp|Q06489|MTNA_YEAST	Q06489	MTNA_YEAST	MRI1	411	Saccharomyces cerevisiae (strain ATCC 204508 / S288c)	1:Experimental evidence at protein level	Methylthioribose-1-phosphate isomerase	1.0	0.999	5	10	10	10	4	4	2	4	4	2	4	4	2	2.8663516E7	3.4921392E7	3.039492E7	8917272.0	1.1596678E7	1.0122978E7	
sp|Q06493|YLH47_YEAST	Q06493	YLH47_YEAST	YLH47	454	Saccharomyces cerevisiae (strain ATCC 204508 / S288c)	1:Experimental evidence at protein level	LETM1 domain-containing protein YLH47, mitochondrial	0.7108	0.9877	1	1	1	1	1	0	0	1	0	0	1	0	0	1840434.5	1729425.9	1555291.9	1840434.5	1729425.9	1555291.9	
sp|Q06494|PLR1_YEAST	Q06494	PLR1_YEAST	YPR127W	345	Saccharomyces cerevisiae (strain ATCC 204508 / S288c)	1:Experimental evidence at protein level	Putative pyridoxal reductase	1.0	0.9989	4	6	6	6	3	2	1	3	2	1	3	2	1	1.3858358E7	1.2115894E7	5114238.0	7479832.0	6984093.5	5262857.0	
sp|Q06505|IWS1_YEAST	Q06505	IWS1_YEAST	SPN1	410	Saccharomyces cerevisiae (strain ATCC 204508 / S288c)	1:Experimental evidence at protein level	Transcription factor SPN1	1.0	0.999	5	8	8	8	2	2	4	2	2	4	2	2	4	1.5796995E7	1.5893516E7	2.2961566E7	6002164.0	7079806.5	7514697.0	
sp|Q06523|YP148_YEAST	Q06523	YP148_YEAST	YPR148C	435	Saccharomyces cerevisiae (strain ATCC 204508 / S288c)	1:Experimental evidence at protein level	Uncharacterized protein YPR148C	1.0	0.999	7	13	13	13	5	5	3	5	5	3	5	5	3	4.8563492E7	6.6074264E7	4.3840576E7	1.1404053E7	1.1440817E7	1.0885958E7	
sp|Q06608|PDXH_YEAST	Q06608	PDXH_YEAST	YPR172W	200	Saccharomyces cerevisiae (strain ATCC 204508 / S288c)	1:Experimental evidence at protein level	Pyridoxamine 5'-phosphate oxidase homolog	0.8072	0.9928	1	1	1	1	1	0	0	1	0	0	1	0	0	1727017.8	1375895.0	2615718.2	1727017.8	1375895.0	2615718.2	
sp|Q06624|RHC31_YEAST	Q06624	RHC31_YEAST	AOS1	347	Saccharomyces cerevisiae (strain ATCC 204508 / S288c)	1:Experimental evidence at protein level	DNA damage tolerance protein RHC31	0.9982	0.9989	2	4	4	4	2	1	1	2	1	1	2	1	1	1.3629993E7	1.4580295E7	1.1092864E7	8085707.0	8683716.0	6783431.5	
sp|Q06625|GDE_YEAST	Q06625	GDE_YEAST	GDB1	1536	Saccharomyces cerevisiae (strain ATCC 204508 / S288c)	1:Experimental evidence at protein level	Glycogen debranching enzyme	1.0	0.999	17	43	43	43	17	12	14	17	12	14	17	12	14	2.5119344E8	7.8592544E7	8.4873864E7	3.2563106E7	3.661054E7	3.4058324E7	
sp|Q06630|MHR1_YEAST	Q06630	MHR1_YEAST	MHR1	226	Saccharomyces cerevisiae (strain ATCC 204508 / S288c)	1:Experimental evidence at protein level	Mitochondrial homologous recombination protein 1	0.9787	0.9939	1	8	8	8	3	2	3	3	2	3	3	2	3	0.0	0.0	0.0	0.0	0.0	0.0	
sp|Q06639|RSC3_YEAST	Q06639	RSC3_YEAST	RSC3	885	Saccharomyces cerevisiae (strain ATCC 204508 / S288c)	1:Experimental evidence at protein level	Chromatin structure-remodeling complex protein RSC3	0.7326	0.989	1	2	2	2	0	1	1	0	1	1	0	1	1	1.3349894E7	1.050746E7	1.7895418E7	1.3349894E7	1.050746E7	1.7895418E7	
sp|Q06679|UTP4_YEAST	Q06679	UTP4_YEAST	UTP4	776	Saccharomyces cerevisiae (strain ATCC 204508 / S288c)	1:Experimental evidence at protein level	U3 small nucleolar RNA-associated protein 4	0.7633	0.9906	1	2	2	2	2	0	0	2	0	0	2	0	0	2321771.0	2238673.8	2210068.5	2321771.0	2238673.8	2210068.5	
sp|Q06685|VIP1_YEAST	Q06685	VIP1_YEAST	VIP1	1146	Saccharomyces cerevisiae (strain ATCC 204508 / S288c)	1:Experimental evidence at protein level	Inositol hexakisphosphate and diphosphoinositol-pentakisphosphate kinase	1.0	0.999	14	23	23	23	10	5	8	10	5	8	10	5	8	6.6805312E7	6.4122536E7	8.131568E7	9210747.0	7977850.0	8794824.0	
sp|Q06697|CDC73_YEAST	Q06697	CDC73_YEAST	CDC73	393	Saccharomyces cerevisiae (strain ATCC 204508 / S288c)	1:Experimental evidence at protein level	Cell division control protein 73	0.9999	0.999	2	5	5	5	2	1	2	2	1	2	2	1	2	2577710.2	2763908.8	1.0171137E7	3463707.5	3713905.2	3989101.8	
sp|Q06704|IMH1_YEAST	Q06704	IMH1_YEAST	IMH1	911	Saccharomyces cerevisiae (strain ATCC 204508 / S288c)	1:Experimental evidence at protein level	Golgin IMH1	0.9662	0.9989	1	3	3	3	1	1	1	1	1	1	1	1	1	1632428.4	1759255.2	2003132.6	1632428.4	1759255.2	2003132.6	
sp|Q06705|CSR1_YEAST	Q06705	CSR1_YEAST	CSR1	408	Saccharomyces cerevisiae (strain ATCC 204508 / S288c)	1:Experimental evidence at protein level	Phosphatidylinositol transfer protein CSR1	1.0	0.999	3	7	7	7	2	2	3	2	2	3	2	2	3	1.4510744E7	1.0328876E7	1.626281E7	5487752.5	7166337.5	6427773.5	
sp|Q06706|ELP1_YEAST	Q06706	ELP1_YEAST	IKI3	1349	Saccharomyces cerevisiae (strain ATCC 204508 / S288c)	1:Experimental evidence at protein level	Elongator complex protein 1	1.0	0.999	3	10	10	10	4	3	3	4	3	3	4	3	3	7467406.0	1.4092899E7	1.4905069E7	4861459.5	9342379.0	1.0121638E7	
sp|Q06815|MRL1_YEAST	Q06815	MRL1_YEAST	MRL1	381	Saccharomyces cerevisiae (strain ATCC 204508 / S288c)	1:Experimental evidence at protein level	Mannose 6-phosphate receptor-like protein 1	0.9284	0.9809	2	2	2	2	1	0	1	1	0	1	1	0	1	7728638.5	7073910.5	3238930.2	6795728.5	5832969.5	3238930.2	
sp|Q06833|NVJ2_YEAST	Q06833	NVJ2_YEAST	NVJ2	770	Saccharomyces cerevisiae (strain ATCC 204508 / S288c)	1:Experimental evidence at protein level	Nucleus-vacuole junction protein 2	0.9998	0.9988	3	4	4	4	3	1	0	3	1	0	3	1	0	2659008.0	3564297.5	4400612.0	1752707.5	2261602.8	2776975.0	
sp|Q06839|YP097_YEAST	Q06839	YP097_YEAST	YPR097W	1073	Saccharomyces cerevisiae (strain ATCC 204508 / S288c)	1:Experimental evidence at protein level	PX domain-containing protein YPR097W	0.9997	0.9983	3	4	4	4	0	2	2	0	2	2	0	2	2	3007343.8	5173107.0	5829030.0	5625126.5	4198631.5	3299365.0	
sp|Q06991|PUN1_YEAST	Q06991	PUN1_YEAST	PUN1	263	Saccharomyces cerevisiae (strain ATCC 204508 / S288c)	1:Experimental evidence at protein level	Protein PUN1	0.9997	0.999	2	12	12	12	3	5	4	3	5	4	3	5	4	2.068984E7	2.2573916E7	2.2529716E7	1.1368976E7	1.2203333E7	1.2367794E7	
sp|Q07418|PEX19_YEAST	Q07418	PEX19_YEAST	PEX19	342	Saccharomyces cerevisiae (strain ATCC 204508 / S288c)	1:Experimental evidence at protein level	Peroxisomal membrane protein import receptor PEX19	0.9635	0.9988	1	2	2	2	1	0	1	1	0	1	1	0	1	4743478.5	0.0	5259290.0	4743478.5	0.0	5259290.0	
sp|Q07451|YET3_YEAST	Q07451	YET3_YEAST	YET3	203	Saccharomyces cerevisiae (strain ATCC 204508 / S288c)	1:Experimental evidence at protein level	Endoplasmic reticulum transmembrane protein 3	1.0	0.999	3	19	19	19	5	7	7	5	7	7	5	7	7	8.711484E7	8.6989104E7	8.813028E7	3.1359622E7	3.2101222E7	3.684136E7	
sp|Q07457|BRE1_YEAST	Q07457	BRE1_YEAST	BRE1	700	Saccharomyces cerevisiae (strain ATCC 204508 / S288c)	1:Experimental evidence at protein level	E3 ubiquitin-protein ligase BRE1	0.9584	0.9987	1	1	1	1	1	0	0	1	0	0	1	0	0	3539608.5	0.0	0.0	0.0	0.0	0.0	
sp|Q07478|SUB2_YEAST	Q07478	SUB2_YEAST	SUB2	446	Saccharomyces cerevisiae (strain ATCC 204508 / S288c)	1:Experimental evidence at protein level	ATP-dependent RNA helicase SUB2	1.0	0.999	15	136	136	136	45	46	45	45	46	45	45	46	45	5.2141392E8	4.80465376E8	5.1511424E8	5.45639E7	4.8328832E7	5.1788784E7	
sp|Q07505|DLHH_YEAST	Q07505	DLHH_YEAST	YDL086W	273	Saccharomyces cerevisiae (strain ATCC 204508 / S288c)	1:Experimental evidence at protein level	Putative carboxymethylenebutenolidase	1.0	0.999	6	13	13	13	6	3	4	6	3	4	6	3	4	2.67528E7	2.7487222E7	2.6354204E7	9159308.0	9767618.0	1.2299643E7	
sp|Q07541|EXP1_YEAST	Q07541	EXP1_YEAST	EXP1	149	Saccharomyces cerevisiae (strain ATCC 204508 / S288c)	1:Experimental evidence at protein level	ER export of PMA1 protein 1	0.9999	0.9987	1	3	3	3	2	0	1	2	0	1	2	0	1	9275816.0	2324648.5	5723487.5	4087640.0	2878398.5	2563983.0	
sp|Q07551|KAR_YEAST	Q07551	KAR_YEAST	YDL124W	312	Saccharomyces cerevisiae (strain ATCC 204508 / S288c)	1:Experimental evidence at protein level	NADPH-dependent alpha-keto amide reductase	1.0	0.999	15	121	121	121	39	44	38	39	44	38	39	44	38	5.09835232E8	5.14935072E8	5.4774899E8	7.2873664E7	6.6462196E7	6.927988E7	
sp|Q07648|DTD_YEAST	Q07648	DTD_YEAST	DTD1	150	Saccharomyces cerevisiae (strain ATCC 204508 / S288c)	1:Experimental evidence at protein level	D-aminoacyl-tRNA deacylase	0.9999	0.999	3	5	5	5	2	1	2	2	1	2	2	1	2	1.1073709E7	9012908.0	9273172.0	7138373.5	6046508.5	6051382.0	
sp|Q07651|FMP45_YEAST	Q07651	FMP45_YEAST	FMP45	309	Saccharomyces cerevisiae (strain ATCC 204508 / S288c)	1:Experimental evidence at protein level	SUR7 family protein FMP45	0.9588	0.9987	1	1	1	1	1	0	0	1	0	0	1	0	0	5695724.5	6814496.0	4444128.0	5695724.5	6814496.0	4444128.0	
sp|Q07653|HBT1_YEAST	Q07653	HBT1_YEAST	HBT1	1046	Saccharomyces cerevisiae (strain ATCC 204508 / S288c)	1:Experimental evidence at protein level	Protein HBT1	1.0	0.999	2	2	2	2	1	0	1	1	0	1	1	0	1	3730663.2	4592610.0	5326560.5	3962798.2	2359437.5	2662504.0	
sp|Q07657|SHS1_YEAST	Q07657	SHS1_YEAST	SHS1	551	Saccharomyces cerevisiae (strain ATCC 204508 / S288c)	1:Experimental evidence at protein level	Seventh homolog of septin 1	1.0	0.999	5	10	10	10	4	4	2	4	4	2	4	4	2	1.9813988E7	1.9437292E7	2.2604268E7	8143740.0	8604192.0	8603526.0	
sp|Q07688|YPD1_YEAST	Q07688	YPD1_YEAST	YPD1	167	Saccharomyces cerevisiae (strain ATCC 204508 / S288c)	1:Experimental evidence at protein level	Phosphorelay intermediate protein YPD1	0.9998	0.9988	2	4	4	4	2	1	1	2	1	1	2	1	1	5728709.5	3975866.8	3716931.2	5728709.5	3975866.8	3716931.2	
sp|Q07807|PUF3_YEAST	Q07807	PUF3_YEAST	PUF3	879	Saccharomyces cerevisiae (strain ATCC 204508 / S288c)	1:Experimental evidence at protein level	mRNA-binding protein PUF3	1.0	0.999	6	12	12	12	5	3	4	5	3	4	5	3	4	4.672178E7	2.7902182E7	3.7065464E7	1.3633923E7	9569587.0	1.0772613E7	
sp|Q07824|TPO1_YEAST	Q07824	TPO1_YEAST	TPO1	586	Saccharomyces cerevisiae (strain ATCC 204508 / S288c)	1:Experimental evidence at protein level	Polyamine transporter 1	0.8001	0.9924	1	1	1	1	0	1	0	0	1	0	0	1	0	2683502.2	1532906.6	1981861.9	2683502.2	1532906.6	1981861.9	
sp|Q07825|FRA1_YEAST	Q07825	FRA1_YEAST	FRA1	749	Saccharomyces cerevisiae (strain ATCC 204508 / S288c)	1:Experimental evidence at protein level	Putative Xaa-Pro aminopeptidase FRA1	1.0	0.999	6	17	17	17	6	6	5	6	6	5	6	6	5	1.9109712E7	2.2486244E7	2.989857E7	5003823.0	5421270.0	6506828.0	
sp|Q07878|VPS13_YEAST	Q07878	VPS13_YEAST	VPS13	3144	Saccharomyces cerevisiae (strain ATCC 204508 / S288c)	1:Experimental evidence at protein level	Intermembrane lipid transfer protein VPS13	1.0	0.999	7	14	14	14	6	3	5	6	3	5	6	3	5	4.0791432E7	3.2455812E7	2.5029394E7	1.4445624E7	1.6835306E7	1.6412318E7	
sp|Q07915|RLP24_YEAST	Q07915	RLP24_YEAST	RLP24	199	Saccharomyces cerevisiae (strain ATCC 204508 / S288c)	1:Experimental evidence at protein level	Ribosome biogenesis protein RLP24	0.9678	0.999	1	3	3	3	1	1	1	1	1	1	1	1	1	6008033.5	5981335.0	5644293.5	6008033.5	5981335.0	5644293.5	
sp|Q07938|MTAP_YEAST	Q07938	MTAP_YEAST	MEU1	337	Saccharomyces cerevisiae (strain ATCC 204508 / S288c)	1:Experimental evidence at protein level	S-methyl-5'-thioadenosine phosphorylase	0.9495	0.9984	1	1	1	1	0	1	0	0	1	0	0	1	0	3998142.2	4865346.0	5543278.5	3998142.2	4865346.0	5543278.5	
sp|Q08162|RRP44_YEAST	Q08162	RRP44_YEAST	DIS3	1001	Saccharomyces cerevisiae (strain ATCC 204508 / S288c)	1:Experimental evidence at protein level	Exosome complex exonuclease DIS3	0.9999	0.9987	2	2	2	2	1	0	1	1	0	1	1	0	1	4239559.0	5883538.0	6053289.5	2850460.0	3964893.2	3795518.0	
sp|Q08179|MDM38_YEAST	Q08179	MDM38_YEAST	MDM38	573	Saccharomyces cerevisiae (strain ATCC 204508 / S288c)	1:Experimental evidence at protein level	Mitochondrial distribution and morphology protein 38	1.0	0.999	5	13	13	13	5	2	6	5	2	6	5	2	6	2.2267706E7	2.3810588E7	2.007834E7	6474434.0	7729691.0	6226669.5	
sp|Q08193|GAS5_YEAST	Q08193	GAS5_YEAST	GAS5	484	Saccharomyces cerevisiae (strain ATCC 204508 / S288c)	1:Experimental evidence at protein level	1,3-beta-glucanosyltransferase GAS5	1.0	0.999	5	14	14	14	4	5	5	4	5	5	4	5	5	4.9477388E7	5.5140912E7	4.9877992E7	1.6255739E7	1.2116432E7	1.4838136E7	
sp|Q08208|NOP12_YEAST	Q08208	NOP12_YEAST	NOP12	459	Saccharomyces cerevisiae (strain ATCC 204508 / S288c)	1:Experimental evidence at protein level	Nucleolar protein 12	0.9998	0.999	2	3	3	3	0	3	0	0	3	0	0	3	0	9767392.0	9993206.0	8964482.0	5194628.0	5315930.0	4765575.5	
sp|Q08220|GSHB_YEAST	Q08220	GSHB_YEAST	GSH2	491	Saccharomyces cerevisiae (strain ATCC 204508 / S288c)	1:Experimental evidence at protein level	Glutathione synthetase GSH2	1.0	0.999	9	19	19	19	8	4	7	8	4	7	8	4	7	5.143E7	3.8231508E7	5.092592E7	1.0211449E7	1.0586809E7	1.1002692E7	
sp|Q08225|DPP3_YEAST	Q08225	DPP3_YEAST	YOL057W	711	Saccharomyces cerevisiae (strain ATCC 204508 / S288c)	1:Experimental evidence at protein level	Probable dipeptidyl peptidase 3	1.0	0.999	6	10	10	10	6	3	1	6	3	1	6	3	1	3.0352704E7	2.4098086E7	2.3238522E7	8281991.5	6878288.0	7649664.0	
sp|Q08230|SDHF2_YEAST	Q08230	SDHF2_YEAST	SDH5	162	Saccharomyces cerevisiae (strain ATCC 204508 / S288c)	1:Experimental evidence at protein level	Succinate dehydrogenase assembly factor 2, mitochondrial	0.9539	0.9985	1	2	2	2	1	1	0	1	1	0	1	1	0	2284321.5	3539264.5	3090961.0	2284321.5	3539264.5	3090961.0	
sp|Q08235|BRX1_YEAST	Q08235	BRX1_YEAST	BRX1	291	Saccharomyces cerevisiae (strain ATCC 204508 / S288c)	1:Experimental evidence at protein level	Ribosome biogenesis protein BRX1	1.0	0.999	4	7	7	7	3	2	2	3	2	2	3	2	2	2.200681E7	1.1777126E7	1.903538E7	9391414.0	7165460.5	8018152.5	
sp|Q08245|ZEO1_YEAST	Q08245	ZEO1_YEAST	ZEO1	113	Saccharomyces cerevisiae (strain ATCC 204508 / S288c)	1:Experimental evidence at protein level	Protein ZEO1	1.0	0.999	5	81	81	81	26	27	28	26	27	28	26	27	28	8.5455341E8	9.2283008E8	8.8277229E8	2.09226128E8	2.391512E8	2.1798552E8	
sp|Q08299|ENB1_YEAST	Q08299	ENB1_YEAST	ENB1	606	Saccharomyces cerevisiae (strain ATCC 204508 / S288c)	1:Experimental evidence at protein level	Siderophore iron transporter ENB1	1.0	0.999	3	9	9	9	4	2	3	4	2	3	4	2	3	2.156917E7	1.7747016E7	1.9766112E7	8767222.0	8507036.0	8239349.5	
sp|Q08412|CUE5_YEAST	Q08412	CUE5_YEAST	CUE5	411	Saccharomyces cerevisiae (strain ATCC 204508 / S288c)	1:Experimental evidence at protein level	Ubiquitin-binding protein CUE5	1.0	0.999	10	25	25	25	9	9	7	9	9	7	9	9	7	5.9035856E7	7.1789384E7	6.344052E7	1.2550465E7	1.4206584E7	1.322507E7	
sp|Q08421|ETT1_YEAST	Q08421	ETT1_YEAST	ETT1	412	Saccharomyces cerevisiae (strain ATCC 204508 / S288c)	1:Experimental evidence at protein level	Enhancer of translation termination 1	1.0	0.999	9	20	20	20	8	7	5	8	7	5	8	7	5	3.9082228E7	5.6097064E7	5.571792E7	1.1872161E7	1.2235572E7	1.217955E7	
sp|Q08548|ALE1_YEAST	Q08548	ALE1_YEAST	ALE1	619	Saccharomyces cerevisiae (strain ATCC 204508 / S288c)	1:Experimental evidence at protein level	Lysophospholipid acyltransferase	0.9682	0.999	1	2	2	2	1	0	1	1	0	1	1	0	1	2400154.2	0.0	3705994.8	2400154.2	0.0	3705994.8	
sp|Q08601|MCA1_YEAST	Q08601	MCA1_YEAST	MCA1	432	Saccharomyces cerevisiae (strain ATCC 204508 / S288c)	1:Experimental evidence at protein level	Metacaspase-1	1.0	0.999	7	20	20	20	8	6	6	8	6	6	8	6	6	6.6922504E7	6.9695232E7	6.9064984E7	2.124689E7	2.3809992E7	2.6995168E7	
sp|Q08641|AB140_YEAST	Q08641	AB140_YEAST	ABP140	628	Saccharomyces cerevisiae (strain ATCC 204508 / S288c)	1:Experimental evidence at protein level	tRNA(Thr) (cytosine(32)-N(3))-methyltransferase	1.0	0.9988	3	3	3	3	2	0	1	2	0	1	2	0	1	8517852.0	8482925.0	7833374.0	3878911.0	4134938.2	3664377.2	
sp|Q08647|PUS7_YEAST	Q08647	PUS7_YEAST	PUS7	676	Saccharomyces cerevisiae (strain ATCC 204508 / S288c)	1:Experimental evidence at protein level	Multisubstrate pseudouridine synthase 7	0.9997	0.999	2	3	3	3	2	1	0	2	1	0	2	1	0	7553211.0	7955830.0	3086884.5	4368073.5	3782131.8	5131323.0	
sp|Q08650|DGAT2_YEAST	Q08650	DGAT2_YEAST	DGA1	418	Saccharomyces cerevisiae (strain ATCC 204508 / S288c)	1:Experimental evidence at protein level	Diacylglycerol O-acyltransferase 1	0.9103	0.997	1	1	1	1	0	0	1	0	0	1	0	0	1	1109822.9	0.0	1304876.1	1109822.9	0.0	1304876.1	
sp|Q08686|THTR_YEAST	Q08686	THTR_YEAST	TUM1	304	Saccharomyces cerevisiae (strain ATCC 204508 / S288c)	1:Experimental evidence at protein level	Thiosulfate sulfurtransferase TUM1	1.0	0.999	4	15	15	15	6	5	4	6	5	4	6	5	4	2.0155848E7	2.9616282E7	2.5136752E7	7905346.0	1.0899038E7	9729413.0	
sp|Q08689|NAT5_YEAST	Q08689	NAT5_YEAST	NAT5	176	Saccharomyces cerevisiae (strain ATCC 204508 / S288c)	1:Experimental evidence at protein level	N-alpha-acetyltransferase NAT5	0.9661	0.9989	1	2	2	2	1	0	1	1	0	1	1	0	1	1.3186206E7	0.0	7305340.0	1.3186206E7	0.0	7305340.0	
sp|Q08723|RPN8_YEAST	Q08723	RPN8_YEAST	RPN8	338	Saccharomyces cerevisiae (strain ATCC 204508 / S288c)	1:Experimental evidence at protein level	26S proteasome regulatory subunit RPN8	1.0	0.999	10	21	21	21	9	6	6	9	6	6	9	6	6	9.1297696E7	1.09388488E8	1.38072E8	3.9797736E7	3.250812E7	3.9806292E7	
sp|Q08732|HRK1_YEAST	Q08732	HRK1_YEAST	HRK1	759	Saccharomyces cerevisiae (strain ATCC 204508 / S288c)	1:Experimental evidence at protein level	Serine/threonine-protein kinase HRK1	0.9998	0.9986	2	4	4	4	1	2	1	1	2	1	1	2	1	0.0	0.0	0.0	0.0	0.0	0.0	
sp|Q08742|RDL2_YEAST	Q08742	RDL2_YEAST	RDL2	149	Saccharomyces cerevisiae (strain ATCC 204508 / S288c)	1:Experimental evidence at protein level	Thiosulfate sulfurtransferase RDL2, mitochondrial	1.0	0.9988	3	5	5	5	2	1	2	2	1	2	2	1	2	1.4066036E7	9966907.0	1.3778991E7	7589566.0	6545151.5	7744433.5	
sp|Q08745|RS10A_YEAST	Q08745	RS10A_YEAST	RPS10A	105	Saccharomyces cerevisiae (strain ATCC 204508 / S288c)	1:Experimental evidence at protein level	40S ribosomal protein S10-A	1.0	0.999	5	87	13	87	26	31	30	4	5	4	26	31	30	4.9434128E8	6.3345075E8	5.8316467E8	2.45536352E8	2.78795936E8	2.66596144E8	
sp|Q08746|RRS1_YEAST	Q08746	RRS1_YEAST	RRS1	203	Saccharomyces cerevisiae (strain ATCC 204508 / S288c)	1:Experimental evidence at protein level	Regulator of ribosome biosynthesis	0.9435	0.9982	1	2	2	2	1	1	0	1	1	0	1	1	0	3962476.8	4464320.0	4207300.0	3962476.8	4464320.0	4207300.0	
sp|Q08826|SNX3_YEAST	Q08826	SNX3_YEAST	SNX3	162	Saccharomyces cerevisiae (strain ATCC 204508 / S288c)	1:Experimental evidence at protein level	Sorting nexin-3	1.0	0.999	3	6	6	6	2	3	1	2	3	1	2	3	1	1.423801E7	1.370385E7	1.284025E7	6485641.5	6638190.5	6933546.0	
sp|Q08920|NCBP2_YEAST	Q08920	NCBP2_YEAST	CBC2	208	Saccharomyces cerevisiae (strain ATCC 204508 / S288c)	1:Experimental evidence at protein level	Nuclear cap-binding protein subunit 2	0.9648	0.9989	1	3	3	3	1	1	1	1	1	1	1	1	1	7658328.5	6911988.5	5511987.0	7658328.5	6911988.5	5511987.0	
sp|Q08925|MRN1_YEAST	Q08925	MRN1_YEAST	MRN1	612	Saccharomyces cerevisiae (strain ATCC 204508 / S288c)	1:Experimental evidence at protein level	RNA-binding protein MRN1	0.9999	0.9989	2	3	3	3	2	0	1	2	0	1	2	0	1	8360538.0	8241041.0	9754112.0	4874209.0	4603575.5	5718941.0	
sp|Q08951|AP3D_YEAST	Q08951	AP3D_YEAST	APL5	932	Saccharomyces cerevisiae (strain ATCC 204508 / S288c)	1:Experimental evidence at protein level	AP-3 complex subunit delta	0.9657	0.9989	1	1	1	1	0	1	0	0	1	0	0	1	0	1076054.1	1353485.6	1697709.6	1076054.1	1353485.6	1697709.6	
sp|Q08954|YP199_YEAST	Q08954	YP199_YEAST	YPL199C	240	Saccharomyces cerevisiae (strain ATCC 204508 / S288c)	1:Experimental evidence at protein level	Smr domain-containing protein YPL199C	0.9682	0.999	1	1	1	1	0	0	1	0	0	1	0	0	1	3530118.0	6013464.5	3255922.8	3530118.0	6013464.5	3255922.8	
sp|Q08959|PGC1_YEAST	Q08959	PGC1_YEAST	PGC1	321	Saccharomyces cerevisiae (strain ATCC 204508 / S288c)	1:Experimental evidence at protein level	Phosphatidylglycerol phospholipase C	0.9991	0.999	2	3	3	3	1	1	1	1	1	1	1	1	1	6046913.0	5382700.0	5985817.0	3341887.2	2970635.0	3266771.5	
sp|Q08962|NIP7_YEAST	Q08962	NIP7_YEAST	NIP7	181	Saccharomyces cerevisiae (strain ATCC 204508 / S288c)	1:Experimental evidence at protein level	60S ribosome subunit biogenesis protein NIP7	0.9992	0.999	2	4	4	4	2	0	2	2	0	2	2	0	2	1.2540434E7	8920763.0	1.1627527E7	5311544.5	3687422.5	4627481.5	
sp|Q08963|RU2A_YEAST	Q08963	RU2A_YEAST	LEA1	238	Saccharomyces cerevisiae (strain ATCC 204508 / S288c)	1:Experimental evidence at protein level	U2 small nuclear ribonucleoprotein A'	0.9885	0.9964	2	2	2	2	0	0	2	0	0	2	0	0	2	1198276.8	1855274.1	2136409.8	1198276.8	1855274.1	2136409.8	
sp|Q08971|YP225_YEAST	Q08971	YP225_YEAST	YPL225W	146	Saccharomyces cerevisiae (strain ATCC 204508 / S288c)	1:Experimental evidence at protein level	Protein PBDC1 homolog	1.0	0.999	6	30	30	30	9	12	9	9	12	9	9	12	9	1.57720384E8	1.72541472E8	1.7576056E8	5.301218E7	5.441116E7	6.2962844E7	
sp|Q08972|NEW1_YEAST	Q08972	NEW1_YEAST	NEW1	1196	Saccharomyces cerevisiae (strain ATCC 204508 / S288c)	1:Experimental evidence at protein level	[NU+] prion formation protein 1	1.0	0.999	21	61	61	61	21	21	19	21	21	19	21	21	19	1.98223936E8	2.43222752E8	2.13402096E8	2.8471748E7	2.9491394E7	3.0924812E7	
sp|Q08977|CUB1_YEAST	Q08977	CUB1_YEAST	CUB1	551	Saccharomyces cerevisiae (strain ATCC 204508 / S288c)	1:Experimental evidence at protein level	Cu(2+) suppressing and bleomycin sensitive protein 1	1.0	0.999	14	51	51	51	18	15	18	18	15	18	18	15	18	2.68128736E8	2.41801728E8	2.5644872E8	1.47034576E8	1.50596992E8	1.68186864E8	
sp|Q08985|SAM4_YEAST	Q08985	SAM4_YEAST	SAM4	325	Saccharomyces cerevisiae (strain ATCC 204508 / S288c)	1:Experimental evidence at protein level	Homocysteine S-methyltransferase 2	1.0	0.999	7	19	11	19	7	6	6	4	4	3	7	6	6	5.6282548E7	5.6803676E7	4.5015876E7	1.2592391E7	1.1117402E7	1.0038773E7	
sp|Q10740|LKHA4_YEAST	Q10740	LKHA4_YEAST	LAP2	671	Saccharomyces cerevisiae (strain ATCC 204508 / S288c)	1:Experimental evidence at protein level	Leucine aminopeptidase 2	1.0	0.999	13	32	32	32	10	12	10	10	12	10	10	12	10	8.4320776E7	9.2001688E7	9.478228E7	1.0791218E7	1.2026775E7	1.2429042E7	
sp|Q12000|TMA46_YEAST	Q12000	TMA46_YEAST	TMA46	345	Saccharomyces cerevisiae (strain ATCC 204508 / S288c)	1:Experimental evidence at protein level	Translation machinery-associated protein 46	0.9283	0.9976	1	2	2	2	1	1	0	1	1	0	1	1	0	0.0	3828516.8	0.0	0.0	0.0	0.0	
sp|Q12008|PMG2_YEAST	Q12008	PMG2_YEAST	GPM2	311	Saccharomyces cerevisiae (strain ATCC 204508 / S288c)	1:Experimental evidence at protein level	Phosphoglycerate mutase 2	1.0	0.999	4	13	10	13	3	5	5	2	4	4	3	5	5	2.3594268E7	2.8147956E7	2.6801396E7	8084634.0	9069481.0	8681282.0	
sp|Q12010|YPQ1_YEAST	Q12010	YPQ1_YEAST	YPQ1	308	Saccharomyces cerevisiae (strain ATCC 204508 / S288c)	1:Experimental evidence at protein level	Probable vacuolar amino acid transporter YPQ1	0.9995	0.9962	2	2	2	2	0	1	1	0	1	1	0	1	1	0.0	0.0	0.0	0.0	0.0	0.0	
sp|Q12017|PLP2_YEAST	Q12017	PLP2_YEAST	PLP2	286	Saccharomyces cerevisiae (strain ATCC 204508 / S288c)	1:Experimental evidence at protein level	Phosducin-like protein 2	1.0	0.999	3	7	7	7	3	2	2	3	2	2	3	2	2	9383210.0	1.0107478E7	1.0926674E7	4075089.8	3852587.2	4382459.0	
sp|Q12018|CDC53_YEAST	Q12018	CDC53_YEAST	CDC53	815	Saccharomyces cerevisiae (strain ATCC 204508 / S288c)	1:Experimental evidence at protein level	Cell division control protein 53	1.0	0.999	8	16	16	16	5	5	6	5	5	6	5	5	6	8.0316568E7	8.20706E7	6.1365048E7	4.5055768E7	4.6687632E7	4.9922456E7	
sp|Q12024|YTM1_YEAST	Q12024	YTM1_YEAST	YTM1	460	Saccharomyces cerevisiae (strain ATCC 204508 / S288c)	1:Experimental evidence at protein level	Ribosome biogenesis protein YTM1	1.0	0.9989	3	4	4	4	2	2	0	2	2	0	2	2	0	1.144393E7	1.2099621E7	8767665.0	5597656.0	5975005.5	5241395.5	
sp|Q12028|AP1G1_YEAST	Q12028	AP1G1_YEAST	APL4	832	Saccharomyces cerevisiae (strain ATCC 204508 / S288c)	1:Experimental evidence at protein level	AP-1 complex subunit gamma-1	1.0	0.999	3	6	6	6	3	1	2	3	1	2	3	1	2	1.2766828E7	1.1174522E7	1.2764546E7	5589059.5	5148304.5	5524206.0	
sp|Q12029|FSF1_YEAST	Q12029	FSF1_YEAST	FSF1	327	Saccharomyces cerevisiae (strain ATCC 204508 / S288c)	1:Experimental evidence at protein level	Sideroflexin FSF1	0.9038	0.9968	1	2	2	2	1	0	1	1	0	1	1	0	1	3424235.0	0.0	2883244.8	3424235.0	0.0	2883244.8	
sp|Q12032|AIM41_YEAST	Q12032	AIM41_YEAST	AIM41	185	Saccharomyces cerevisiae (strain ATCC 204508 / S288c)	1:Experimental evidence at protein level	Altered inheritance of mitochondria protein 41, mitochondrial	1.0	0.999	5	14	14	14	4	4	6	4	4	6	4	4	6	2.513935E7	2.344151E7	2.5715026E7	7531633.5	7522411.5	8037019.5	
sp|Q12038|SRO7_YEAST	Q12038	SRO7_YEAST	SRO7	1033	Saccharomyces cerevisiae (strain ATCC 204508 / S288c)	1:Experimental evidence at protein level	Lethal(2) giant larvae protein homolog SRO7	0.8011	0.9925	1	1	1	1	1	0	0	1	0	0	1	0	0	0.0	0.0	0.0	0.0	0.0	0.0	
sp|Q12040|YO283_YEAST	Q12040	YO283_YEAST	YOR283W	230	Saccharomyces cerevisiae (strain ATCC 204508 / S288c)	1:Experimental evidence at protein level	Broad-specificity phosphatase YOR283W	0.9994	0.999	2	3	3	3	0	1	2	0	1	2	0	1	2	3038282.2	0.0	2537975.2	3038282.2	0.0	2537975.2	
sp|Q12044|RCN2_YEAST	Q12044	RCN2_YEAST	RCN2	265	Saccharomyces cerevisiae (strain ATCC 204508 / S288c)	1:Experimental evidence at protein level	Regulator of calcineurin 2	1.0	0.999	8	33	33	33	9	12	12	9	12	12	9	12	12	7.7935616E7	1.11139008E8	1.24557784E8	2.0249402E7	2.1686044E7	2.4253962E7	
sp|Q12060|HFI1_YEAST	Q12060	HFI1_YEAST	HFI1	488	Saccharomyces cerevisiae (strain ATCC 204508 / S288c)	1:Experimental evidence at protein level	Transcriptional coactivator HFI1/ADA1	0.8874	0.9961	1	1	1	1	0	0	1	0	0	1	0	0	1	1534367.8	2829339.2	4002752.5	1534367.8	2829339.2	4002752.5	
sp|Q12068|GRE2_YEAST	Q12068	GRE2_YEAST	GRE2	342	Saccharomyces cerevisiae (strain ATCC 204508 / S288c)	1:Experimental evidence at protein level	NADPH-dependent methylglyoxal reductase GRE2	1.0	0.999	7	34	34	34	11	13	10	11	13	10	11	13	10	6.9355864E7	6.1578156E7	8.083308E7	1.3672748E7	1.4993967E7	1.6570417E7	
sp|Q12074|SPEE_YEAST	Q12074	SPEE_YEAST	SPE3	293	Saccharomyces cerevisiae (strain ATCC 204508 / S288c)	1:Experimental evidence at protein level	Spermidine synthase SPE3	1.0	0.999	7	39	39	39	13	14	12	13	14	12	13	14	12	1.27476168E8	1.37297872E8	1.28431824E8	5.4274692E7	6.4048056E7	6.922164E7	
sp|Q12078|SMF3_YEAST	Q12078	SMF3_YEAST	SMF3	473	Saccharomyces cerevisiae (strain ATCC 204508 / S288c)	1:Experimental evidence at protein level	Iron transporter SMF3	0.616	0.9813	1	2	2	2	1	1	0	1	1	0	1	1	0	4518298.5	155682.84	0.0	4518298.5	155682.84	0.0	
sp|Q12091|DAP1_YEAST	Q12091	DAP1_YEAST	DAP1	152	Saccharomyces cerevisiae (strain ATCC 204508 / S288c)	1:Experimental evidence at protein level	Damage response protein 1	0.9998	0.999	2	4	4	4	2	1	1	2	1	1	2	1	1	6973625.5	7154417.0	5965474.5	4349084.5	4330496.5	3775877.0	
sp|Q12109|SYWC_YEAST	Q12109	SYWC_YEAST	WRS1	432	Saccharomyces cerevisiae (strain ATCC 204508 / S288c)	1:Experimental evidence at protein level	Tryptophan--tRNA ligase, cytoplasmic	1.0	0.999	12	37	37	37	13	12	12	13	12	12	13	12	12	1.15631576E8	9.977116E7	1.05974376E8	1.696599E7	1.7818362E7	1.680121E7	
sp|Q12114|CHS5_YEAST	Q12114	CHS5_YEAST	CHS5	671	Saccharomyces cerevisiae (strain ATCC 204508 / S288c)	1:Experimental evidence at protein level	Chitin biosynthesis protein CHS5	1.0	0.999	3	8	8	8	3	1	4	3	1	4	3	1	4	2.293328E7	1.4998815E7	1.9629184E7	9589011.0	6521630.0	8321137.5	
sp|Q12117|MRH1_YEAST	Q12117	MRH1_YEAST	MRH1	320	Saccharomyces cerevisiae (strain ATCC 204508 / S288c)	1:Experimental evidence at protein level	Protein MRH1	1.0	0.999	5	53	27	53	18	16	19	8	8	11	18	16	19	3.0730432E8	2.87594368E8	2.89044384E8	1.03408448E8	1.01023456E8	1.01978096E8	
sp|Q12118|SGT2_YEAST	Q12118	SGT2_YEAST	SGT2	346	Saccharomyces cerevisiae (strain ATCC 204508 / S288c)	1:Experimental evidence at protein level	Small glutamine-rich tetratricopeptide repeat-containing protein 2	1.0	0.999	13	77	77	77	25	25	27	25	25	27	25	25	27	3.84555584E8	4.05492992E8	4.37295648E8	7.9746984E7	8.5174232E7	9.0257632E7	
sp|Q12122|HOSM_YEAST	Q12122	HOSM_YEAST	LYS21	440	Saccharomyces cerevisiae (strain ATCC 204508 / S288c)	1:Experimental evidence at protein level	Homocitrate synthase, mitochondrial	1.0	0.999	17	63	9	63	21	22	20	4	2	3	21	22	20	2.46971104E8	2.33189424E8	2.2343504E8	3.7645968E7	4.0122192E7	4.2629416E7	
sp|Q12123|DCS2_YEAST	Q12123	DCS2_YEAST	DCS2	353	Saccharomyces cerevisiae (strain ATCC 204508 / S288c)	1:Experimental evidence at protein level	Inactive diphosphatase DCS2	1.0	0.999	10	21	21	22	6	9	6	6	9	6	7	9	6	5.4320676E7	5.996476E7	6.9748288E7	1.3462077E7	1.6673734E7	1.6693607E7	
sp|Q12125|GET4_YEAST	Q12125	GET4_YEAST	GET4	312	Saccharomyces cerevisiae (strain ATCC 204508 / S288c)	1:Experimental evidence at protein level	Golgi to ER traffic protein 4	1.0	0.999	5	15	15	15	6	4	5	6	4	5	6	4	5	3.2281438E7	3.585188E7	3.3320994E7	1.1859889E7	1.4048132E7	1.3214186E7	
sp|Q12133|SPC3_YEAST	Q12133	SPC3_YEAST	SPC3	184	Saccharomyces cerevisiae (strain ATCC 204508 / S288c)	1:Experimental evidence at protein level	Signal peptidase complex subunit 3	0.9889	0.9969	2	2	2	2	1	1	0	1	1	0	1	1	0	7334787.0	4796956.0	7000557.5	7334787.0	4796956.0	7000557.5	
sp|Q12144|PER33_YEAST	Q12144	PER33_YEAST	PER33	273	Saccharomyces cerevisiae (strain ATCC 204508 / S288c)	1:Experimental evidence at protein level	Pore and endoplasmic reticulum protein of 33 kDa	0.9448	0.9982	1	2	2	2	1	0	1	1	0	1	1	0	1	1714742.8	0.0	1979650.4	1714742.8	0.0	1979650.4	
sp|Q12154|GET3_YEAST	Q12154	GET3_YEAST	GET3	354	Saccharomyces cerevisiae (strain ATCC 204508 / S288c)	1:Experimental evidence at protein level	ATPase GET3	1.0	0.999	11	61	61	61	18	23	20	18	23	20	18	23	20	2.59897216E8	2.7065104E8	3.27083968E8	5.2053824E7	5.252226E7	5.8191876E7	
sp|Q12156|AIM7_YEAST	Q12156	AIM7_YEAST	AIM7	149	Saccharomyces cerevisiae (strain ATCC 204508 / S288c)	1:Experimental evidence at protein level	Protein AIM7	0.968	0.999	1	1	1	1	0	0	1	0	0	1	0	0	1	0.0	0.0	0.0	0.0	0.0	0.0	
sp|Q12159|YRA1_YEAST	Q12159	YRA1_YEAST	YRA1	226	Saccharomyces cerevisiae (strain ATCC 204508 / S288c)	1:Experimental evidence at protein level	RNA annealing protein YRA1	1.0	0.999	9	47	47	47	13	16	18	13	16	18	13	16	18	2.31841152E8	2.434844E8	2.67713952E8	5.8649992E7	5.5870452E7	5.83215E7	
sp|Q12164|POM33_YEAST	Q12164	POM33_YEAST	POM33	279	Saccharomyces cerevisiae (strain ATCC 204508 / S288c)	1:Experimental evidence at protein level	Pore membrane protein of 33 kDa	1.0	0.999	5	17	14	17	7	6	4	6	5	3	7	6	4	7.1673368E7	6.9487784E7	7.3340904E7	2.4203792E7	2.9932968E7	2.6936002E7	
sp|Q12166|LEU9_YEAST	Q12166	LEU9_YEAST	LEU9	604	Saccharomyces cerevisiae (strain ATCC 204508 / S288c)	1:Experimental evidence at protein level	2-isopropylmalate synthase 2, mitochondrial	0.982	0.9744	8	1	1	32	0	1	0	0	1	0	11	11	10	1506902.4	1706779.8	1608896.6	1506902.4	1706779.8	1608896.6	
sp|Q12176|MAK21_YEAST	Q12176	MAK21_YEAST	MAK21	1025	Saccharomyces cerevisiae (strain ATCC 204508 / S288c)	1:Experimental evidence at protein level	Ribosome biogenesis protein MAK21	1.0	0.9989	3	4	4	4	1	1	2	1	1	2	1	1	2	2298232.8	9114152.0	1.1326311E7	2856828.8	4510182.5	6158318.5	
sp|Q12178|FCY1_YEAST	Q12178	FCY1_YEAST	FCY1	158	Saccharomyces cerevisiae (strain ATCC 204508 / S288c)	1:Experimental evidence at protein level	Cytosine deaminase	1.0	0.999	3	12	12	12	4	5	3	4	5	3	4	5	3	3.9804956E7	3.2599838E7	3.0252384E7	1.9273668E7	1.72565E7	1.6201879E7	
sp|Q12189|RPIA_YEAST	Q12189	RPIA_YEAST	RKI1	258	Saccharomyces cerevisiae (strain ATCC 204508 / S288c)	1:Experimental evidence at protein level	Ribose-5-phosphate isomerase	0.7346	0.9891	1	1	1	1	0	0	1	0	0	1	0	0	1	0.0	0.0	3532781.8	0.0	0.0	0.0	
sp|Q12191|BUG1_YEAST	Q12191	BUG1_YEAST	BUG1	341	Saccharomyces cerevisiae (strain ATCC 204508 / S288c)	1:Experimental evidence at protein level	Binder of USO1 and GRH1 protein 1	1.0	0.999	3	6	6	6	2	2	2	2	2	2	2	2	2	9462208.0	1.155065E7	9126058.0	4574924.0	5408020.5	5908599.5	
sp|Q12199|TIP41_YEAST	Q12199	TIP41_YEAST	TIP41	356	Saccharomyces cerevisiae (strain ATCC 204508 / S288c)	1:Experimental evidence at protein level	Type 2A phosphatase activator TIP41	0.8513	0.9947	1	1	1	1	1	0	0	1	0	0	1	0	0	564384.75	1804851.1	879202.06	564384.75	1804851.1	879202.06	
sp|Q12211|PUS1_YEAST	Q12211	PUS1_YEAST	PUS1	544	Saccharomyces cerevisiae (strain ATCC 204508 / S288c)	1:Experimental evidence at protein level	tRNA pseudouridine synthase 1	0.9654	0.9989	1	4	4	4	1	1	2	1	1	2	1	1	2	1502878.8	1990783.4	3221484.8	1502878.8	1990783.4	3221484.8	
sp|Q12213|RL7B_YEAST	Q12213	RL7B_YEAST	RPL7B	244	Saccharomyces cerevisiae (strain ATCC 204508 / S288c)	1:Experimental evidence at protein level	60S ribosomal protein L7-B	0.9999	0.9989	11	11	11	155	3	4	4	3	4	4	48	51	56	6.6334044E7	7.03076E7	5.3015464E7	6.6334044E7	7.03076E7	5.3015464E7	
sp|Q12220|UTP12_YEAST	Q12220	UTP12_YEAST	DIP2	943	Saccharomyces cerevisiae (strain ATCC 204508 / S288c)	1:Experimental evidence at protein level	U3 small nucleolar RNA-associated protein 12	0.968	0.999	1	1	1	1	0	1	0	0	1	0	0	1	0	3960082.8	4066406.2	5401109.0	3960082.8	4066406.2	5401109.0	
sp|Q12230|LSP1_YEAST	Q12230	LSP1_YEAST	LSP1	341	Saccharomyces cerevisiae (strain ATCC 204508 / S288c)	1:Experimental evidence at protein level	Sphingolipid long chain base-responsive protein LSP1	1.0	0.999	12	73	73	85	23	27	23	23	27	23	27	31	27	3.35560384E8	3.84757888E8	3.93005536E8	9.3266768E7	8.980128E7	9.9955832E7	
sp|Q12234|RUD3_YEAST	Q12234	RUD3_YEAST	RUD3	484	Saccharomyces cerevisiae (strain ATCC 204508 / S288c)	1:Experimental evidence at protein level	GRIP domain-containing protein RUD3	0.9292	0.986	2	2	2	2	0	1	1	0	1	1	0	1	1	0.0	0.0	1991351.8	0.0	0.0	0.0	
sp|Q12242|RUP1_YEAST	Q12242	RUP1_YEAST	RUP1	671	Saccharomyces cerevisiae (strain ATCC 204508 / S288c)	1:Experimental evidence at protein level	UBA domain-containing protein RUP1	0.9999	0.999	2	3	3	3	0	1	2	0	1	2	0	1	2	2131873.0	4681022.0	4420696.0	2131873.0	2670886.5	2491107.2	
sp|Q12250|RPN5_YEAST	Q12250	RPN5_YEAST	RPN5	445	Saccharomyces cerevisiae (strain ATCC 204508 / S288c)	1:Experimental evidence at protein level	26S proteasome regulatory subunit RPN5	1.0	0.999	11	29	29	29	12	9	8	12	9	8	12	9	8	1.04451912E8	1.10098448E8	1.08272024E8	2.4580236E7	2.453983E7	2.3987676E7	
sp|Q12255|NYV1_YEAST	Q12255	NYV1_YEAST	NYV1	253	Saccharomyces cerevisiae (strain ATCC 204508 / S288c)	1:Experimental evidence at protein level	Vacuolar v-SNARE NYV1	0.7602	0.9905	1	2	2	2	0	1	1	0	1	1	0	1	1	3413681.0	4661223.0	6754556.5	3413681.0	4661223.0	6754556.5	
sp|Q12265|KPR5_YEAST	Q12265	KPR5_YEAST	PRS5	496	Saccharomyces cerevisiae (strain ATCC 204508 / S288c)	1:Experimental evidence at protein level	Ribose-phosphate pyrophosphokinase 5	1.0	0.999	4	8	8	8	2	3	3	2	3	3	2	3	3	2.9790084E7	2.5190288E7	2.2159638E7	9505321.0	7635834.0	8563176.0	
sp|Q12270|RBD2_YEAST	Q12270	RBD2_YEAST	RBD2	262	Saccharomyces cerevisiae (strain ATCC 204508 / S288c)	1:Experimental evidence at protein level	Rhomboid protein 2	1.0	0.9989	4	7	7	7	2	2	3	2	2	3	2	2	3	2.4860756E7	3.6276692E7	3.0393846E7	1.1084399E7	1.4739257E7	1.2445734E7	
sp|Q12271|INP53_YEAST	Q12271	INP53_YEAST	INP53	1107	Saccharomyces cerevisiae (strain ATCC 204508 / S288c)	1:Experimental evidence at protein level	Polyphosphatidylinositol phosphatase INP53	0.9999	0.9985	2	4	4	4	2	1	1	2	1	1	2	1	1	5518335.0	5093835.0	4759550.0	3119938.8	3060609.8	2901342.8	
sp|Q12276|HER1_YEAST	Q12276	HER1_YEAST	HER1	1246	Saccharomyces cerevisiae (strain ATCC 204508 / S288c)	1:Experimental evidence at protein level	HMG2-induced ER-remodeling protein 1	0.9983	0.9951	2	5	2	5	2	1	2	1	0	1	2	1	2	2008871.0	2311046.8	2721850.8	2008871.0	2311046.8	2721850.8	
sp|Q12285|MDY2_YEAST	Q12285	MDY2_YEAST	MDY2	212	Saccharomyces cerevisiae (strain ATCC 204508 / S288c)	1:Experimental evidence at protein level	Ubiquitin-like protein MDY2	1.0	0.999	4	15	15	15	5	5	5	5	5	5	5	5	5	3.1108588E7	3.1824512E7	3.364228E7	1.3152429E7	1.504105E7	1.6487331E7	
sp|Q12296|MAM3_YEAST	Q12296	MAM3_YEAST	MAM3	706	Saccharomyces cerevisiae (strain ATCC 204508 / S288c)	1:Experimental evidence at protein level	Protein MAM3	1.0	0.999	4	6	6	6	1	2	3	1	2	3	1	2	3	8585443.0	8777382.0	1.1788296E7	3837734.8	4498347.5	4440139.5	
sp|Q12305|RDL1_YEAST	Q12305	RDL1_YEAST	RDL1	139	Saccharomyces cerevisiae (strain ATCC 204508 / S288c)	1:Experimental evidence at protein level	Thiosulfate:glutathione sulfurtransferase	1.0	0.999	4	15	15	15	5	5	5	5	5	5	5	5	5	7.6649168E7	8.2779912E7	8.2715872E7	3.3923472E7	3.4874148E7	3.2599958E7	
sp|Q12306|SMT3_YEAST	Q12306	SMT3_YEAST	SMT3	101	Saccharomyces cerevisiae (strain ATCC 204508 / S288c)	1:Experimental evidence at protein level	Ubiquitin-like protein SMT3	1.0	0.999	3	22	22	22	8	7	7	8	7	7	8	7	7	2.2153688E8	2.00389664E8	2.29609248E8	1.02850576E8	8.1617664E7	9.1750248E7	
sp|Q12314|SFM1_YEAST	Q12314	SFM1_YEAST	SFM1	213	Saccharomyces cerevisiae (strain ATCC 204508 / S288c)	1:Experimental evidence at protein level	Protein arginine N-methyltransferase SFM1	1.0	0.999	6	17	17	17	6	7	4	6	7	4	6	7	4	4.1739036E7	3.657684E7	3.8537428E7	1.2379322E7	1.0875869E7	1.1326229E7	
sp|Q12324|YVC1_YEAST	Q12324	YVC1_YEAST	YVC1	675	Saccharomyces cerevisiae (strain ATCC 204508 / S288c)	1:Experimental evidence at protein level	Calcium channel YVC1	0.9993	0.999	2	3	3	3	1	0	2	1	0	2	1	0	2	3723560.0	3830058.2	9400324.0	4652134.0	4785190.5	3980981.5	
sp|Q12329|HSP42_YEAST	Q12329	HSP42_YEAST	HSP42	375	Saccharomyces cerevisiae (strain ATCC 204508 / S288c)	1:Experimental evidence at protein level	Heat shock protein 42	1.0	0.999	8	22	22	22	7	6	9	7	6	9	7	6	9	1.06772104E8	1.296912E8	1.12677088E8	3.152234E7	3.4189676E7	3.1904964E7	
sp|Q12335|PST2_YEAST	Q12335	PST2_YEAST	PST2	198	Saccharomyces cerevisiae (strain ATCC 204508 / S288c)	1:Experimental evidence at protein level	Protoplast secreted protein 2	1.0	0.999	5	54	54	54	18	17	19	18	17	19	18	17	19	3.83477888E8	4.10781792E8	5.7798118E8	1.38676896E8	1.50364656E8	1.994092E8	
sp|Q12344|GYP5_YEAST	Q12344	GYP5_YEAST	GYP5	894	Saccharomyces cerevisiae (strain ATCC 204508 / S288c)	1:Experimental evidence at protein level	GTPase-activating protein GYP5	0.9998	0.999	2	4	4	4	1	1	2	1	1	2	1	1	2	3112759.2	6672695.0	7988483.5	2668563.5	5813747.5	5938838.5	
sp|Q12349|ATP14_YEAST	Q12349	ATP14_YEAST	ATP14	124	Saccharomyces cerevisiae (strain ATCC 204508 / S288c)	1:Experimental evidence at protein level	ATP synthase subunit H, mitochondrial	0.9682	0.999	1	2	2	2	1	1	0	1	1	0	1	1	0	7086212.5	1.2193736E7	1.0569808E7	7086212.5	1.2193736E7	1.0569808E7	
sp|Q12363|WTM1_YEAST	Q12363	WTM1_YEAST	WTM1	437	Saccharomyces cerevisiae (strain ATCC 204508 / S288c)	1:Experimental evidence at protein level	Transcriptional modulator WTM1	1.0	0.999	18	201	201	201	65	65	71	65	65	71	65	65	71	1.14085632E9	9.9280659E8	9.766167E8	1.22186016E8	1.08209672E8	1.07036872E8	
sp|Q12377|RPN6_YEAST	Q12377	RPN6_YEAST	RPN6	434	Saccharomyces cerevisiae (strain ATCC 204508 / S288c)	1:Experimental evidence at protein level	26S proteasome regulatory subunit RPN6	1.0	0.999	10	32	32	32	10	9	13	10	9	13	10	9	13	1.21535216E8	1.09625456E8	1.26070032E8	2.3733198E7	2.3675184E7	2.3969336E7	
sp|Q12386|ARP8_YEAST	Q12386	ARP8_YEAST	ARP8	881	Saccharomyces cerevisiae (strain ATCC 204508 / S288c)	1:Experimental evidence at protein level	Actin-like protein ARP8	0.4861	0.9688	1	1	1	1	1	0	0	1	0	0	1	0	0	606596.94	599669.06	0.0	606596.94	599669.06	0.0	
sp|Q12402|YOP1_YEAST	Q12402	YOP1_YEAST	YOP1	180	Saccharomyces cerevisiae (strain ATCC 204508 / S288c)	1:Experimental evidence at protein level	Protein YOP1	1.0	0.9988	2	16	16	16	4	6	6	4	6	6	4	6	6	1.16120664E8	1.05907712E8	1.18352296E8	8.3816464E7	5.8775528E7	6.5087844E7	
sp|Q12404|MPD1_YEAST	Q12404	MPD1_YEAST	MPD1	318	Saccharomyces cerevisiae (strain ATCC 204508 / S288c)	1:Experimental evidence at protein level	Protein disulfide-isomerase MPD1	0.9998	0.9981	2	6	6	6	2	1	3	2	1	3	2	1	3	2007114.6	7068012.0	7496047.0	2242957.0	3552590.0	3906828.5	
sp|Q12406|ARP7_YEAST	Q12406	ARP7_YEAST	ARP7	477	Saccharomyces cerevisiae (strain ATCC 204508 / S288c)	1:Experimental evidence at protein level	Actin-related protein 7	1.0	0.999	4	6	6	6	4	1	1	4	1	1	4	1	1	5864358.0	6381522.0	7042556.0	2137108.0	2898221.5	2695554.2	
sp|Q12428|PRPD_YEAST	Q12428	PRPD_YEAST	PDH1	516	Saccharomyces cerevisiae (strain ATCC 204508 / S288c)	1:Experimental evidence at protein level	Probable 2-methylcitrate dehydratase	0.4917	0.9694	1	1	1	1	1	0	0	1	0	0	1	0	0	1522048.4	1588667.4	2067683.2	1522048.4	1588667.4	2067683.2	
sp|Q12434|GDIR_YEAST	Q12434	GDIR_YEAST	RDI1	202	Saccharomyces cerevisiae (strain ATCC 204508 / S288c)	1:Experimental evidence at protein level	Rho GDP-dissociation inhibitor	1.0	0.999	5	11	11	11	5	4	2	5	4	2	5	4	2	2.7934634E7	2.7771284E7	2.774599E7	8934141.0	1.0361362E7	1.0401079E7	
sp|Q12443|RTN2_YEAST	Q12443	RTN2_YEAST	RTN2	393	Saccharomyces cerevisiae (strain ATCC 204508 / S288c)	1:Experimental evidence at protein level	Reticulon-like protein 2	1.0	0.999	8	24	24	24	8	8	8	8	8	8	8	8	8	6.1774776E7	5.9367524E7	6.4377232E7	1.2597273E7	1.3670501E7	1.3894938E7	
sp|Q12447|PAA1_YEAST	Q12447	PAA1_YEAST	PAA1	191	Saccharomyces cerevisiae (strain ATCC 204508 / S288c)	1:Experimental evidence at protein level	Polyamine N-acetyltransferase 1	1.0	0.999	7	51	51	51	19	15	17	19	15	17	19	15	17	1.11873536E8	1.02569776E8	9.4094592E7	2.3179972E7	2.1790758E7	2.0695994E7	
sp|Q12449|AHA1_YEAST	Q12449	AHA1_YEAST	AHA1	350	Saccharomyces cerevisiae (strain ATCC 204508 / S288c)	1:Experimental evidence at protein level	Hsp90 co-chaperone AHA1	1.0	0.999	12	42	42	42	13	15	14	13	15	14	13	15	14	1.29395872E8	1.2317444E8	1.25529904E8	3.1469312E7	2.7128242E7	2.6506326E7	
sp|Q12450|ERP4_YEAST	Q12450	ERP4_YEAST	ERP4	207	Saccharomyces cerevisiae (strain ATCC 204508 / S288c)	1:Experimental evidence at protein level	Protein ERP4	0.9666	0.9989	1	2	2	2	1	1	0	1	1	0	1	1	0	2329394.5	2291373.8	2245844.5	2329394.5	2291373.8	2245844.5	
sp|Q12452|ERG27_YEAST	Q12452	ERG27_YEAST	ERG27	347	Saccharomyces cerevisiae (strain ATCC 204508 / S288c)	1:Experimental evidence at protein level	3-keto-steroid reductase ERG27	1.0	0.999	7	29	29	29	10	9	10	10	9	10	10	9	10	8.3798512E7	8.2186224E7	8.3443712E7	2.0239398E7	1.9994976E7	1.9294794E7	
sp|Q12458|YPR1_YEAST	Q12458	YPR1_YEAST	YPR1	312	Saccharomyces cerevisiae (strain ATCC 204508 / S288c)	1:Experimental evidence at protein level	Putative reductase 1	1.0	0.999	7	28	22	28	9	9	10	7	7	8	9	9	10	6.8852712E7	7.393612E7	7.0396944E7	1.9074868E7	2.0274128E7	1.760212E7	
sp|Q12460|NOP56_YEAST	Q12460	NOP56_YEAST	NOP56	504	Saccharomyces cerevisiae (strain ATCC 204508 / S288c)	1:Experimental evidence at protein level	Nucleolar protein 56	1.0	0.999	15	52	52	52	17	18	17	17	18	17	17	18	17	3.86269408E8	5.4918208E8	2.41660464E8	1.51014624E8	1.42409424E8	1.48414064E8	
sp|Q12462|PEX11_YEAST	Q12462	PEX11_YEAST	PEX11	236	Saccharomyces cerevisiae (strain ATCC 204508 / S288c)	1:Experimental evidence at protein level	Peroxisomal membrane protein PMP27	1.0	0.999	6	11	11	11	6	1	4	6	1	4	6	1	4	3.0338188E7	1.999734E7	2.1753962E7	8025150.0	4797315.0	5378370.5	
sp|Q12464|RUVB2_YEAST	Q12464	RUVB2_YEAST	RVB2	471	Saccharomyces cerevisiae (strain ATCC 204508 / S288c)	1:Experimental evidence at protein level	RuvB-like protein 2	1.0	0.999	11	21	21	21	9	5	7	9	5	7	9	5	7	8.7116128E7	6.2319048E7	7.8684576E7	1.6499812E7	1.4853086E7	1.5211979E7	
sp|Q12466|TCB1_YEAST	Q12466	TCB1_YEAST	TCB1	1186	Saccharomyces cerevisiae (strain ATCC 204508 / S288c)	1:Experimental evidence at protein level	Tricalbin-1	1.0	0.999	5	13	13	13	4	4	5	4	4	5	4	4	5	3.382976E7	2.8870482E7	2.9081034E7	8942028.0	8373529.5	8868631.0	
sp|Q12480|ETFA_YEAST	Q12480	ETFA_YEAST	AIM45	344	Saccharomyces cerevisiae (strain ATCC 204508 / S288c)	1:Experimental evidence at protein level	Probable electron transfer flavoprotein subunit alpha, mitochondrial	0.9971	0.9938	2	4	4	4	1	1	2	1	1	2	1	1	2	8473581.0	7800521.0	7450472.0	4598233.0	4305556.0	4092593.8	
sp|Q12486|YOR31_YEAST	Q12486	YOR31_YEAST	YOR131C	218	Saccharomyces cerevisiae (strain ATCC 204508 / S288c)	1:Experimental evidence at protein level	Uncharacterized hydrolase YOR131C	0.9682	0.999	1	1	1	1	0	0	1	0	0	1	0	0	1	4921031.0	3974146.5	5926868.5	4921031.0	3974146.5	5926868.5	
sp|Q12496|YO098_YEAST	Q12496	YO098_YEAST	YOL098C	1037	Saccharomyces cerevisiae (strain ATCC 204508 / S288c)	1:Experimental evidence at protein level	Uncharacterized protein YOL098C	1.0	0.999	9	14	14	14	7	3	4	7	3	4	7	3	4	3.815302E7	3.4009504E7	3.1497464E7	7533521.5	6146093.0	6159969.0	
sp|Q12497|FMP16_YEAST	Q12497	FMP16_YEAST	FMP16	93	Saccharomyces cerevisiae (strain ATCC 204508 / S288c)	1:Experimental evidence at protein level	Protein FMP16, mitochondrial	1.0	0.999	3	7	7	7	3	1	3	3	1	3	3	1	3	2.147496E7	1.6071892E7	2.2040378E7	9868255.0	9349709.0	9183448.0	
sp|Q12499|NOP58_YEAST	Q12499	NOP58_YEAST	NOP58	511	Saccharomyces cerevisiae (strain ATCC 204508 / S288c)	1:Experimental evidence at protein level	Nucleolar protein 58	1.0	0.999	15	62	62	62	20	21	21	20	21	21	20	21	21	1.86794544E8	1.59139744E8	1.695736E8	2.225682E7	1.9680396E7	2.098743E7	
sp|Q12502|LDB19_YEAST	Q12502	LDB19_YEAST	LDB19	818	Saccharomyces cerevisiae (strain ATCC 204508 / S288c)	1:Experimental evidence at protein level	Protein LDB19	0.8018	0.9925	1	1	1	1	1	0	0	1	0	0	1	0	0	5727646.0	0.0	0.0	0.0	0.0	0.0	
sp|Q12504|RKM4_YEAST	Q12504	RKM4_YEAST	RKM4	494	Saccharomyces cerevisiae (strain ATCC 204508 / S288c)	1:Experimental evidence at protein level	Ribosomal lysine N-methyltransferase 4	0.7498	0.9899	1	1	1	1	0	1	0	0	1	0	0	1	0	832801.9	602110.2	0.0	832801.9	602110.2	0.0	
sp|Q12513|TMA17_YEAST	Q12513	TMA17_YEAST	TMA17	150	Saccharomyces cerevisiae (strain ATCC 204508 / S288c)	1:Experimental evidence at protein level	Translation machinery-associated protein 17	1.0	0.999	5	17	17	17	6	5	6	6	5	6	6	5	6	7.2733904E7	5.3667688E7	6.3944992E7	3.0605688E7	2.1828744E7	2.8859768E7	
sp|Q12514|NOT5_YEAST	Q12514	NOT5_YEAST	NOT5	560	Saccharomyces cerevisiae (strain ATCC 204508 / S288c)	1:Experimental evidence at protein level	General negative regulator of transcription subunit 5	1.0	0.999	4	10	10	10	4	4	2	4	4	2	4	4	2	1.000192E7	3.537064E7	8017405.0	6903147.0	9116429.0	1.1257717E7	
sp|Q12515|PAR32_YEAST	Q12515	PAR32_YEAST	PAR32	295	Saccharomyces cerevisiae (strain ATCC 204508 / S288c)	1:Experimental evidence at protein level	Protein PAR32	1.0	0.999	5	21	21	21	8	7	6	8	7	6	8	7	6	5.6683684E7	4.9773252E7	5.5303452E7	1.6776352E7	1.503924E7	1.5398804E7	
sp|Q12522|IF6_YEAST	Q12522	IF6_YEAST	TIF6	245	Saccharomyces cerevisiae (strain ATCC 204508 / S288c)	1:Experimental evidence at protein level	Eukaryotic translation initiation factor 6	0.9995	0.999	2	7	7	7	2	3	2	2	3	2	2	3	2	4.7587344E7	4.9572136E7	4.0519512E7	3.1771262E7	3.2941412E7	2.4187768E7	
sp|Q12532|RQC2_YEAST	Q12532	RQC2_YEAST	RQC2	1038	Saccharomyces cerevisiae (strain ATCC 204508 / S288c)	1:Experimental evidence at protein level	Ribosome quality control complex subunit 2	0.9999	0.9988	3	4	4	4	3	0	1	3	0	1	3	0	1	1.20129E7	8378235.5	9854720.0	5754407.0	4056580.8	4624451.0	
sp|Q12672|RL21B_YEAST	Q12672	RL21B_YEAST	RPL21B	160	Saccharomyces cerevisiae (strain ATCC 204508 / S288c)	1:Experimental evidence at protein level	60S ribosomal protein L21-B	1.0	0.999	8	105	13	105	32	34	39	4	4	5	32	34	39	7.7172742E8	9.2823194E8	9.0733018E8	2.81004384E8	2.6283168E8	2.56907008E8	
sp|Q12676|FOLD_YEAST	Q12676	FOLD_YEAST	FOL3	427	Saccharomyces cerevisiae (strain ATCC 204508 / S288c)	1:Experimental evidence at protein level	Dihydrofolate synthetase	0.9943	0.9989	1	1	1	1	1	0	0	1	0	0	1	0	0	2170284.2	2370958.5	2720025.5	2170284.2	2370958.5	2720025.5	
sp|Q12680|GLT1_YEAST	Q12680	GLT1_YEAST	GLT1	2145	Saccharomyces cerevisiae (strain ATCC 204508 / S288c)	1:Experimental evidence at protein level	Glutamate synthase [NADH]	1.0	0.999	27	64	63	64	29	16	19	29	16	18	29	16	19	1.6228704E8	1.686336E8	2.12918832E8	3.1878982E7	3.361584E7	3.6966164E7	
sp|Q12692|H2AZ_YEAST	Q12692	H2AZ_YEAST	HTZ1	134	Saccharomyces cerevisiae (strain ATCC 204508 / S288c)	1:Experimental evidence at protein level	Histone H2A.Z	1.0	0.9989	3	7	7	22	3	2	2	3	2	2	8	7	7	2.2994024E7	2.3855684E7	2.0386906E7	1.4050496E7	1.4264457E7	1.1864022E7	
sp|Q12746|PGA3_YEAST	Q12746	PGA3_YEAST	PGA3	312	Saccharomyces cerevisiae (strain ATCC 204508 / S288c)	1:Experimental evidence at protein level	Plasma membrane-associated coenzyme Q6 reductase PGA3	1.0	0.999	8	23	23	23	8	7	8	8	7	8	8	7	8	8.0664288E7	6.3570364E7	7.5618944E7	1.4619315E7	1.1058025E7	1.3101419E7	
sp|Q12754|RRP12_YEAST	Q12754	RRP12_YEAST	RRP12	1228	Saccharomyces cerevisiae (strain ATCC 204508 / S288c)	1:Experimental evidence at protein level	Ribosomal RNA-processing protein 12	0.9621	0.9988	1	2	2	2	1	1	0	1	1	0	1	1	0	1192163.1	1586623.4	0.0	1192163.1	1586623.4	0.0	
sp|Q3E754|RS21B_YEAST	Q3E754	RS21B_YEAST	RPS21B	87	Saccharomyces cerevisiae (strain ATCC 204508 / S288c)	1:Experimental evidence at protein level	40S ribosomal protein S21-B	1.0	0.999	7	131	4	131	43	43	45	2	1	1	43	43	45	8.3983955E8	8.4953088E8	8.5731603E8	2.92051968E8	3.02662496E8	3.01463648E8	
sp|Q3E764|TMA7_YEAST	Q3E764	TMA7_YEAST	TMA7	64	Saccharomyces cerevisiae (strain ATCC 204508 / S288c)	1:Experimental evidence at protein level	Translation machinery-associated protein 7	1.0	0.999	2	11	11	11	4	3	4	4	3	4	4	3	4	5.138308E7	5.4220852E7	5.453902E7	4.4413672E7	4.2318E7	3.920302E7	
sp|Q3E772|LSO2_YEAST	Q3E772	LSO2_YEAST	LSO2	92	Saccharomyces cerevisiae (strain ATCC 204508 / S288c)	1:Experimental evidence at protein level	Protein LSO2	0.9682	0.999	1	3	3	3	1	1	1	1	1	1	1	1	1	1.6939334E7	1.365136E7	1.2749068E7	1.6939334E7	1.365136E7	1.2749068E7	
sp|Q3E790|TSC3_YEAST	Q3E790	TSC3_YEAST	TSC3	80	Saccharomyces cerevisiae (strain ATCC 204508 / S288c)	1:Experimental evidence at protein level	Serine palmitoyltransferase-regulating protein TSC3	0.8332	0.9939	1	1	1	1	0	0	1	0	0	1	0	0	1	0.0	0.0	3909466.2	0.0	0.0	0.0	
sp|Q3E795|YL361_YEAST	Q3E795	YL361_YEAST	YLR361C-A	98	Saccharomyces cerevisiae (strain ATCC 204508 / S288c)	1:Experimental evidence at protein level	Uncharacterized protein YLR361C-A	1.0	0.999	2	8	8	8	3	2	3	3	2	3	3	2	3	9601579.0	1.0169544E7	9689993.0	5617173.0	5823271.0	5514688.0	
sp|Q3E7B6|VA0E_YEAST	Q3E7B6	VA0E_YEAST	VMA9	73	Saccharomyces cerevisiae (strain ATCC 204508 / S288c)	1:Experimental evidence at protein level	V-type proton ATPase subunit e	0.9656	0.9989	1	3	3	3	1	1	1	1	1	1	1	1	1	2.5821238E7	2.0120396E7	2.2525314E7	2.5821238E7	2.0120396E7	2.2525314E7	
sp|Q3E7Z5|YI002_YEAST	Q3E7Z5	YI002_YEAST	YIL002W-A	69	Saccharomyces cerevisiae (strain ATCC 204508 / S288c)	1:Experimental evidence at protein level	Uncharacterized protein YIL002W-A	0.9681	0.999	1	1	1	1	0	1	0	0	1	0	0	1	0	2669903.5	4622975.5	4839000.5	2669903.5	4622975.5	4839000.5	
sp|Q3E830|EGO2_YEAST	Q3E830	EGO2_YEAST	EGO2	75	Saccharomyces cerevisiae (strain ATCC 204508 / S288c)	1:Experimental evidence at protein level	Protein EGO2	0.9678	0.999	1	3	3	3	1	1	1	1	1	1	1	1	1	6834017.0	5540797.0	5340418.5	6834017.0	5540797.0	5340418.5	
sp|Q3E833|PCC1_YEAST	Q3E833	PCC1_YEAST	PCC1	88	Saccharomyces cerevisiae (strain ATCC 204508 / S288c)	1:Experimental evidence at protein level	EKC/KEOPS complex subunit PCC1	0.998	0.999	2	4	4	4	2	1	1	2	1	1	2	1	1	3452971.8	5806734.0	6501536.5	3452971.8	5806734.0	6501536.5	
sp|Q3E841|YN034_YEAST	Q3E841	YN034_YEAST	YNR034W-A	98	Saccharomyces cerevisiae (strain ATCC 204508 / S288c)	1:Experimental evidence at protein level	Uncharacterized protein YNR034W-A	1.0	0.999	3	30	30	30	8	10	12	8	10	12	8	10	12	3.8694712E7	5.0051672E7	4.4443384E7	2.0958086E7	2.5147652E7	2.494735E7	
sp|Q6Q547|NOP10_YEAST	Q6Q547	NOP10_YEAST	NOP10	58	Saccharomyces cerevisiae (strain ATCC 204508 / S288c)	1:Experimental evidence at protein level	H/ACA ribonucleoprotein complex subunit NOP10	0.9474	0.9983	1	4	4	4	1	2	1	1	2	1	1	2	1	2.1447262E7	8619743.0	1.0215989E7	1.1203826E7	5777772.0	6797846.5	
sp|Q6Q560|ISD11_YEAST	Q6Q560	ISD11_YEAST	ISD11	94	Saccharomyces cerevisiae (strain ATCC 204508 / S288c)	1:Experimental evidence at protein level	Protein ISD11	1.0	0.999	3	5	5	5	2	2	1	2	2	1	2	2	1	1.6465533E7	1.2988178E7	1.496187E7	9437153.0	7480586.5	8561751.0	
sp|Q86ZR7|YKD3A_YEAST	Q86ZR7	YKD3A_YEAST	YKL033W-A	236	Saccharomyces cerevisiae (strain ATCC 204508 / S288c)	1:Experimental evidence at protein level	Probable pseudouridine-5'-phosphatase YKL033W-A	1.0	0.9989	6	22	22	22	8	6	8	8	6	8	8	6	8	3.126373E7	3.3861272E7	3.4481932E7	1.2886218E7	1.2764555E7	1.3266643E7	
sp|Q92316|OST5_YEAST	Q92316	OST5_YEAST	OST5	86	Saccharomyces cerevisiae (strain ATCC 204508 / S288c)	1:Experimental evidence at protein level	Dolichyl-diphosphooligosaccharide--protein glycosyltransferase subunit OST5	0.7673	0.9908	1	2	2	2	1	1	0	1	1	0	1	1	0	9006349.0	6386714.5	6088474.5	9006349.0	6386714.5	6088474.5	
sp|Q92317|NCB2_YEAST	Q92317	NCB2_YEAST	NCB2	146	Saccharomyces cerevisiae (strain ATCC 204508 / S288c)	1:Experimental evidence at protein level	Negative cofactor 2 complex subunit beta	0.9546	0.9985	1	1	1	1	1	0	0	1	0	0	1	0	0	5049852.0	4576313.5	4438826.0	5049852.0	4576313.5	4438826.0	
sp|Q92331|VPS5_YEAST	Q92331	VPS5_YEAST	VPS5	675	Saccharomyces cerevisiae (strain ATCC 204508 / S288c)	1:Experimental evidence at protein level	Vacuolar protein sorting-associated protein 5	0.9926	0.9974	2	2	2	2	1	1	0	1	1	0	1	1	0	2049780.9	1977332.8	1448727.0	2049780.9	1977332.8	1448727.0	
sp|Q96VH4|HBN1_YEAST	Q96VH4	HBN1_YEAST	HBN1	193	Saccharomyces cerevisiae (strain ATCC 204508 / S288c)	1:Experimental evidence at protein level	Putative nitroreductase HBN1	0.9163	0.9972	1	2	2	2	0	1	1	0	1	1	0	1	1	4941386.5	4979460.0	5347435.0	4941386.5	4979460.0	5347435.0	
sp|Q96VH5|MIC10_YEAST	Q96VH5	MIC10_YEAST	MIC10	97	Saccharomyces cerevisiae (strain ATCC 204508 / S288c)	1:Experimental evidence at protein level	MICOS complex subunit MIC10	1.0	0.9989	2	2	2	2	2	0	0	2	0	0	2	0	0	8242803.5	5673478.5	6725434.0	5201421.0	3982871.0	4706239.0	
sp|Q99186|AP2M_YEAST	Q99186	AP2M_YEAST	APM4	491	Saccharomyces cerevisiae (strain ATCC 204508 / S288c)	1:Experimental evidence at protein level	AP-2 complex subunit mu	0.9922	0.9917	2	3	3	3	2	1	0	2	1	0	2	1	0	0.0	0.0	0.0	0.0	0.0	0.0	
sp|Q99190|TECR_YEAST	Q99190	TECR_YEAST	TSC13	310	Saccharomyces cerevisiae (strain ATCC 204508 / S288c)	1:Experimental evidence at protein level	Very-long-chain enoyl-CoA reductase	1.0	0.999	3	14	14	14	5	4	5	5	4	5	5	4	5	3.620268E7	3.692592E7	3.4029836E7	2.0598962E7	1.8383154E7	1.7727232E7	
sp|Q99247|DUF1_YEAST	Q99247	DUF1_YEAST	DUF1	1116	Saccharomyces cerevisiae (strain ATCC 204508 / S288c)	1:Experimental evidence at protein level	DUB-associated factor 1	0.9682	0.999	1	3	3	3	1	1	1	1	1	1	1	1	1	1545995.1	2440114.0	2614052.0	1545995.1	2440114.0	2614052.0	
sp|Q99252|ECM3_YEAST	Q99252	ECM3_YEAST	ECM3	613	Saccharomyces cerevisiae (strain ATCC 204508 / S288c)	1:Experimental evidence at protein level	Protein ECM3	0.9474	0.9983	1	1	1	1	1	0	0	1	0	0	1	0	0	972105.6	452053.94	46368.69	972105.6	452053.94	46368.69	
sp|Q99257|MEX67_YEAST	Q99257	MEX67_YEAST	MEX67	599	Saccharomyces cerevisiae (strain ATCC 204508 / S288c)	1:Experimental evidence at protein level	mRNA export factor MEX67	0.9987	0.9972	2	3	3	3	2	1	0	2	1	0	2	1	0	4346314.0	2116930.0	1662094.4	1823559.5	2669804.0	2096179.9	
sp|Q99258|RIB3_YEAST	Q99258	RIB3_YEAST	RIB3	208	Saccharomyces cerevisiae (strain ATCC 204508 / S288c)	1:Experimental evidence at protein level	3,4-dihydroxy-2-butanone 4-phosphate synthase	1.0	0.999	10	51	51	51	17	17	17	17	17	17	17	17	17	1.27152008E8	1.31572928E8	1.6197048E8	2.7397284E7	2.694925E7	2.4578032E7	
sp|Q99287|SEY1_YEAST	Q99287	SEY1_YEAST	SEY1	776	Saccharomyces cerevisiae (strain ATCC 204508 / S288c)	1:Experimental evidence at protein level	Protein SEY1	1.0	0.999	2	2	2	2	1	0	1	1	0	1	1	0	1	3431474.2	6681599.0	6111106.0	3431474.2	6681599.0	6111106.0	
sp|Q99288|DET1_YEAST	Q99288	DET1_YEAST	DET1	334	Saccharomyces cerevisiae (strain ATCC 204508 / S288c)	1:Experimental evidence at protein level	Broad-range acid phosphatase DET1	0.997	0.999	2	4	4	4	1	2	1	1	2	1	1	2	1	2928471.0	7953470.0	6247862.5	3112720.8	4139048.0	3487598.0	
sp|Q99316|MPD2_YEAST	Q99316	MPD2_YEAST	MPD2	277	Saccharomyces cerevisiae (strain ATCC 204508 / S288c)	1:Experimental evidence at protein level	Protein disulfide isomerase MPD2	0.4643	0.966	1	1	1	1	1	0	0	1	0	0	1	0	0	4144538.8	4419957.5	5091497.5	4144538.8	4419957.5	5091497.5	
sp|Q99321|DDP1_YEAST	Q99321	DDP1_YEAST	DDP1	188	Saccharomyces cerevisiae (strain ATCC 204508 / S288c)	1:Experimental evidence at protein level	Diphosphoinositol polyphosphate phosphohydrolase DDP1	1.0	0.999	5	8	8	8	4	2	2	4	2	2	4	2	2	4.4480164E7	4.003692E7	4.279598E7	1.2864123E7	1.1392295E7	1.1903058E7	
sp|Q99383|HRP1_YEAST	Q99383	HRP1_YEAST	HRP1	534	Saccharomyces cerevisiae (strain ATCC 204508 / S288c)	1:Experimental evidence at protein level	Nuclear polyadenylated RNA-binding protein 4	1.0	0.999	7	17	17	17	8	4	5	8	4	5	8	4	5	4.5645984E7	5.4976672E7	5.3539376E7	1.6131203E7	2.177163E7	2.2352126E7	
sp|Q9P305|IGO2_YEAST	Q9P305	IGO2_YEAST	IGO2	131	Saccharomyces cerevisiae (strain ATCC 204508 / S288c)	1:Experimental evidence at protein level	mRNA stability protein IGO2	1.0	0.999	3	5	5	5	2	1	2	2	1	2	2	1	2	1.3599009E7	1.0812937E7	1.0653978E7	6985381.5	6137565.0	5795612.5	
